solid OpenSCAD_Model
  facet normal 0.997858 0 -0.0654172
    outer loop
      vertex 31 23.7 -23
      vertex 30.9401 25.5 -23.9137
      vertex 31 25.5 -23
    endloop
  endfacet
  facet normal 0.997858 0 -0.0654172
    outer loop
      vertex 30.9401 25.5 -23.9137
      vertex 31 23.7 -23
      vertex 30.9401 23.7 -23.9137
    endloop
  endfacet
  facet normal 0.98079 0 -0.195066
    outer loop
      vertex 30.9401 23.7 -23.9137
      vertex 30.7615 25.5 -24.8117
      vertex 30.9401 25.5 -23.9137
    endloop
  endfacet
  facet normal 0.98079 0 -0.195066
    outer loop
      vertex 30.7615 25.5 -24.8117
      vertex 30.9401 23.7 -23.9137
      vertex 30.7615 23.7 -24.8117
    endloop
  endfacet
  facet normal 0.659352 0 0.751835
    outer loop
      vertex 28.2613 25.5 -7.44653
      vertex 28.9497 23.7 -8.05025
      vertex 28.9497 25.5 -8.05025
    endloop
  endfacet
  facet normal 0.659352 0 0.751835
    outer loop
      vertex 28.9497 23.7 -8.05025
      vertex 28.2613 25.5 -7.44653
      vertex 28.2613 23.7 -7.44653
    endloop
  endfacet
  facet normal 1 -0 0
    outer loop
      vertex 31 23.7 -13
      vertex 31 25.5 -23
      vertex 31 25.5 -13
    endloop
  endfacet
  facet normal 1 0 0
    outer loop
      vertex 31 25.5 -23
      vertex 31 23.7 -13
      vertex 31 23.7 -23
    endloop
  endfacet
  facet normal -0.555582 0 -0.831462
    outer loop
      vertex 19.7387 23.7 -28.5535
      vertex 20.5 25.5 -29.0622
      vertex 20.5 23.7 -29.0622
    endloop
  endfacet
  facet normal -0.555582 0 -0.831462
    outer loop
      vertex 20.5 25.5 -29.0622
      vertex 19.7387 23.7 -28.5535
      vertex 19.7387 25.5 -28.5535
    endloop
  endfacet
  facet normal 0.442314 0 -0.89686
    outer loop
      vertex 26.6788 23.7 -29.4672
      vertex 27.5 25.5 -29.0622
      vertex 27.5 23.7 -29.0622
    endloop
  endfacet
  facet normal 0.442314 0 -0.89686
    outer loop
      vertex 27.5 25.5 -29.0622
      vertex 26.6788 23.7 -29.4672
      vertex 26.6788 25.5 -29.4672
    endloop
  endfacet
  facet normal -0.98079 0 -0.195066
    outer loop
      vertex 17.2385 23.7 -24.8117
      vertex 17.0599 25.5 -23.9137
      vertex 17.2385 25.5 -24.8117
    endloop
  endfacet
  facet normal -0.98079 -0 -0.195066
    outer loop
      vertex 17.0599 25.5 -23.9137
      vertex 17.2385 23.7 -24.8117
      vertex 17.0599 23.7 -23.9137
    endloop
  endfacet
  facet normal -0.997858 0 -0.0654172
    outer loop
      vertex 17.0599 23.7 -23.9137
      vertex 17 25.5 -23
      vertex 17.0599 25.5 -23.9137
    endloop
  endfacet
  facet normal -0.997858 -0 -0.0654172
    outer loop
      vertex 17 25.5 -23
      vertex 17.0599 23.7 -23.9137
      vertex 17 23.7 -23
    endloop
  endfacet
  facet normal -0.831462 0 -0.555582
    outer loop
      vertex 18.4465 23.7 -27.2613
      vertex 17.9378 25.5 -26.5
      vertex 18.4465 25.5 -27.2613
    endloop
  endfacet
  facet normal -0.831462 -0 -0.555582
    outer loop
      vertex 17.9378 25.5 -26.5
      vertex 18.4465 23.7 -27.2613
      vertex 17.9378 23.7 -26.5
    endloop
  endfacet
  facet normal -0.321419 0 0.946937
    outer loop
      vertex 21.3212 25.5 -6.53284
      vertex 22.1883 23.7 -6.23852
      vertex 22.1883 25.5 -6.23852
    endloop
  endfacet
  facet normal -0.321419 0 0.946937
    outer loop
      vertex 22.1883 23.7 -6.23852
      vertex 21.3212 25.5 -6.53284
      vertex 21.3212 23.7 -6.53284
    endloop
  endfacet
  facet normal 0.195097 0 0.980784
    outer loop
      vertex 24.9137 25.5 -6.05989
      vertex 25.8117 23.7 -6.23852
      vertex 25.8117 25.5 -6.23852
    endloop
  endfacet
  facet normal 0.195097 0 0.980784
    outer loop
      vertex 25.8117 23.7 -6.23852
      vertex 24.9137 25.5 -6.05989
      vertex 24.9137 23.7 -6.05989
    endloop
  endfacet
  facet normal 0.89686 -0 0.442314
    outer loop
      vertex 30.0622 23.7 -9.5
      vertex 30.4672 25.5 -10.3212
      vertex 30.0622 25.5 -9.5
    endloop
  endfacet
  facet normal 0.89686 0 0.442314
    outer loop
      vertex 30.4672 25.5 -10.3212
      vertex 30.0622 23.7 -9.5
      vertex 30.4672 23.7 -10.3212
    endloop
  endfacet
  facet normal 0.997858 -0 0.0654172
    outer loop
      vertex 30.9401 23.7 -12.0863
      vertex 31 25.5 -13
      vertex 30.9401 25.5 -12.0863
    endloop
  endfacet
  facet normal 0.997858 0 0.0654172
    outer loop
      vertex 31 25.5 -13
      vertex 30.9401 23.7 -12.0863
      vertex 31 23.7 -13
    endloop
  endfacet
  facet normal 0.946944 -0 0.3214
    outer loop
      vertex 30.4672 23.7 -10.3212
      vertex 30.7615 25.5 -11.1883
      vertex 30.4672 25.5 -10.3212
    endloop
  endfacet
  facet normal 0.946944 0 0.3214
    outer loop
      vertex 30.7615 25.5 -11.1883
      vertex 30.4672 23.7 -10.3212
      vertex 30.7615 23.7 -11.1883
    endloop
  endfacet
  facet normal 0.89686 0 -0.442314
    outer loop
      vertex 30.4672 23.7 -25.6788
      vertex 30.0622 25.5 -26.5
      vertex 30.4672 25.5 -25.6788
    endloop
  endfacet
  facet normal 0.89686 0 -0.442314
    outer loop
      vertex 30.0622 25.5 -26.5
      vertex 30.4672 23.7 -25.6788
      vertex 30.0622 23.7 -26.5
    endloop
  endfacet
  facet normal -0.0654172 0 -0.997858
    outer loop
      vertex 23.0863 23.7 -29.9401
      vertex 24 25.5 -30
      vertex 24 23.7 -30
    endloop
  endfacet
  facet normal -0.0654172 0 -0.997858
    outer loop
      vertex 24 25.5 -30
      vertex 23.0863 23.7 -29.9401
      vertex 23.0863 25.5 -29.9401
    endloop
  endfacet
  facet normal 0 -1 0
    outer loop
      vertex 24 23.7 -10.8
      vertex 24 23.7 -6
      vertex 23.0863 23.7 -6.05989
    endloop
  endfacet
  facet normal 0 -1 0
    outer loop
      vertex 23.7128 23.7 -10.8188
      vertex 23.0863 23.7 -6.05989
      vertex 22.1883 23.7 -6.23852
    endloop
  endfacet
  facet normal 0 -1 0
    outer loop
      vertex 24 23.7 -6
      vertex 24 23.7 -10.8
      vertex 24.9137 23.7 -6.05989
    endloop
  endfacet
  facet normal 0 -1 0
    outer loop
      vertex 23.4306 23.7 -10.875
      vertex 22.1883 23.7 -6.23852
      vertex 21.3212 23.7 -6.53284
    endloop
  endfacet
  facet normal 0 -1 0
    outer loop
      vertex 24.2872 23.7 -10.8188
      vertex 24.9137 23.7 -6.05989
      vertex 24 23.7 -10.8
    endloop
  endfacet
  facet normal 0 -1 0
    outer loop
      vertex 23.1581 23.7 -10.9675
      vertex 21.3212 23.7 -6.53284
      vertex 20.5 23.7 -6.93782
    endloop
  endfacet
  facet normal 0 -1 -0
    outer loop
      vertex 24.9137 23.7 -6.05989
      vertex 24.2872 23.7 -10.8188
      vertex 25.8117 23.7 -6.23852
    endloop
  endfacet
  facet normal 0 -1 0
    outer loop
      vertex 22.9 23.7 -11.0947
      vertex 20.5 23.7 -6.93782
      vertex 19.7387 23.7 -7.44653
    endloop
  endfacet
  facet normal 0 -1 0
    outer loop
      vertex 24.5694 23.7 -10.875
      vertex 25.8117 23.7 -6.23852
      vertex 24.2872 23.7 -10.8188
    endloop
  endfacet
  facet normal 0 -1 0
    outer loop
      vertex 22.6607 23.7 -11.2546
      vertex 19.7387 23.7 -7.44653
      vertex 19.0503 23.7 -8.05025
    endloop
  endfacet
  facet normal 0 -1 -0
    outer loop
      vertex 25.8117 23.7 -6.23852
      vertex 24.5694 23.7 -10.875
      vertex 26.6788 23.7 -6.53284
    endloop
  endfacet
  facet normal 0 -1 0
    outer loop
      vertex 22.4444 23.7 -11.4444
      vertex 19.0503 23.7 -8.05025
      vertex 18.4465 23.7 -8.73867
    endloop
  endfacet
  facet normal 0 -1 0
    outer loop
      vertex 24.8419 23.7 -10.9675
      vertex 26.6788 23.7 -6.53284
      vertex 24.5694 23.7 -10.875
    endloop
  endfacet
  facet normal 0 -1 0
    outer loop
      vertex 22.2546 23.7 -11.6607
      vertex 18.4465 23.7 -8.73867
      vertex 17.9378 23.7 -9.5
    endloop
  endfacet
  facet normal 0 -1 -0
    outer loop
      vertex 26.6788 23.7 -6.53284
      vertex 24.8419 23.7 -10.9675
      vertex 27.5 23.7 -6.93782
    endloop
  endfacet
  facet normal 0 -1 0
    outer loop
      vertex 22.0947 23.7 -11.9
      vertex 17.9378 23.7 -9.5
      vertex 17.5328 23.7 -10.3212
    endloop
  endfacet
  facet normal 0 -1 0
    outer loop
      vertex 25.1 23.7 -11.0947
      vertex 27.5 23.7 -6.93782
      vertex 24.8419 23.7 -10.9675
    endloop
  endfacet
  facet normal 0 -1 -0
    outer loop
      vertex 27.5 23.7 -6.93782
      vertex 25.1 23.7 -11.0947
      vertex 28.2613 23.7 -7.44653
    endloop
  endfacet
  facet normal 0 -1 0
    outer loop
      vertex 23.0863 23.7 -6.05989
      vertex 23.7128 23.7 -10.8188
      vertex 24 23.7 -10.8
    endloop
  endfacet
  facet normal 0 -1 0
    outer loop
      vertex 22.1883 23.7 -6.23852
      vertex 23.4306 23.7 -10.875
      vertex 23.7128 23.7 -10.8188
    endloop
  endfacet
  facet normal 0 -1 0
    outer loop
      vertex 21.3212 23.7 -6.53284
      vertex 23.1581 23.7 -10.9675
      vertex 23.4306 23.7 -10.875
    endloop
  endfacet
  facet normal 0 -1 0
    outer loop
      vertex 20.5 23.7 -6.93782
      vertex 22.9 23.7 -11.0947
      vertex 23.1581 23.7 -10.9675
    endloop
  endfacet
  facet normal 0 -1 0
    outer loop
      vertex 21.9675 23.7 -12.1581
      vertex 17.5328 23.7 -10.3212
      vertex 17.2385 23.7 -11.1883
    endloop
  endfacet
  facet normal 0 -1 0
    outer loop
      vertex 19.7387 23.7 -7.44653
      vertex 22.6607 23.7 -11.2546
      vertex 22.9 23.7 -11.0947
    endloop
  endfacet
  facet normal 0 -1 0
    outer loop
      vertex 19.0503 23.7 -8.05025
      vertex 22.4444 23.7 -11.4444
      vertex 22.6607 23.7 -11.2546
    endloop
  endfacet
  facet normal 0 -1 0
    outer loop
      vertex 18.4465 23.7 -8.73867
      vertex 22.2546 23.7 -11.6607
      vertex 22.4444 23.7 -11.4444
    endloop
  endfacet
  facet normal 0 -1 0
    outer loop
      vertex 17.9378 23.7 -9.5
      vertex 22.0947 23.7 -11.9
      vertex 22.2546 23.7 -11.6607
    endloop
  endfacet
  facet normal 0 -1 0
    outer loop
      vertex 21.875 23.7 -12.4306
      vertex 17.2385 23.7 -11.1883
      vertex 17.0599 23.7 -12.0863
    endloop
  endfacet
  facet normal 0 -1 0
    outer loop
      vertex 17.5328 23.7 -10.3212
      vertex 21.9675 23.7 -12.1581
      vertex 22.0947 23.7 -11.9
    endloop
  endfacet
  facet normal 0 -1 0
    outer loop
      vertex 17.2385 23.7 -11.1883
      vertex 21.875 23.7 -12.4306
      vertex 21.9675 23.7 -12.1581
    endloop
  endfacet
  facet normal 0 -1 0
    outer loop
      vertex 17.0599 23.7 -12.0863
      vertex 21.8188 23.7 -12.7128
      vertex 21.875 23.7 -12.4306
    endloop
  endfacet
  facet normal 0 -1 0
    outer loop
      vertex 17 23.7 -13
      vertex 21.8188 23.7 -12.7128
      vertex 17.0599 23.7 -12.0863
    endloop
  endfacet
  facet normal 0 -1 0
    outer loop
      vertex 17 23.7 -13
      vertex 21.8 23.7 -13
      vertex 21.8188 23.7 -12.7128
    endloop
  endfacet
  facet normal 0 -1 0
    outer loop
      vertex 17 23.7 -13
      vertex 21.8 23.7 -19.3095
      vertex 21.8 23.7 -13
    endloop
  endfacet
  facet normal 0 -1 0
    outer loop
      vertex 17 23.7 -13
      vertex 21.3823 23.7 -19.5886
      vertex 21.8 23.7 -19.3095
    endloop
  endfacet
  facet normal 0 -1 0
    outer loop
      vertex 17 23.7 -13
      vertex 20.9594 23.7 -19.9594
      vertex 21.3823 23.7 -19.5886
    endloop
  endfacet
  facet normal 0 -1 0
    outer loop
      vertex 17 23.7 -13
      vertex 20.5886 23.7 -20.3823
      vertex 20.9594 23.7 -19.9594
    endloop
  endfacet
  facet normal 0 -1 0
    outer loop
      vertex 17 23.7 -13
      vertex 20.2761 23.7 -20.85
      vertex 20.5886 23.7 -20.3823
    endloop
  endfacet
  facet normal 0 -1 0
    outer loop
      vertex 17 23.7 -23
      vertex 20.2761 23.7 -20.85
      vertex 17 23.7 -13
    endloop
  endfacet
  facet normal 0 -1 0
    outer loop
      vertex 20.2761 23.7 -20.85
      vertex 17 23.7 -23
      vertex 20.0273 23.7 -21.3545
    endloop
  endfacet
  facet normal 0 -1 0
    outer loop
      vertex 20.0273 23.7 -21.3545
      vertex 17 23.7 -23
      vertex 19.8465 23.7 -21.8871
    endloop
  endfacet
  facet normal 0 -1 0
    outer loop
      vertex 19.8465 23.7 -21.8871
      vertex 17 23.7 -23
      vertex 19.7368 23.7 -22.4387
    endloop
  endfacet
  facet normal 0 -1 0
    outer loop
      vertex 17 23.7 -23
      vertex 19.7 23.7 -23
      vertex 19.7368 23.7 -22.4387
    endloop
  endfacet
  facet normal 0 -1 0
    outer loop
      vertex 17 23.7 -23
      vertex 19.7368 23.7 -23.5613
      vertex 19.7 23.7 -23
    endloop
  endfacet
  facet normal 0 -1 0
    outer loop
      vertex 17.0599 23.7 -23.9137
      vertex 19.7368 23.7 -23.5613
      vertex 17 23.7 -23
    endloop
  endfacet
  facet normal 0 -1 0
    outer loop
      vertex 17.0599 23.7 -23.9137
      vertex 19.8465 23.7 -24.1129
      vertex 19.7368 23.7 -23.5613
    endloop
  endfacet
  facet normal 0 -1 0
    outer loop
      vertex 17.2385 23.7 -24.8117
      vertex 19.8465 23.7 -24.1129
      vertex 17.0599 23.7 -23.9137
    endloop
  endfacet
  facet normal 0 -1 -0
    outer loop
      vertex 19.8465 23.7 -24.1129
      vertex 17.2385 23.7 -24.8117
      vertex 20.0273 23.7 -24.6455
    endloop
  endfacet
  facet normal 0 -1 0
    outer loop
      vertex 17.5328 23.7 -25.6788
      vertex 20.0273 23.7 -24.6455
      vertex 17.2385 23.7 -24.8117
    endloop
  endfacet
  facet normal 0 -1 -0
    outer loop
      vertex 20.0273 23.7 -24.6455
      vertex 17.5328 23.7 -25.6788
      vertex 20.2761 23.7 -25.15
    endloop
  endfacet
  facet normal 0 -1 0
    outer loop
      vertex 17.9378 23.7 -26.5
      vertex 20.2761 23.7 -25.15
      vertex 17.5328 23.7 -25.6788
    endloop
  endfacet
  facet normal 0 -1 -0
    outer loop
      vertex 20.2761 23.7 -25.15
      vertex 17.9378 23.7 -26.5
      vertex 20.5886 23.7 -25.6177
    endloop
  endfacet
  facet normal 0 -1 0
    outer loop
      vertex 18.4465 23.7 -27.2613
      vertex 20.5886 23.7 -25.6177
      vertex 17.9378 23.7 -26.5
    endloop
  endfacet
  facet normal 0 -1 -0
    outer loop
      vertex 20.5886 23.7 -25.6177
      vertex 18.4465 23.7 -27.2613
      vertex 20.9594 23.7 -26.0406
    endloop
  endfacet
  facet normal 0 -1 0
    outer loop
      vertex 19.0503 23.7 -27.9497
      vertex 20.9594 23.7 -26.0406
      vertex 18.4465 23.7 -27.2613
    endloop
  endfacet
  facet normal 0 -1 -0
    outer loop
      vertex 20.9594 23.7 -26.0406
      vertex 19.0503 23.7 -27.9497
      vertex 21.3823 23.7 -26.4114
    endloop
  endfacet
  facet normal 0 -1 0
    outer loop
      vertex 19.7387 23.7 -28.5535
      vertex 21.3823 23.7 -26.4114
      vertex 19.0503 23.7 -27.9497
    endloop
  endfacet
  facet normal 0 -1 -0
    outer loop
      vertex 21.3823 23.7 -26.4114
      vertex 19.7387 23.7 -28.5535
      vertex 21.85 23.7 -26.7239
    endloop
  endfacet
  facet normal 0 -1 0
    outer loop
      vertex 20.5 23.7 -29.0622
      vertex 21.85 23.7 -26.7239
      vertex 19.7387 23.7 -28.5535
    endloop
  endfacet
  facet normal 0 -1 -0
    outer loop
      vertex 21.85 23.7 -26.7239
      vertex 20.5 23.7 -29.0622
      vertex 22.3545 23.7 -26.9727
    endloop
  endfacet
  facet normal 0 -1 0
    outer loop
      vertex 21.3212 23.7 -29.4672
      vertex 22.3545 23.7 -26.9727
      vertex 20.5 23.7 -29.0622
    endloop
  endfacet
  facet normal 0 -1 0
    outer loop
      vertex 25.3393 23.7 -11.2546
      vertex 28.2613 23.7 -7.44653
      vertex 25.1 23.7 -11.0947
    endloop
  endfacet
  facet normal 0 -1 -0
    outer loop
      vertex 28.2613 23.7 -7.44653
      vertex 25.3393 23.7 -11.2546
      vertex 28.9497 23.7 -8.05025
    endloop
  endfacet
  facet normal 0 -1 0
    outer loop
      vertex 25.5556 23.7 -11.4444
      vertex 28.9497 23.7 -8.05025
      vertex 25.3393 23.7 -11.2546
    endloop
  endfacet
  facet normal 0 -1 -0
    outer loop
      vertex 28.9497 23.7 -8.05025
      vertex 25.5556 23.7 -11.4444
      vertex 29.5535 23.7 -8.73867
    endloop
  endfacet
  facet normal 0 -1 0
    outer loop
      vertex 25.7454 23.7 -11.6607
      vertex 29.5535 23.7 -8.73867
      vertex 25.5556 23.7 -11.4444
    endloop
  endfacet
  facet normal 0 -1 -0
    outer loop
      vertex 29.5535 23.7 -8.73867
      vertex 25.7454 23.7 -11.6607
      vertex 30.0622 23.7 -9.5
    endloop
  endfacet
  facet normal 0 -1 0
    outer loop
      vertex 25.9053 23.7 -11.9
      vertex 30.0622 23.7 -9.5
      vertex 25.7454 23.7 -11.6607
    endloop
  endfacet
  facet normal 0 -1 -0
    outer loop
      vertex 30.0622 23.7 -9.5
      vertex 25.9053 23.7 -11.9
      vertex 30.4672 23.7 -10.3212
    endloop
  endfacet
  facet normal 0 -1 0
    outer loop
      vertex 26.0325 23.7 -12.1581
      vertex 30.4672 23.7 -10.3212
      vertex 25.9053 23.7 -11.9
    endloop
  endfacet
  facet normal 0 -1 -0
    outer loop
      vertex 30.4672 23.7 -10.3212
      vertex 26.0325 23.7 -12.1581
      vertex 30.7615 23.7 -11.1883
    endloop
  endfacet
  facet normal 0 -1 0
    outer loop
      vertex 26.125 23.7 -12.4306
      vertex 30.7615 23.7 -11.1883
      vertex 26.0325 23.7 -12.1581
    endloop
  endfacet
  facet normal 0 -1 -0
    outer loop
      vertex 30.7615 23.7 -11.1883
      vertex 26.125 23.7 -12.4306
      vertex 30.9401 23.7 -12.0863
    endloop
  endfacet
  facet normal 0 -1 0
    outer loop
      vertex 26.1812 23.7 -12.7128
      vertex 30.9401 23.7 -12.0863
      vertex 26.125 23.7 -12.4306
    endloop
  endfacet
  facet normal 0 -1 0
    outer loop
      vertex 26.2 23.7 -13
      vertex 30.9401 23.7 -12.0863
      vertex 26.1812 23.7 -12.7128
    endloop
  endfacet
  facet normal 0 -1 0
    outer loop
      vertex 26.2 23.7 -13
      vertex 31 23.7 -13
      vertex 30.9401 23.7 -12.0863
    endloop
  endfacet
  facet normal 0 -1 0
    outer loop
      vertex 26.2 23.7 -19.3095
      vertex 31 23.7 -13
      vertex 26.2 23.7 -13
    endloop
  endfacet
  facet normal 0 -1 0
    outer loop
      vertex 26.6177 23.7 -19.5886
      vertex 31 23.7 -13
      vertex 26.2 23.7 -19.3095
    endloop
  endfacet
  facet normal 0 -1 0
    outer loop
      vertex 27.0406 23.7 -19.9594
      vertex 31 23.7 -13
      vertex 26.6177 23.7 -19.5886
    endloop
  endfacet
  facet normal 0 -1 0
    outer loop
      vertex 27.4114 23.7 -20.3823
      vertex 31 23.7 -13
      vertex 27.0406 23.7 -19.9594
    endloop
  endfacet
  facet normal 0 -1 0
    outer loop
      vertex 27.7239 23.7 -20.85
      vertex 31 23.7 -13
      vertex 27.4114 23.7 -20.3823
    endloop
  endfacet
  facet normal 0 -1 0
    outer loop
      vertex 31 23.7 -23
      vertex 27.7239 23.7 -20.85
      vertex 27.9727 23.7 -21.3545
    endloop
  endfacet
  facet normal 0 -1 0
    outer loop
      vertex 31 23.7 -23
      vertex 27.9727 23.7 -21.3545
      vertex 28.1535 23.7 -21.8871
    endloop
  endfacet
  facet normal 0 -1 0
    outer loop
      vertex 31 23.7 -23
      vertex 28.1535 23.7 -21.8871
      vertex 28.2632 23.7 -22.4387
    endloop
  endfacet
  facet normal 0 -1 0
    outer loop
      vertex 31 23.7 -23
      vertex 28.2632 23.7 -22.4387
      vertex 28.3 23.7 -23
    endloop
  endfacet
  facet normal 0 -1 0
    outer loop
      vertex 27.7239 23.7 -20.85
      vertex 31 23.7 -23
      vertex 31 23.7 -13
    endloop
  endfacet
  facet normal 0 -1 0
    outer loop
      vertex 28.2632 23.7 -23.5613
      vertex 31 23.7 -23
      vertex 28.3 23.7 -23
    endloop
  endfacet
  facet normal 0 -1 0
    outer loop
      vertex 28.2632 23.7 -23.5613
      vertex 30.9401 23.7 -23.9137
      vertex 31 23.7 -23
    endloop
  endfacet
  facet normal 0 -1 0
    outer loop
      vertex 28.1535 23.7 -24.1129
      vertex 30.9401 23.7 -23.9137
      vertex 28.2632 23.7 -23.5613
    endloop
  endfacet
  facet normal 0 -1 0
    outer loop
      vertex 30.7615 23.7 -24.8117
      vertex 28.1535 23.7 -24.1129
      vertex 27.9727 23.7 -24.6455
    endloop
  endfacet
  facet normal 0 -1 0
    outer loop
      vertex 28.1535 23.7 -24.1129
      vertex 30.7615 23.7 -24.8117
      vertex 30.9401 23.7 -23.9137
    endloop
  endfacet
  facet normal 0 -1 0
    outer loop
      vertex 30.4672 23.7 -25.6788
      vertex 27.9727 23.7 -24.6455
      vertex 27.7239 23.7 -25.15
    endloop
  endfacet
  facet normal 0 -1 0
    outer loop
      vertex 30.0622 23.7 -26.5
      vertex 27.7239 23.7 -25.15
      vertex 27.4114 23.7 -25.6177
    endloop
  endfacet
  facet normal 0 -1 0
    outer loop
      vertex 27.9727 23.7 -24.6455
      vertex 30.4672 23.7 -25.6788
      vertex 30.7615 23.7 -24.8117
    endloop
  endfacet
  facet normal 0 -1 0
    outer loop
      vertex 29.5535 23.7 -27.2613
      vertex 27.4114 23.7 -25.6177
      vertex 27.0406 23.7 -26.0406
    endloop
  endfacet
  facet normal 0 -1 0
    outer loop
      vertex 28.9497 23.7 -27.9497
      vertex 27.0406 23.7 -26.0406
      vertex 26.6177 23.7 -26.4114
    endloop
  endfacet
  facet normal 0 -1 0
    outer loop
      vertex 27.7239 23.7 -25.15
      vertex 30.0622 23.7 -26.5
      vertex 30.4672 23.7 -25.6788
    endloop
  endfacet
  facet normal 0 -1 0
    outer loop
      vertex 28.2613 23.7 -28.5535
      vertex 26.6177 23.7 -26.4114
      vertex 26.15 23.7 -26.7239
    endloop
  endfacet
  facet normal 0 -1 0
    outer loop
      vertex 27.5 23.7 -29.0622
      vertex 26.15 23.7 -26.7239
      vertex 25.6455 23.7 -26.9727
    endloop
  endfacet
  facet normal 0 -1 0
    outer loop
      vertex 26.6788 23.7 -29.4672
      vertex 25.6455 23.7 -26.9727
      vertex 25.1129 23.7 -27.1535
    endloop
  endfacet
  facet normal 0 -1 0
    outer loop
      vertex 27.4114 23.7 -25.6177
      vertex 29.5535 23.7 -27.2613
      vertex 30.0622 23.7 -26.5
    endloop
  endfacet
  facet normal 0 -1 0
    outer loop
      vertex 25.8117 23.7 -29.7615
      vertex 25.1129 23.7 -27.1535
      vertex 24.5613 23.7 -27.2632
    endloop
  endfacet
  facet normal 0 -1 0
    outer loop
      vertex 24.9137 23.7 -29.9401
      vertex 24.5613 23.7 -27.2632
      vertex 24 23.7 -27.3
    endloop
  endfacet
  facet normal 0 -1 -0
    outer loop
      vertex 22.3545 23.7 -26.9727
      vertex 21.3212 23.7 -29.4672
      vertex 22.8871 23.7 -27.1535
    endloop
  endfacet
  facet normal 0 -1 0
    outer loop
      vertex 27.0406 23.7 -26.0406
      vertex 28.9497 23.7 -27.9497
      vertex 29.5535 23.7 -27.2613
    endloop
  endfacet
  facet normal 0 -1 0
    outer loop
      vertex 22.1883 23.7 -29.7615
      vertex 22.8871 23.7 -27.1535
      vertex 21.3212 23.7 -29.4672
    endloop
  endfacet
  facet normal 0 -1 0
    outer loop
      vertex 26.6177 23.7 -26.4114
      vertex 28.2613 23.7 -28.5535
      vertex 28.9497 23.7 -27.9497
    endloop
  endfacet
  facet normal 0 -1 -0
    outer loop
      vertex 22.8871 23.7 -27.1535
      vertex 22.1883 23.7 -29.7615
      vertex 23.4387 23.7 -27.2632
    endloop
  endfacet
  facet normal 0 -1 0
    outer loop
      vertex 26.15 23.7 -26.7239
      vertex 27.5 23.7 -29.0622
      vertex 28.2613 23.7 -28.5535
    endloop
  endfacet
  facet normal 0 -1 0
    outer loop
      vertex 23.0863 23.7 -29.9401
      vertex 23.4387 23.7 -27.2632
      vertex 22.1883 23.7 -29.7615
    endloop
  endfacet
  facet normal 0 -1 0
    outer loop
      vertex 25.6455 23.7 -26.9727
      vertex 26.6788 23.7 -29.4672
      vertex 27.5 23.7 -29.0622
    endloop
  endfacet
  facet normal 0 -1 -0
    outer loop
      vertex 23.4387 23.7 -27.2632
      vertex 23.0863 23.7 -29.9401
      vertex 24 23.7 -27.3
    endloop
  endfacet
  facet normal 0 -1 0
    outer loop
      vertex 25.1129 23.7 -27.1535
      vertex 25.8117 23.7 -29.7615
      vertex 26.6788 23.7 -29.4672
    endloop
  endfacet
  facet normal 0 -1 0
    outer loop
      vertex 24 23.7 -30
      vertex 24 23.7 -27.3
      vertex 23.0863 23.7 -29.9401
    endloop
  endfacet
  facet normal 0 -1 0
    outer loop
      vertex 24.5613 23.7 -27.2632
      vertex 24.9137 23.7 -29.9401
      vertex 25.8117 23.7 -29.7615
    endloop
  endfacet
  facet normal 0 -1 0
    outer loop
      vertex 24 23.7 -27.3
      vertex 24 23.7 -30
      vertex 24.9137 23.7 -29.9401
    endloop
  endfacet
  facet normal -1 0 0
    outer loop
      vertex 17 23.7 -23
      vertex 17 25.5 -13
      vertex 17 25.5 -23
    endloop
  endfacet
  facet normal -1 -0 0
    outer loop
      vertex 17 25.5 -13
      vertex 17 23.7 -23
      vertex 17 23.7 -13
    endloop
  endfacet
  facet normal -0.946944 0 -0.3214
    outer loop
      vertex 17.5328 23.7 -25.6788
      vertex 17.2385 25.5 -24.8117
      vertex 17.5328 25.5 -25.6788
    endloop
  endfacet
  facet normal -0.946944 -0 -0.3214
    outer loop
      vertex 17.2385 25.5 -24.8117
      vertex 17.5328 23.7 -25.6788
      vertex 17.2385 23.7 -24.8117
    endloop
  endfacet
  facet normal -0.659401 0 -0.751791
    outer loop
      vertex 19.0503 23.7 -27.9497
      vertex 19.7387 25.5 -28.5535
      vertex 19.7387 23.7 -28.5535
    endloop
  endfacet
  facet normal -0.659401 0 -0.751791
    outer loop
      vertex 19.7387 25.5 -28.5535
      vertex 19.0503 23.7 -27.9497
      vertex 19.0503 25.5 -27.9497
    endloop
  endfacet
  facet normal 0.442297 0 0.896869
    outer loop
      vertex 26.6788 25.5 -6.53284
      vertex 27.5 23.7 -6.93782
      vertex 27.5 25.5 -6.93782
    endloop
  endfacet
  facet normal 0.442297 0 0.896869
    outer loop
      vertex 27.5 23.7 -6.93782
      vertex 26.6788 25.5 -6.53284
      vertex 26.6788 23.7 -6.53284
    endloop
  endfacet
  facet normal -0.89686 0 0.442314
    outer loop
      vertex 17.5328 23.7 -10.3212
      vertex 17.9378 25.5 -9.5
      vertex 17.5328 25.5 -10.3212
    endloop
  endfacet
  facet normal -0.89686 0 0.442314
    outer loop
      vertex 17.9378 25.5 -9.5
      vertex 17.5328 23.7 -10.3212
      vertex 17.9378 23.7 -9.5
    endloop
  endfacet
  facet normal 0.751801 -0 0.65939
    outer loop
      vertex 28.9497 23.7 -8.05025
      vertex 29.5535 25.5 -8.73867
      vertex 28.9497 25.5 -8.05025
    endloop
  endfacet
  facet normal 0.751801 0 0.65939
    outer loop
      vertex 29.5535 25.5 -8.73867
      vertex 28.9497 23.7 -8.05025
      vertex 29.5535 23.7 -8.73867
    endloop
  endfacet
  facet normal 0.946944 0 -0.3214
    outer loop
      vertex 30.7615 23.7 -24.8117
      vertex 30.4672 25.5 -25.6788
      vertex 30.7615 25.5 -24.8117
    endloop
  endfacet
  facet normal 0.946944 0 -0.3214
    outer loop
      vertex 30.4672 25.5 -25.6788
      vertex 30.7615 23.7 -24.8117
      vertex 30.4672 23.7 -25.6788
    endloop
  endfacet
  facet normal 0.831462 0 -0.555582
    outer loop
      vertex 30.0622 23.7 -26.5
      vertex 29.5535 25.5 -27.2613
      vertex 30.0622 25.5 -26.5
    endloop
  endfacet
  facet normal 0.831462 0 -0.555582
    outer loop
      vertex 29.5535 25.5 -27.2613
      vertex 30.0622 23.7 -26.5
      vertex 29.5535 23.7 -27.2613
    endloop
  endfacet
  facet normal 0.751791 0 -0.659401
    outer loop
      vertex 29.5535 23.7 -27.2613
      vertex 28.9497 25.5 -27.9497
      vertex 29.5535 25.5 -27.2613
    endloop
  endfacet
  facet normal 0.751791 0 -0.659401
    outer loop
      vertex 28.9497 25.5 -27.9497
      vertex 29.5535 23.7 -27.2613
      vertex 28.9497 23.7 -27.9497
    endloop
  endfacet
  facet normal 0.659401 0 -0.751791
    outer loop
      vertex 28.2613 23.7 -28.5535
      vertex 28.9497 25.5 -27.9497
      vertex 28.9497 23.7 -27.9497
    endloop
  endfacet
  facet normal 0.659401 0 -0.751791
    outer loop
      vertex 28.9497 25.5 -27.9497
      vertex 28.2613 23.7 -28.5535
      vertex 28.2613 25.5 -28.5535
    endloop
  endfacet
  facet normal -0.3214 0 -0.946944
    outer loop
      vertex 21.3212 23.7 -29.4672
      vertex 22.1883 25.5 -29.7615
      vertex 22.1883 23.7 -29.7615
    endloop
  endfacet
  facet normal -0.3214 0 -0.946944
    outer loop
      vertex 22.1883 25.5 -29.7615
      vertex 21.3212 23.7 -29.4672
      vertex 21.3212 25.5 -29.4672
    endloop
  endfacet
  facet normal -0.195066 0 -0.98079
    outer loop
      vertex 22.1883 23.7 -29.7615
      vertex 23.0863 25.5 -29.9401
      vertex 23.0863 23.7 -29.9401
    endloop
  endfacet
  facet normal -0.195066 0 -0.98079
    outer loop
      vertex 23.0863 25.5 -29.9401
      vertex 22.1883 23.7 -29.7615
      vertex 22.1883 25.5 -29.7615
    endloop
  endfacet
  facet normal -0.442314 0 -0.89686
    outer loop
      vertex 20.5 23.7 -29.0622
      vertex 21.3212 25.5 -29.4672
      vertex 21.3212 23.7 -29.4672
    endloop
  endfacet
  facet normal -0.442314 0 -0.89686
    outer loop
      vertex 21.3212 25.5 -29.4672
      vertex 20.5 23.7 -29.0622
      vertex 20.5 25.5 -29.0622
    endloop
  endfacet
  facet normal 0.195066 0 -0.98079
    outer loop
      vertex 24.9137 23.7 -29.9401
      vertex 25.8117 25.5 -29.7615
      vertex 25.8117 23.7 -29.7615
    endloop
  endfacet
  facet normal 0.195066 0 -0.98079
    outer loop
      vertex 25.8117 25.5 -29.7615
      vertex 24.9137 23.7 -29.9401
      vertex 24.9137 25.5 -29.9401
    endloop
  endfacet
  facet normal 0.0654172 0 -0.997858
    outer loop
      vertex 24 23.7 -30
      vertex 24.9137 25.5 -29.9401
      vertex 24.9137 23.7 -29.9401
    endloop
  endfacet
  facet normal 0.0654172 0 -0.997858
    outer loop
      vertex 24.9137 25.5 -29.9401
      vertex 24 23.7 -30
      vertex 24 25.5 -30
    endloop
  endfacet
  facet normal 0.3214 0 -0.946944
    outer loop
      vertex 25.8117 23.7 -29.7615
      vertex 26.6788 25.5 -29.4672
      vertex 26.6788 23.7 -29.4672
    endloop
  endfacet
  facet normal 0.3214 0 -0.946944
    outer loop
      vertex 26.6788 25.5 -29.4672
      vertex 25.8117 23.7 -29.7615
      vertex 25.8117 25.5 -29.7615
    endloop
  endfacet
  facet normal -0.997858 0 0.0654172
    outer loop
      vertex 17 23.7 -13
      vertex 17.0599 25.5 -12.0863
      vertex 17 25.5 -13
    endloop
  endfacet
  facet normal -0.997858 0 0.0654172
    outer loop
      vertex 17.0599 25.5 -12.0863
      vertex 17 23.7 -13
      vertex 17.0599 23.7 -12.0863
    endloop
  endfacet
  facet normal -0.89686 0 -0.442314
    outer loop
      vertex 17.9378 23.7 -26.5
      vertex 17.5328 25.5 -25.6788
      vertex 17.9378 25.5 -26.5
    endloop
  endfacet
  facet normal -0.89686 -0 -0.442314
    outer loop
      vertex 17.5328 25.5 -25.6788
      vertex 17.9378 23.7 -26.5
      vertex 17.5328 23.7 -25.6788
    endloop
  endfacet
  facet normal -0.751791 0 -0.659401
    outer loop
      vertex 19.0503 23.7 -27.9497
      vertex 18.4465 25.5 -27.2613
      vertex 19.0503 25.5 -27.9497
    endloop
  endfacet
  facet normal -0.751791 -0 -0.659401
    outer loop
      vertex 18.4465 25.5 -27.2613
      vertex 19.0503 23.7 -27.9497
      vertex 18.4465 23.7 -27.2613
    endloop
  endfacet
  facet normal -0.0654063 0 0.997859
    outer loop
      vertex 23.0863 25.5 -6.05989
      vertex 24 23.7 -6
      vertex 24 25.5 -6
    endloop
  endfacet
  facet normal -0.0654063 0 0.997859
    outer loop
      vertex 24 23.7 -6
      vertex 23.0863 25.5 -6.05989
      vertex 23.0863 23.7 -6.05989
    endloop
  endfacet
  facet normal 0.55559 0 0.831457
    outer loop
      vertex 27.5 25.5 -6.93782
      vertex 28.2613 23.7 -7.44653
      vertex 28.2613 25.5 -7.44653
    endloop
  endfacet
  facet normal 0.55559 0 0.831457
    outer loop
      vertex 28.2613 23.7 -7.44653
      vertex 27.5 25.5 -6.93782
      vertex 27.5 23.7 -6.93782
    endloop
  endfacet
  facet normal -0.751801 0 0.65939
    outer loop
      vertex 18.4465 23.7 -8.73867
      vertex 19.0503 25.5 -8.05025
      vertex 18.4465 25.5 -8.73867
    endloop
  endfacet
  facet normal -0.751801 0 0.65939
    outer loop
      vertex 19.0503 25.5 -8.05025
      vertex 18.4465 23.7 -8.73867
      vertex 19.0503 23.7 -8.05025
    endloop
  endfacet
  facet normal -0.98079 0 0.195066
    outer loop
      vertex 17.0599 23.7 -12.0863
      vertex 17.2385 25.5 -11.1883
      vertex 17.0599 25.5 -12.0863
    endloop
  endfacet
  facet normal -0.98079 0 0.195066
    outer loop
      vertex 17.2385 25.5 -11.1883
      vertex 17.0599 23.7 -12.0863
      vertex 17.2385 23.7 -11.1883
    endloop
  endfacet
  facet normal 0.98079 -0 0.195066
    outer loop
      vertex 30.7615 23.7 -11.1883
      vertex 30.9401 25.5 -12.0863
      vertex 30.7615 25.5 -11.1883
    endloop
  endfacet
  facet normal 0.98079 0 0.195066
    outer loop
      vertex 30.9401 25.5 -12.0863
      vertex 30.7615 23.7 -11.1883
      vertex 30.9401 23.7 -12.0863
    endloop
  endfacet
  facet normal 0.831472 -0 0.555567
    outer loop
      vertex 29.5535 23.7 -8.73867
      vertex 30.0622 25.5 -9.5
      vertex 29.5535 25.5 -8.73867
    endloop
  endfacet
  facet normal 0.831472 0 0.555567
    outer loop
      vertex 30.0622 25.5 -9.5
      vertex 29.5535 23.7 -8.73867
      vertex 30.0622 23.7 -9.5
    endloop
  endfacet
  facet normal 0.555582 0 -0.831462
    outer loop
      vertex 27.5 23.7 -29.0622
      vertex 28.2613 25.5 -28.5535
      vertex 28.2613 23.7 -28.5535
    endloop
  endfacet
  facet normal 0.555582 0 -0.831462
    outer loop
      vertex 28.2613 25.5 -28.5535
      vertex 27.5 23.7 -29.0622
      vertex 27.5 25.5 -29.0622
    endloop
  endfacet
  facet normal -0.195097 0 0.980784
    outer loop
      vertex 22.1883 25.5 -6.23852
      vertex 23.0863 23.7 -6.05989
      vertex 23.0863 25.5 -6.05989
    endloop
  endfacet
  facet normal -0.195097 0 0.980784
    outer loop
      vertex 23.0863 23.7 -6.05989
      vertex 22.1883 25.5 -6.23852
      vertex 22.1883 23.7 -6.23852
    endloop
  endfacet
  facet normal 0.0654063 0 0.997859
    outer loop
      vertex 24 25.5 -6
      vertex 24.9137 23.7 -6.05989
      vertex 24.9137 25.5 -6.05989
    endloop
  endfacet
  facet normal 0.0654063 0 0.997859
    outer loop
      vertex 24.9137 23.7 -6.05989
      vertex 24 25.5 -6
      vertex 24 23.7 -6
    endloop
  endfacet
  facet normal 0.321419 0 0.946937
    outer loop
      vertex 25.8117 25.5 -6.23852
      vertex 26.6788 23.7 -6.53284
      vertex 26.6788 25.5 -6.53284
    endloop
  endfacet
  facet normal 0.321419 0 0.946937
    outer loop
      vertex 26.6788 23.7 -6.53284
      vertex 25.8117 25.5 -6.23852
      vertex 25.8117 23.7 -6.23852
    endloop
  endfacet
  facet normal -0.659352 0 0.751835
    outer loop
      vertex 19.0503 25.5 -8.05025
      vertex 19.7387 23.7 -7.44653
      vertex 19.7387 25.5 -7.44653
    endloop
  endfacet
  facet normal -0.659352 0 0.751835
    outer loop
      vertex 19.7387 23.7 -7.44653
      vertex 19.0503 25.5 -8.05025
      vertex 19.0503 23.7 -8.05025
    endloop
  endfacet
  facet normal -0.442297 0 0.896869
    outer loop
      vertex 20.5 25.5 -6.93782
      vertex 21.3212 23.7 -6.53284
      vertex 21.3212 25.5 -6.53284
    endloop
  endfacet
  facet normal -0.442297 0 0.896869
    outer loop
      vertex 21.3212 23.7 -6.53284
      vertex 20.5 25.5 -6.93782
      vertex 20.5 23.7 -6.93782
    endloop
  endfacet
  facet normal -0.55559 0 0.831457
    outer loop
      vertex 19.7387 25.5 -7.44653
      vertex 20.5 23.7 -6.93782
      vertex 20.5 25.5 -6.93782
    endloop
  endfacet
  facet normal -0.55559 0 0.831457
    outer loop
      vertex 20.5 23.7 -6.93782
      vertex 19.7387 25.5 -7.44653
      vertex 19.7387 23.7 -7.44653
    endloop
  endfacet
  facet normal -0.831472 0 0.555567
    outer loop
      vertex 17.9378 23.7 -9.5
      vertex 18.4465 25.5 -8.73867
      vertex 17.9378 25.5 -9.5
    endloop
  endfacet
  facet normal -0.831472 0 0.555567
    outer loop
      vertex 18.4465 25.5 -8.73867
      vertex 17.9378 23.7 -9.5
      vertex 18.4465 23.7 -8.73867
    endloop
  endfacet
  facet normal -0.946944 0 0.3214
    outer loop
      vertex 17.2385 23.7 -11.1883
      vertex 17.5328 25.5 -10.3212
      vertex 17.2385 25.5 -11.1883
    endloop
  endfacet
  facet normal -0.946944 0 0.3214
    outer loop
      vertex 17.5328 25.5 -10.3212
      vertex 17.2385 23.7 -11.1883
      vertex 17.5328 23.7 -10.3212
    endloop
  endfacet
  facet normal 0.980706 0 -0.195486
    outer loop
      vertex 139.94 23.7 -23.9137
      vertex 139.761 25.5 -24.8117
      vertex 139.94 25.5 -23.9137
    endloop
  endfacet
  facet normal 0.980706 0 -0.195486
    outer loop
      vertex 139.761 25.5 -24.8117
      vertex 139.94 23.7 -23.9137
      vertex 139.761 23.7 -24.8117
    endloop
  endfacet
  facet normal 0.89686 0 -0.442314
    outer loop
      vertex 139.467 23.7 -25.6788
      vertex 139.062 25.5 -26.5
      vertex 139.467 25.5 -25.6788
    endloop
  endfacet
  facet normal 0.89686 0 -0.442314
    outer loop
      vertex 139.062 25.5 -26.5
      vertex 139.467 23.7 -25.6788
      vertex 139.062 23.7 -26.5
    endloop
  endfacet
  facet normal 0.555733 0 -0.831361
    outer loop
      vertex 136.5 23.7 -29.0622
      vertex 137.261 25.5 -28.5535
      vertex 137.261 23.7 -28.5535
    endloop
  endfacet
  facet normal 0.555733 0 -0.831361
    outer loop
      vertex 137.261 25.5 -28.5535
      vertex 136.5 23.7 -29.0622
      vertex 136.5 25.5 -29.0622
    endloop
  endfacet
  facet normal 0.947043 0 -0.321106
    outer loop
      vertex 139.761 23.7 -24.8117
      vertex 139.467 25.5 -25.6788
      vertex 139.761 25.5 -24.8117
    endloop
  endfacet
  facet normal 0.947043 0 -0.321106
    outer loop
      vertex 139.467 25.5 -25.6788
      vertex 139.761 23.7 -24.8117
      vertex 139.467 23.7 -25.6788
    endloop
  endfacet
  facet normal -0.83131 0 -0.555808
    outer loop
      vertex 127.447 23.7 -27.2613
      vertex 126.938 25.5 -26.5
      vertex 127.447 25.5 -27.2613
    endloop
  endfacet
  facet normal -0.83131 -0 -0.555808
    outer loop
      vertex 126.938 25.5 -26.5
      vertex 127.447 23.7 -27.2613
      vertex 126.938 23.7 -26.5
    endloop
  endfacet
  facet normal 0.83131 0 -0.555808
    outer loop
      vertex 139.062 23.7 -26.5
      vertex 138.553 25.5 -27.2613
      vertex 139.062 25.5 -26.5
    endloop
  endfacet
  facet normal 0.83131 0 -0.555808
    outer loop
      vertex 138.553 25.5 -27.2613
      vertex 139.062 23.7 -26.5
      vertex 138.553 23.7 -27.2613
    endloop
  endfacet
  facet normal 0.659027 0 0.752119
    outer loop
      vertex 137.261 25.5 -7.44653
      vertex 137.95 23.7 -8.05025
      vertex 137.95 25.5 -8.05025
    endloop
  endfacet
  facet normal 0.659027 0 0.752119
    outer loop
      vertex 137.95 23.7 -8.05025
      vertex 137.261 25.5 -7.44653
      vertex 137.261 23.7 -7.44653
    endloop
  endfacet
  facet normal 0.997851 -0 0.0655259
    outer loop
      vertex 139.94 23.7 -12.0863
      vertex 140 25.5 -13
      vertex 139.94 25.5 -12.0863
    endloop
  endfacet
  facet normal 0.997851 0 0.0655259
    outer loop
      vertex 140 25.5 -13
      vertex 139.94 23.7 -12.0863
      vertex 140 23.7 -13
    endloop
  endfacet
  facet normal -0.195066 0 -0.98079
    outer loop
      vertex 131.188 23.7 -29.7615
      vertex 132.086 25.5 -29.9401
      vertex 132.086 23.7 -29.9401
    endloop
  endfacet
  facet normal -0.195066 0 -0.98079
    outer loop
      vertex 132.086 25.5 -29.9401
      vertex 131.188 23.7 -29.7615
      vertex 131.188 25.5 -29.7615
    endloop
  endfacet
  facet normal -0.195097 0 0.980784
    outer loop
      vertex 131.188 25.5 -6.23852
      vertex 132.086 23.7 -6.05989
      vertex 132.086 25.5 -6.05989
    endloop
  endfacet
  facet normal -0.195097 0 0.980784
    outer loop
      vertex 132.086 23.7 -6.05989
      vertex 131.188 25.5 -6.23852
      vertex 131.188 23.7 -6.23852
    endloop
  endfacet
  facet normal 1 -0 0
    outer loop
      vertex 140 23.7 -13
      vertex 140 25.5 -23
      vertex 140 25.5 -13
    endloop
  endfacet
  facet normal 1 0 0
    outer loop
      vertex 140 25.5 -23
      vertex 140 23.7 -13
      vertex 140 23.7 -23
    endloop
  endfacet
  facet normal 0.89686 -0 0.442314
    outer loop
      vertex 139.062 23.7 -9.5
      vertex 139.467 25.5 -10.3212
      vertex 139.062 25.5 -9.5
    endloop
  endfacet
  facet normal 0.89686 0 0.442314
    outer loop
      vertex 139.467 25.5 -10.3212
      vertex 139.062 23.7 -9.5
      vertex 139.467 23.7 -10.3212
    endloop
  endfacet
  facet normal 0.980706 -0 0.195486
    outer loop
      vertex 139.761 23.7 -11.1883
      vertex 139.94 25.5 -12.0863
      vertex 139.761 25.5 -11.1883
    endloop
  endfacet
  facet normal 0.980706 0 0.195486
    outer loop
      vertex 139.94 25.5 -12.0863
      vertex 139.761 23.7 -11.1883
      vertex 139.94 23.7 -12.0863
    endloop
  endfacet
  facet normal 0.752234 -0 0.658896
    outer loop
      vertex 137.95 23.7 -8.05025
      vertex 138.553 25.5 -8.73867
      vertex 137.95 25.5 -8.05025
    endloop
  endfacet
  facet normal 0.752234 0 0.658896
    outer loop
      vertex 138.553 25.5 -8.73867
      vertex 137.95 23.7 -8.05025
      vertex 138.553 23.7 -8.73867
    endloop
  endfacet
  facet normal 0.752225 0 -0.658907
    outer loop
      vertex 138.553 23.7 -27.2613
      vertex 137.95 25.5 -27.9497
      vertex 138.553 25.5 -27.2613
    endloop
  endfacet
  facet normal 0.752225 0 -0.658907
    outer loop
      vertex 137.95 25.5 -27.9497
      vertex 138.553 23.7 -27.2613
      vertex 137.95 23.7 -27.9497
    endloop
  endfacet
  facet normal 0.0653958 0 -0.997859
    outer loop
      vertex 133 23.7 -30
      vertex 133.914 25.5 -29.9401
      vertex 133.914 23.7 -29.9401
    endloop
  endfacet
  facet normal 0.0653958 0 -0.997859
    outer loop
      vertex 133.914 25.5 -29.9401
      vertex 133 23.7 -30
      vertex 133 25.5 -30
    endloop
  endfacet
  facet normal 0 -1 0
    outer loop
      vertex 133 23.7 -10.8
      vertex 133 23.7 -6
      vertex 132.086 23.7 -6.05989
    endloop
  endfacet
  facet normal 0 -1 0
    outer loop
      vertex 132.713 23.7 -10.8188
      vertex 132.086 23.7 -6.05989
      vertex 131.188 23.7 -6.23852
    endloop
  endfacet
  facet normal 0 -1 0
    outer loop
      vertex 133 23.7 -6
      vertex 133 23.7 -10.8
      vertex 133.914 23.7 -6.05989
    endloop
  endfacet
  facet normal 0 -1 0
    outer loop
      vertex 132.431 23.7 -10.875
      vertex 131.188 23.7 -6.23852
      vertex 130.321 23.7 -6.53284
    endloop
  endfacet
  facet normal 0 -1 0
    outer loop
      vertex 133.287 23.7 -10.8188
      vertex 133.914 23.7 -6.05989
      vertex 133 23.7 -10.8
    endloop
  endfacet
  facet normal 0 -1 0
    outer loop
      vertex 132.158 23.7 -10.9675
      vertex 130.321 23.7 -6.53284
      vertex 129.5 23.7 -6.93782
    endloop
  endfacet
  facet normal 0 -1 -0
    outer loop
      vertex 133.914 23.7 -6.05989
      vertex 133.287 23.7 -10.8188
      vertex 134.812 23.7 -6.23852
    endloop
  endfacet
  facet normal 0 -1 0
    outer loop
      vertex 131.9 23.7 -11.0947
      vertex 129.5 23.7 -6.93782
      vertex 128.739 23.7 -7.44653
    endloop
  endfacet
  facet normal 0 -1 0
    outer loop
      vertex 133.569 23.7 -10.875
      vertex 134.812 23.7 -6.23852
      vertex 133.287 23.7 -10.8188
    endloop
  endfacet
  facet normal 0 -1 0
    outer loop
      vertex 131.661 23.7 -11.2546
      vertex 128.739 23.7 -7.44653
      vertex 128.05 23.7 -8.05025
    endloop
  endfacet
  facet normal 0 -1 -0
    outer loop
      vertex 134.812 23.7 -6.23852
      vertex 133.569 23.7 -10.875
      vertex 135.679 23.7 -6.53284
    endloop
  endfacet
  facet normal 0 -1 0
    outer loop
      vertex 131.444 23.7 -11.4444
      vertex 128.05 23.7 -8.05025
      vertex 127.447 23.7 -8.73867
    endloop
  endfacet
  facet normal 0 -1 0
    outer loop
      vertex 133.842 23.7 -10.9675
      vertex 135.679 23.7 -6.53284
      vertex 133.569 23.7 -10.875
    endloop
  endfacet
  facet normal 0 -1 0
    outer loop
      vertex 131.255 23.7 -11.6607
      vertex 127.447 23.7 -8.73867
      vertex 126.938 23.7 -9.5
    endloop
  endfacet
  facet normal 0 -1 -0
    outer loop
      vertex 135.679 23.7 -6.53284
      vertex 133.842 23.7 -10.9675
      vertex 136.5 23.7 -6.93782
    endloop
  endfacet
  facet normal 0 -1 0
    outer loop
      vertex 131.095 23.7 -11.9
      vertex 126.938 23.7 -9.5
      vertex 126.533 23.7 -10.3212
    endloop
  endfacet
  facet normal 0 -1 0
    outer loop
      vertex 134.1 23.7 -11.0947
      vertex 136.5 23.7 -6.93782
      vertex 133.842 23.7 -10.9675
    endloop
  endfacet
  facet normal 0 -1 -0
    outer loop
      vertex 136.5 23.7 -6.93782
      vertex 134.1 23.7 -11.0947
      vertex 137.261 23.7 -7.44653
    endloop
  endfacet
  facet normal 0 -1 0
    outer loop
      vertex 132.086 23.7 -6.05989
      vertex 132.713 23.7 -10.8188
      vertex 133 23.7 -10.8
    endloop
  endfacet
  facet normal 0 -1 0
    outer loop
      vertex 131.188 23.7 -6.23852
      vertex 132.431 23.7 -10.875
      vertex 132.713 23.7 -10.8188
    endloop
  endfacet
  facet normal 0 -1 0
    outer loop
      vertex 130.321 23.7 -6.53284
      vertex 132.158 23.7 -10.9675
      vertex 132.431 23.7 -10.875
    endloop
  endfacet
  facet normal 0 -1 0
    outer loop
      vertex 129.5 23.7 -6.93782
      vertex 131.9 23.7 -11.0947
      vertex 132.158 23.7 -10.9675
    endloop
  endfacet
  facet normal 0 -1 0
    outer loop
      vertex 130.967 23.7 -12.1581
      vertex 126.533 23.7 -10.3212
      vertex 126.239 23.7 -11.1883
    endloop
  endfacet
  facet normal 0 -1 0
    outer loop
      vertex 128.739 23.7 -7.44653
      vertex 131.661 23.7 -11.2546
      vertex 131.9 23.7 -11.0947
    endloop
  endfacet
  facet normal 0 -1 0
    outer loop
      vertex 128.05 23.7 -8.05025
      vertex 131.444 23.7 -11.4444
      vertex 131.661 23.7 -11.2546
    endloop
  endfacet
  facet normal 0 -1 0
    outer loop
      vertex 127.447 23.7 -8.73867
      vertex 131.255 23.7 -11.6607
      vertex 131.444 23.7 -11.4444
    endloop
  endfacet
  facet normal 0 -1 0
    outer loop
      vertex 126.938 23.7 -9.5
      vertex 131.095 23.7 -11.9
      vertex 131.255 23.7 -11.6607
    endloop
  endfacet
  facet normal 0 -1 0
    outer loop
      vertex 130.875 23.7 -12.4306
      vertex 126.239 23.7 -11.1883
      vertex 126.06 23.7 -12.0863
    endloop
  endfacet
  facet normal 0 -1 0
    outer loop
      vertex 126.533 23.7 -10.3212
      vertex 130.967 23.7 -12.1581
      vertex 131.095 23.7 -11.9
    endloop
  endfacet
  facet normal 0 -1 0
    outer loop
      vertex 126.239 23.7 -11.1883
      vertex 130.875 23.7 -12.4306
      vertex 130.967 23.7 -12.1581
    endloop
  endfacet
  facet normal 0 -1 0
    outer loop
      vertex 126.06 23.7 -12.0863
      vertex 130.819 23.7 -12.7128
      vertex 130.875 23.7 -12.4306
    endloop
  endfacet
  facet normal 0 -1 0
    outer loop
      vertex 126 23.7 -13
      vertex 130.819 23.7 -12.7128
      vertex 126.06 23.7 -12.0863
    endloop
  endfacet
  facet normal 0 -1 0
    outer loop
      vertex 126 23.7 -13
      vertex 130.8 23.7 -13
      vertex 130.819 23.7 -12.7128
    endloop
  endfacet
  facet normal 0 -1 0
    outer loop
      vertex 126 23.7 -13
      vertex 130.8 23.7 -19.3095
      vertex 130.8 23.7 -13
    endloop
  endfacet
  facet normal 0 -1 0
    outer loop
      vertex 126 23.7 -13
      vertex 130.382 23.7 -19.5886
      vertex 130.8 23.7 -19.3095
    endloop
  endfacet
  facet normal 0 -1 0
    outer loop
      vertex 126 23.7 -13
      vertex 129.959 23.7 -19.9594
      vertex 130.382 23.7 -19.5886
    endloop
  endfacet
  facet normal 0 -1 0
    outer loop
      vertex 126 23.7 -13
      vertex 129.589 23.7 -20.3823
      vertex 129.959 23.7 -19.9594
    endloop
  endfacet
  facet normal 0 -1 0
    outer loop
      vertex 126 23.7 -13
      vertex 129.276 23.7 -20.85
      vertex 129.589 23.7 -20.3823
    endloop
  endfacet
  facet normal 0 -1 0
    outer loop
      vertex 126 23.7 -23
      vertex 129.276 23.7 -20.85
      vertex 126 23.7 -13
    endloop
  endfacet
  facet normal 0 -1 0
    outer loop
      vertex 129.276 23.7 -20.85
      vertex 126 23.7 -23
      vertex 129.027 23.7 -21.3545
    endloop
  endfacet
  facet normal 0 -1 0
    outer loop
      vertex 129.027 23.7 -21.3545
      vertex 126 23.7 -23
      vertex 128.847 23.7 -21.8871
    endloop
  endfacet
  facet normal 0 -1 0
    outer loop
      vertex 128.847 23.7 -21.8871
      vertex 126 23.7 -23
      vertex 128.737 23.7 -22.4387
    endloop
  endfacet
  facet normal 0 -1 0
    outer loop
      vertex 126 23.7 -23
      vertex 128.7 23.7 -23
      vertex 128.737 23.7 -22.4387
    endloop
  endfacet
  facet normal 0 -1 0
    outer loop
      vertex 126 23.7 -23
      vertex 128.737 23.7 -23.5613
      vertex 128.7 23.7 -23
    endloop
  endfacet
  facet normal 0 -1 0
    outer loop
      vertex 126.06 23.7 -23.9137
      vertex 128.737 23.7 -23.5613
      vertex 126 23.7 -23
    endloop
  endfacet
  facet normal 0 -1 0
    outer loop
      vertex 126.06 23.7 -23.9137
      vertex 128.847 23.7 -24.1129
      vertex 128.737 23.7 -23.5613
    endloop
  endfacet
  facet normal 0 -1 0
    outer loop
      vertex 126.239 23.7 -24.8117
      vertex 128.847 23.7 -24.1129
      vertex 126.06 23.7 -23.9137
    endloop
  endfacet
  facet normal 0 -1 -0
    outer loop
      vertex 128.847 23.7 -24.1129
      vertex 126.239 23.7 -24.8117
      vertex 129.027 23.7 -24.6455
    endloop
  endfacet
  facet normal 0 -1 0
    outer loop
      vertex 126.533 23.7 -25.6788
      vertex 129.027 23.7 -24.6455
      vertex 126.239 23.7 -24.8117
    endloop
  endfacet
  facet normal 0 -1 -0
    outer loop
      vertex 129.027 23.7 -24.6455
      vertex 126.533 23.7 -25.6788
      vertex 129.276 23.7 -25.15
    endloop
  endfacet
  facet normal 0 -1 0
    outer loop
      vertex 126.938 23.7 -26.5
      vertex 129.276 23.7 -25.15
      vertex 126.533 23.7 -25.6788
    endloop
  endfacet
  facet normal 0 -1 -0
    outer loop
      vertex 129.276 23.7 -25.15
      vertex 126.938 23.7 -26.5
      vertex 129.589 23.7 -25.6177
    endloop
  endfacet
  facet normal 0 -1 0
    outer loop
      vertex 127.447 23.7 -27.2613
      vertex 129.589 23.7 -25.6177
      vertex 126.938 23.7 -26.5
    endloop
  endfacet
  facet normal 0 -1 -0
    outer loop
      vertex 129.589 23.7 -25.6177
      vertex 127.447 23.7 -27.2613
      vertex 129.959 23.7 -26.0406
    endloop
  endfacet
  facet normal 0 -1 0
    outer loop
      vertex 128.05 23.7 -27.9497
      vertex 129.959 23.7 -26.0406
      vertex 127.447 23.7 -27.2613
    endloop
  endfacet
  facet normal 0 -1 -0
    outer loop
      vertex 129.959 23.7 -26.0406
      vertex 128.05 23.7 -27.9497
      vertex 130.382 23.7 -26.4114
    endloop
  endfacet
  facet normal 0 -1 0
    outer loop
      vertex 128.739 23.7 -28.5535
      vertex 130.382 23.7 -26.4114
      vertex 128.05 23.7 -27.9497
    endloop
  endfacet
  facet normal 0 -1 -0
    outer loop
      vertex 130.382 23.7 -26.4114
      vertex 128.739 23.7 -28.5535
      vertex 130.85 23.7 -26.7239
    endloop
  endfacet
  facet normal 0 -1 0
    outer loop
      vertex 129.5 23.7 -29.0622
      vertex 130.85 23.7 -26.7239
      vertex 128.739 23.7 -28.5535
    endloop
  endfacet
  facet normal 0 -1 -0
    outer loop
      vertex 130.85 23.7 -26.7239
      vertex 129.5 23.7 -29.0622
      vertex 131.354 23.7 -26.9727
    endloop
  endfacet
  facet normal 0 -1 0
    outer loop
      vertex 130.321 23.7 -29.4672
      vertex 131.354 23.7 -26.9727
      vertex 129.5 23.7 -29.0622
    endloop
  endfacet
  facet normal 0 -1 0
    outer loop
      vertex 134.339 23.7 -11.2546
      vertex 137.261 23.7 -7.44653
      vertex 134.1 23.7 -11.0947
    endloop
  endfacet
  facet normal 0 -1 -0
    outer loop
      vertex 137.261 23.7 -7.44653
      vertex 134.339 23.7 -11.2546
      vertex 137.95 23.7 -8.05025
    endloop
  endfacet
  facet normal 0 -1 0
    outer loop
      vertex 134.556 23.7 -11.4444
      vertex 137.95 23.7 -8.05025
      vertex 134.339 23.7 -11.2546
    endloop
  endfacet
  facet normal 0 -1 -0
    outer loop
      vertex 137.95 23.7 -8.05025
      vertex 134.556 23.7 -11.4444
      vertex 138.553 23.7 -8.73867
    endloop
  endfacet
  facet normal 0 -1 0
    outer loop
      vertex 134.745 23.7 -11.6607
      vertex 138.553 23.7 -8.73867
      vertex 134.556 23.7 -11.4444
    endloop
  endfacet
  facet normal 0 -1 -0
    outer loop
      vertex 138.553 23.7 -8.73867
      vertex 134.745 23.7 -11.6607
      vertex 139.062 23.7 -9.5
    endloop
  endfacet
  facet normal 0 -1 0
    outer loop
      vertex 134.905 23.7 -11.9
      vertex 139.062 23.7 -9.5
      vertex 134.745 23.7 -11.6607
    endloop
  endfacet
  facet normal 0 -1 -0
    outer loop
      vertex 139.062 23.7 -9.5
      vertex 134.905 23.7 -11.9
      vertex 139.467 23.7 -10.3212
    endloop
  endfacet
  facet normal 0 -1 0
    outer loop
      vertex 135.033 23.7 -12.1581
      vertex 139.467 23.7 -10.3212
      vertex 134.905 23.7 -11.9
    endloop
  endfacet
  facet normal 0 -1 -0
    outer loop
      vertex 139.467 23.7 -10.3212
      vertex 135.033 23.7 -12.1581
      vertex 139.761 23.7 -11.1883
    endloop
  endfacet
  facet normal 0 -1 0
    outer loop
      vertex 135.125 23.7 -12.4306
      vertex 139.761 23.7 -11.1883
      vertex 135.033 23.7 -12.1581
    endloop
  endfacet
  facet normal 0 -1 -0
    outer loop
      vertex 139.761 23.7 -11.1883
      vertex 135.125 23.7 -12.4306
      vertex 139.94 23.7 -12.0863
    endloop
  endfacet
  facet normal 0 -1 0
    outer loop
      vertex 135.181 23.7 -12.7128
      vertex 139.94 23.7 -12.0863
      vertex 135.125 23.7 -12.4306
    endloop
  endfacet
  facet normal 0 -1 0
    outer loop
      vertex 135.2 23.7 -13
      vertex 139.94 23.7 -12.0863
      vertex 135.181 23.7 -12.7128
    endloop
  endfacet
  facet normal 0 -1 0
    outer loop
      vertex 135.2 23.7 -13
      vertex 140 23.7 -13
      vertex 139.94 23.7 -12.0863
    endloop
  endfacet
  facet normal 0 -1 0
    outer loop
      vertex 135.2 23.7 -19.3095
      vertex 140 23.7 -13
      vertex 135.2 23.7 -13
    endloop
  endfacet
  facet normal 0 -1 0
    outer loop
      vertex 135.618 23.7 -19.5886
      vertex 140 23.7 -13
      vertex 135.2 23.7 -19.3095
    endloop
  endfacet
  facet normal 0 -1 0
    outer loop
      vertex 136.041 23.7 -19.9594
      vertex 140 23.7 -13
      vertex 135.618 23.7 -19.5886
    endloop
  endfacet
  facet normal 0 -1 0
    outer loop
      vertex 136.411 23.7 -20.3823
      vertex 140 23.7 -13
      vertex 136.041 23.7 -19.9594
    endloop
  endfacet
  facet normal 0 -1 0
    outer loop
      vertex 136.724 23.7 -20.85
      vertex 140 23.7 -13
      vertex 136.411 23.7 -20.3823
    endloop
  endfacet
  facet normal 0 -1 0
    outer loop
      vertex 140 23.7 -23
      vertex 136.724 23.7 -20.85
      vertex 136.973 23.7 -21.3545
    endloop
  endfacet
  facet normal 0 -1 0
    outer loop
      vertex 140 23.7 -23
      vertex 136.973 23.7 -21.3545
      vertex 137.153 23.7 -21.8871
    endloop
  endfacet
  facet normal 0 -1 0
    outer loop
      vertex 140 23.7 -23
      vertex 137.153 23.7 -21.8871
      vertex 137.263 23.7 -22.4387
    endloop
  endfacet
  facet normal 0 -1 0
    outer loop
      vertex 140 23.7 -23
      vertex 137.263 23.7 -22.4387
      vertex 137.3 23.7 -23
    endloop
  endfacet
  facet normal 0 -1 0
    outer loop
      vertex 136.724 23.7 -20.85
      vertex 140 23.7 -23
      vertex 140 23.7 -13
    endloop
  endfacet
  facet normal 0 -1 0
    outer loop
      vertex 137.263 23.7 -23.5613
      vertex 140 23.7 -23
      vertex 137.3 23.7 -23
    endloop
  endfacet
  facet normal 0 -1 0
    outer loop
      vertex 137.263 23.7 -23.5613
      vertex 139.94 23.7 -23.9137
      vertex 140 23.7 -23
    endloop
  endfacet
  facet normal 0 -1 0
    outer loop
      vertex 137.153 23.7 -24.1129
      vertex 139.94 23.7 -23.9137
      vertex 137.263 23.7 -23.5613
    endloop
  endfacet
  facet normal 0 -1 0
    outer loop
      vertex 139.761 23.7 -24.8117
      vertex 137.153 23.7 -24.1129
      vertex 136.973 23.7 -24.6455
    endloop
  endfacet
  facet normal 0 -1 0
    outer loop
      vertex 137.153 23.7 -24.1129
      vertex 139.761 23.7 -24.8117
      vertex 139.94 23.7 -23.9137
    endloop
  endfacet
  facet normal 0 -1 0
    outer loop
      vertex 139.467 23.7 -25.6788
      vertex 136.973 23.7 -24.6455
      vertex 136.724 23.7 -25.15
    endloop
  endfacet
  facet normal 0 -1 0
    outer loop
      vertex 139.062 23.7 -26.5
      vertex 136.724 23.7 -25.15
      vertex 136.411 23.7 -25.6177
    endloop
  endfacet
  facet normal 0 -1 0
    outer loop
      vertex 136.973 23.7 -24.6455
      vertex 139.467 23.7 -25.6788
      vertex 139.761 23.7 -24.8117
    endloop
  endfacet
  facet normal 0 -1 0
    outer loop
      vertex 138.553 23.7 -27.2613
      vertex 136.411 23.7 -25.6177
      vertex 136.041 23.7 -26.0406
    endloop
  endfacet
  facet normal 0 -1 0
    outer loop
      vertex 137.95 23.7 -27.9497
      vertex 136.041 23.7 -26.0406
      vertex 135.618 23.7 -26.4114
    endloop
  endfacet
  facet normal 0 -1 0
    outer loop
      vertex 136.724 23.7 -25.15
      vertex 139.062 23.7 -26.5
      vertex 139.467 23.7 -25.6788
    endloop
  endfacet
  facet normal 0 -1 0
    outer loop
      vertex 137.261 23.7 -28.5535
      vertex 135.618 23.7 -26.4114
      vertex 135.15 23.7 -26.7239
    endloop
  endfacet
  facet normal 0 -1 0
    outer loop
      vertex 136.5 23.7 -29.0622
      vertex 135.15 23.7 -26.7239
      vertex 134.646 23.7 -26.9727
    endloop
  endfacet
  facet normal 0 -1 0
    outer loop
      vertex 135.679 23.7 -29.4672
      vertex 134.646 23.7 -26.9727
      vertex 134.113 23.7 -27.1535
    endloop
  endfacet
  facet normal 0 -1 0
    outer loop
      vertex 136.411 23.7 -25.6177
      vertex 138.553 23.7 -27.2613
      vertex 139.062 23.7 -26.5
    endloop
  endfacet
  facet normal 0 -1 0
    outer loop
      vertex 134.812 23.7 -29.7615
      vertex 134.113 23.7 -27.1535
      vertex 133.561 23.7 -27.2632
    endloop
  endfacet
  facet normal 0 -1 0
    outer loop
      vertex 133.914 23.7 -29.9401
      vertex 133.561 23.7 -27.2632
      vertex 133 23.7 -27.3
    endloop
  endfacet
  facet normal 0 -1 -0
    outer loop
      vertex 131.354 23.7 -26.9727
      vertex 130.321 23.7 -29.4672
      vertex 131.887 23.7 -27.1535
    endloop
  endfacet
  facet normal 0 -1 0
    outer loop
      vertex 136.041 23.7 -26.0406
      vertex 137.95 23.7 -27.9497
      vertex 138.553 23.7 -27.2613
    endloop
  endfacet
  facet normal 0 -1 0
    outer loop
      vertex 131.188 23.7 -29.7615
      vertex 131.887 23.7 -27.1535
      vertex 130.321 23.7 -29.4672
    endloop
  endfacet
  facet normal 0 -1 0
    outer loop
      vertex 135.618 23.7 -26.4114
      vertex 137.261 23.7 -28.5535
      vertex 137.95 23.7 -27.9497
    endloop
  endfacet
  facet normal 0 -1 -0
    outer loop
      vertex 131.887 23.7 -27.1535
      vertex 131.188 23.7 -29.7615
      vertex 132.439 23.7 -27.2632
    endloop
  endfacet
  facet normal 0 -1 0
    outer loop
      vertex 135.15 23.7 -26.7239
      vertex 136.5 23.7 -29.0622
      vertex 137.261 23.7 -28.5535
    endloop
  endfacet
  facet normal 0 -1 0
    outer loop
      vertex 132.086 23.7 -29.9401
      vertex 132.439 23.7 -27.2632
      vertex 131.188 23.7 -29.7615
    endloop
  endfacet
  facet normal 0 -1 0
    outer loop
      vertex 134.646 23.7 -26.9727
      vertex 135.679 23.7 -29.4672
      vertex 136.5 23.7 -29.0622
    endloop
  endfacet
  facet normal 0 -1 -0
    outer loop
      vertex 132.439 23.7 -27.2632
      vertex 132.086 23.7 -29.9401
      vertex 133 23.7 -27.3
    endloop
  endfacet
  facet normal 0 -1 0
    outer loop
      vertex 134.113 23.7 -27.1535
      vertex 134.812 23.7 -29.7615
      vertex 135.679 23.7 -29.4672
    endloop
  endfacet
  facet normal 0 -1 0
    outer loop
      vertex 133 23.7 -30
      vertex 133 23.7 -27.3
      vertex 132.086 23.7 -29.9401
    endloop
  endfacet
  facet normal 0 -1 0
    outer loop
      vertex 133.561 23.7 -27.2632
      vertex 133.914 23.7 -29.9401
      vertex 134.812 23.7 -29.7615
    endloop
  endfacet
  facet normal 0 -1 0
    outer loop
      vertex 133 23.7 -27.3
      vertex 133 23.7 -30
      vertex 133.914 23.7 -29.9401
    endloop
  endfacet
  facet normal -0.997851 0 0.0655259
    outer loop
      vertex 126 23.7 -13
      vertex 126.06 25.5 -12.0863
      vertex 126 25.5 -13
    endloop
  endfacet
  facet normal -0.997851 0 0.0655259
    outer loop
      vertex 126.06 25.5 -12.0863
      vertex 126 23.7 -13
      vertex 126.06 23.7 -12.0863
    endloop
  endfacet
  facet normal 0.321452 0 0.946926
    outer loop
      vertex 134.812 25.5 -6.23852
      vertex 135.679 23.7 -6.53284
      vertex 135.679 25.5 -6.53284
    endloop
  endfacet
  facet normal 0.321452 0 0.946926
    outer loop
      vertex 135.679 23.7 -6.53284
      vertex 134.812 25.5 -6.23852
      vertex 134.812 23.7 -6.23852
    endloop
  endfacet
  facet normal -0.947043 0 0.321106
    outer loop
      vertex 126.239 23.7 -11.1883
      vertex 126.533 25.5 -10.3212
      vertex 126.239 25.5 -11.1883
    endloop
  endfacet
  facet normal -0.947043 0 0.321106
    outer loop
      vertex 126.533 25.5 -10.3212
      vertex 126.239 23.7 -11.1883
      vertex 126.533 23.7 -10.3212
    endloop
  endfacet
  facet normal -0.321452 0 0.946926
    outer loop
      vertex 130.321 25.5 -6.53284
      vertex 131.188 23.7 -6.23852
      vertex 131.188 25.5 -6.23852
    endloop
  endfacet
  facet normal -0.321452 0 0.946926
    outer loop
      vertex 131.188 23.7 -6.23852
      vertex 130.321 25.5 -6.53284
      vertex 130.321 23.7 -6.53284
    endloop
  endfacet
  facet normal 0.997851 0 -0.0655259
    outer loop
      vertex 140 23.7 -23
      vertex 139.94 25.5 -23.9137
      vertex 140 25.5 -23
    endloop
  endfacet
  facet normal 0.997851 0 -0.0655259
    outer loop
      vertex 139.94 25.5 -23.9137
      vertex 140 23.7 -23
      vertex 139.94 23.7 -23.9137
    endloop
  endfacet
  facet normal 0.947043 -0 0.321106
    outer loop
      vertex 139.467 23.7 -10.3212
      vertex 139.761 25.5 -11.1883
      vertex 139.467 25.5 -10.3212
    endloop
  endfacet
  facet normal 0.947043 0 0.321106
    outer loop
      vertex 139.761 25.5 -11.1883
      vertex 139.467 23.7 -10.3212
      vertex 139.761 23.7 -11.1883
    endloop
  endfacet
  facet normal 0.831321 -0 0.555793
    outer loop
      vertex 138.553 23.7 -8.73867
      vertex 139.062 25.5 -9.5
      vertex 138.553 25.5 -8.73867
    endloop
  endfacet
  facet normal 0.831321 0 0.555793
    outer loop
      vertex 139.062 25.5 -9.5
      vertex 138.553 23.7 -8.73867
      vertex 139.062 23.7 -9.5
    endloop
  endfacet
  facet normal 0.659076 0 -0.752076
    outer loop
      vertex 137.261 23.7 -28.5535
      vertex 137.95 25.5 -27.9497
      vertex 137.95 23.7 -27.9497
    endloop
  endfacet
  facet normal 0.659076 0 -0.752076
    outer loop
      vertex 137.95 25.5 -27.9497
      vertex 137.261 23.7 -28.5535
      vertex 137.261 25.5 -28.5535
    endloop
  endfacet
  facet normal -0.752225 0 -0.658907
    outer loop
      vertex 128.05 23.7 -27.9497
      vertex 127.447 25.5 -27.2613
      vertex 128.05 25.5 -27.9497
    endloop
  endfacet
  facet normal -0.752225 -0 -0.658907
    outer loop
      vertex 127.447 25.5 -27.2613
      vertex 128.05 23.7 -27.9497
      vertex 127.447 23.7 -27.2613
    endloop
  endfacet
  facet normal 0.321433 0 -0.946932
    outer loop
      vertex 134.812 23.7 -29.7615
      vertex 135.679 25.5 -29.4672
      vertex 135.679 23.7 -29.4672
    endloop
  endfacet
  facet normal 0.321433 0 -0.946932
    outer loop
      vertex 135.679 25.5 -29.4672
      vertex 134.812 23.7 -29.7615
      vertex 134.812 25.5 -29.7615
    endloop
  endfacet
  facet normal 0.195066 0 -0.98079
    outer loop
      vertex 133.914 23.7 -29.9401
      vertex 134.812 25.5 -29.7615
      vertex 134.812 23.7 -29.7615
    endloop
  endfacet
  facet normal 0.195066 0 -0.98079
    outer loop
      vertex 134.812 25.5 -29.7615
      vertex 133.914 23.7 -29.9401
      vertex 133.914 25.5 -29.9401
    endloop
  endfacet
  facet normal -0.89686 0 -0.442314
    outer loop
      vertex 126.938 23.7 -26.5
      vertex 126.533 25.5 -25.6788
      vertex 126.938 25.5 -26.5
    endloop
  endfacet
  facet normal -0.89686 -0 -0.442314
    outer loop
      vertex 126.533 25.5 -25.6788
      vertex 126.938 23.7 -26.5
      vertex 126.533 23.7 -25.6788
    endloop
  endfacet
  facet normal -0.980706 0 0.195486
    outer loop
      vertex 126.06 23.7 -12.0863
      vertex 126.239 25.5 -11.1883
      vertex 126.06 25.5 -12.0863
    endloop
  endfacet
  facet normal -0.980706 0 0.195486
    outer loop
      vertex 126.239 25.5 -11.1883
      vertex 126.06 23.7 -12.0863
      vertex 126.239 23.7 -11.1883
    endloop
  endfacet
  facet normal -1 0 0
    outer loop
      vertex 126 23.7 -23
      vertex 126 25.5 -13
      vertex 126 25.5 -23
    endloop
  endfacet
  facet normal -1 -0 0
    outer loop
      vertex 126 25.5 -13
      vertex 126 23.7 -23
      vertex 126 23.7 -13
    endloop
  endfacet
  facet normal -0.997851 0 -0.0655259
    outer loop
      vertex 126.06 23.7 -23.9137
      vertex 126 25.5 -23
      vertex 126.06 25.5 -23.9137
    endloop
  endfacet
  facet normal -0.997851 -0 -0.0655259
    outer loop
      vertex 126 25.5 -23
      vertex 126.06 23.7 -23.9137
      vertex 126 23.7 -23
    endloop
  endfacet
  facet normal 0.555741 0 0.831356
    outer loop
      vertex 136.5 25.5 -6.93782
      vertex 137.261 23.7 -7.44653
      vertex 137.261 25.5 -7.44653
    endloop
  endfacet
  facet normal 0.555741 0 0.831356
    outer loop
      vertex 137.261 23.7 -7.44653
      vertex 136.5 25.5 -6.93782
      vertex 136.5 23.7 -6.93782
    endloop
  endfacet
  facet normal -0.89686 0 0.442314
    outer loop
      vertex 126.533 23.7 -10.3212
      vertex 126.938 25.5 -9.5
      vertex 126.533 25.5 -10.3212
    endloop
  endfacet
  facet normal -0.89686 0 0.442314
    outer loop
      vertex 126.938 25.5 -9.5
      vertex 126.533 23.7 -10.3212
      vertex 126.938 23.7 -9.5
    endloop
  endfacet
  facet normal 0.0653849 0 0.99786
    outer loop
      vertex 133 25.5 -6
      vertex 133.914 23.7 -6.05989
      vertex 133.914 25.5 -6.05989
    endloop
  endfacet
  facet normal 0.0653849 0 0.99786
    outer loop
      vertex 133.914 23.7 -6.05989
      vertex 133 25.5 -6
      vertex 133 23.7 -6
    endloop
  endfacet
  facet normal 0.195097 0 0.980784
    outer loop
      vertex 133.914 25.5 -6.05989
      vertex 134.812 23.7 -6.23852
      vertex 134.812 25.5 -6.23852
    endloop
  endfacet
  facet normal 0.195097 0 0.980784
    outer loop
      vertex 134.812 23.7 -6.23852
      vertex 133.914 25.5 -6.05989
      vertex 133.914 23.7 -6.05989
    endloop
  endfacet
  facet normal -0.442383 0 0.896826
    outer loop
      vertex 129.5 25.5 -6.93782
      vertex 130.321 23.7 -6.53284
      vertex 130.321 25.5 -6.53284
    endloop
  endfacet
  facet normal -0.442383 0 0.896826
    outer loop
      vertex 130.321 23.7 -6.53284
      vertex 129.5 25.5 -6.93782
      vertex 129.5 23.7 -6.93782
    endloop
  endfacet
  facet normal -0.752234 0 0.658896
    outer loop
      vertex 127.447 23.7 -8.73867
      vertex 128.05 25.5 -8.05025
      vertex 127.447 25.5 -8.73867
    endloop
  endfacet
  facet normal -0.752234 0 0.658896
    outer loop
      vertex 128.05 25.5 -8.05025
      vertex 127.447 23.7 -8.73867
      vertex 128.05 23.7 -8.05025
    endloop
  endfacet
  facet normal -0.442401 0 -0.896817
    outer loop
      vertex 129.5 23.7 -29.0622
      vertex 130.321 25.5 -29.4672
      vertex 130.321 23.7 -29.4672
    endloop
  endfacet
  facet normal -0.442401 0 -0.896817
    outer loop
      vertex 130.321 25.5 -29.4672
      vertex 129.5 23.7 -29.0622
      vertex 129.5 25.5 -29.0622
    endloop
  endfacet
  facet normal -0.321433 0 -0.946932
    outer loop
      vertex 130.321 23.7 -29.4672
      vertex 131.188 25.5 -29.7615
      vertex 131.188 23.7 -29.7615
    endloop
  endfacet
  facet normal -0.321433 0 -0.946932
    outer loop
      vertex 131.188 25.5 -29.7615
      vertex 130.321 23.7 -29.4672
      vertex 130.321 25.5 -29.4672
    endloop
  endfacet
  facet normal -0.0653958 0 -0.997859
    outer loop
      vertex 132.086 23.7 -29.9401
      vertex 133 25.5 -30
      vertex 133 23.7 -30
    endloop
  endfacet
  facet normal -0.0653958 0 -0.997859
    outer loop
      vertex 133 25.5 -30
      vertex 132.086 23.7 -29.9401
      vertex 132.086 25.5 -29.9401
    endloop
  endfacet
  facet normal -0.659076 0 -0.752076
    outer loop
      vertex 128.05 23.7 -27.9497
      vertex 128.739 25.5 -28.5535
      vertex 128.739 23.7 -28.5535
    endloop
  endfacet
  facet normal -0.659076 0 -0.752076
    outer loop
      vertex 128.739 25.5 -28.5535
      vertex 128.05 23.7 -27.9497
      vertex 128.05 25.5 -27.9497
    endloop
  endfacet
  facet normal -0.555733 0 -0.831361
    outer loop
      vertex 128.739 23.7 -28.5535
      vertex 129.5 25.5 -29.0622
      vertex 129.5 23.7 -29.0622
    endloop
  endfacet
  facet normal -0.555733 0 -0.831361
    outer loop
      vertex 129.5 25.5 -29.0622
      vertex 128.739 23.7 -28.5535
      vertex 128.739 25.5 -28.5535
    endloop
  endfacet
  facet normal 0.442401 0 -0.896817
    outer loop
      vertex 135.679 23.7 -29.4672
      vertex 136.5 25.5 -29.0622
      vertex 136.5 23.7 -29.0622
    endloop
  endfacet
  facet normal 0.442401 0 -0.896817
    outer loop
      vertex 136.5 25.5 -29.0622
      vertex 135.679 23.7 -29.4672
      vertex 135.679 25.5 -29.4672
    endloop
  endfacet
  facet normal -0.947043 0 -0.321106
    outer loop
      vertex 126.533 23.7 -25.6788
      vertex 126.239 25.5 -24.8117
      vertex 126.533 25.5 -25.6788
    endloop
  endfacet
  facet normal -0.947043 -0 -0.321106
    outer loop
      vertex 126.239 25.5 -24.8117
      vertex 126.533 23.7 -25.6788
      vertex 126.239 23.7 -24.8117
    endloop
  endfacet
  facet normal -0.980706 0 -0.195486
    outer loop
      vertex 126.239 23.7 -24.8117
      vertex 126.06 25.5 -23.9137
      vertex 126.239 25.5 -24.8117
    endloop
  endfacet
  facet normal -0.980706 -0 -0.195486
    outer loop
      vertex 126.06 25.5 -23.9137
      vertex 126.239 23.7 -24.8117
      vertex 126.06 23.7 -23.9137
    endloop
  endfacet
  facet normal 0.442383 0 0.896826
    outer loop
      vertex 135.679 25.5 -6.53284
      vertex 136.5 23.7 -6.93782
      vertex 136.5 25.5 -6.93782
    endloop
  endfacet
  facet normal 0.442383 0 0.896826
    outer loop
      vertex 136.5 23.7 -6.93782
      vertex 135.679 25.5 -6.53284
      vertex 135.679 23.7 -6.53284
    endloop
  endfacet
  facet normal -0.0653849 0 0.99786
    outer loop
      vertex 132.086 25.5 -6.05989
      vertex 133 23.7 -6
      vertex 133 25.5 -6
    endloop
  endfacet
  facet normal -0.0653849 0 0.99786
    outer loop
      vertex 133 23.7 -6
      vertex 132.086 25.5 -6.05989
      vertex 132.086 23.7 -6.05989
    endloop
  endfacet
  facet normal -0.555741 0 0.831356
    outer loop
      vertex 128.739 25.5 -7.44653
      vertex 129.5 23.7 -6.93782
      vertex 129.5 25.5 -6.93782
    endloop
  endfacet
  facet normal -0.555741 0 0.831356
    outer loop
      vertex 129.5 23.7 -6.93782
      vertex 128.739 25.5 -7.44653
      vertex 128.739 23.7 -7.44653
    endloop
  endfacet
  facet normal -0.659027 0 0.752119
    outer loop
      vertex 128.05 25.5 -8.05025
      vertex 128.739 23.7 -7.44653
      vertex 128.739 25.5 -7.44653
    endloop
  endfacet
  facet normal -0.659027 0 0.752119
    outer loop
      vertex 128.739 23.7 -7.44653
      vertex 128.05 25.5 -8.05025
      vertex 128.05 23.7 -8.05025
    endloop
  endfacet
  facet normal -0.831321 0 0.555793
    outer loop
      vertex 126.938 23.7 -9.5
      vertex 127.447 25.5 -8.73867
      vertex 126.938 25.5 -9.5
    endloop
  endfacet
  facet normal -0.831321 0 0.555793
    outer loop
      vertex 127.447 25.5 -8.73867
      vertex 126.938 23.7 -9.5
      vertex 127.447 23.7 -8.73867
    endloop
  endfacet
  facet normal -0.0654021 0 0.997859
    outer loop
      vertex -0.844209 28.5 7.73156
      vertex 0.2 25.5 7.8
      vertex 0.2 28.5 7.8
    endloop
  endfacet
  facet normal -0.0654021 0 0.997859
    outer loop
      vertex 0.2 25.5 7.8
      vertex -0.844209 28.5 7.73156
      vertex -0.844209 25.5 7.73156
    endloop
  endfacet
  facet normal -0.997858 0 -0.0654151
    outer loop
      vertex -7.73156 25.5 -115.844
      vertex -7.8 28.5 -114.8
      vertex -7.73156 28.5 -115.844
    endloop
  endfacet
  facet normal -0.997858 -0 -0.0654151
    outer loop
      vertex -7.8 28.5 -114.8
      vertex -7.73156 25.5 -115.844
      vertex -7.8 25.5 -114.8
    endloop
  endfacet
  facet normal 0 -1 -0
    outer loop
      vertex 120.65 25.5 -101
      vertex 2.18546 25.5 -114.278
      vertex 120.662 25.5 -101.176
    endloop
  endfacet
  facet normal 0 -1 0
    outer loop
      vertex 121.651 25.5 -102.304
      vertex 156.278 25.5 -112.815
      vertex 156.5 25.5 -112.8
    endloop
  endfacet
  facet normal 0 -1 0
    outer loop
      vertex 2.2 25.5 -114.5
      vertex 120.662 25.5 -101.176
      vertex 2.18546 25.5 -114.278
    endloop
  endfacet
  facet normal 0 -1 0
    outer loop
      vertex 121.651 25.5 -102.304
      vertex 156.06 25.5 -112.858
      vertex 156.278 25.5 -112.815
    endloop
  endfacet
  facet normal 0 -1 -0
    outer loop
      vertex 120.662 25.5 -101.176
      vertex 2.2 25.5 -114.5
      vertex 120.696 25.5 -101.349
    endloop
  endfacet
  facet normal 0 -1 0
    outer loop
      vertex 121.651 25.5 -102.304
      vertex 155.849 25.5 -112.929
      vertex 156.06 25.5 -112.858
    endloop
  endfacet
  facet normal 0 -1 0
    outer loop
      vertex 2.18546 25.5 -114.722
      vertex 120.696 25.5 -101.349
      vertex 2.2 25.5 -114.5
    endloop
  endfacet
  facet normal 0 -1 0
    outer loop
      vertex 121.651 25.5 -102.304
      vertex 155.65 25.5 -113.028
      vertex 155.849 25.5 -112.929
    endloop
  endfacet
  facet normal 0 -1 -0
    outer loop
      vertex 120.696 25.5 -101.349
      vertex 2.18546 25.5 -114.722
      vertex 120.753 25.5 -101.517
    endloop
  endfacet
  facet normal 0 -1 0
    outer loop
      vertex 121.651 25.5 -102.304
      vertex 155.465 25.5 -113.151
      vertex 155.65 25.5 -113.028
    endloop
  endfacet
  facet normal 0 -1 0
    outer loop
      vertex 2.14207 25.5 -114.94
      vertex 120.753 25.5 -101.517
      vertex 2.18546 25.5 -114.722
    endloop
  endfacet
  facet normal 0 -1 0
    outer loop
      vertex 121.651 25.5 -102.304
      vertex 155.298 25.5 -113.298
      vertex 155.465 25.5 -113.151
    endloop
  endfacet
  facet normal 0 -1 -0
    outer loop
      vertex 120.753 25.5 -101.517
      vertex 2.14207 25.5 -114.94
      vertex 120.831 25.5 -101.675
    endloop
  endfacet
  facet normal 0 -1 0
    outer loop
      vertex 121.651 25.5 -102.304
      vertex 155.151 25.5 -113.465
      vertex 155.298 25.5 -113.298
    endloop
  endfacet
  facet normal 0 -1 0
    outer loop
      vertex 0.2 25.5 -122.8
      vertex 120.831 25.5 -101.675
      vertex 2.14207 25.5 -114.94
    endloop
  endfacet
  facet normal 0 -1 0
    outer loop
      vertex 121.651 25.5 -102.304
      vertex 155.028 25.5 -113.65
      vertex 155.151 25.5 -113.465
    endloop
  endfacet
  facet normal 0 -1 -0
    outer loop
      vertex 120.831 25.5 -101.675
      vertex 0.2 25.5 -122.8
      vertex 120.929 25.5 -101.822
    endloop
  endfacet
  facet normal 0 -1 0
    outer loop
      vertex 121.651 25.5 -102.304
      vertex 154.929 25.5 -113.849
      vertex 155.028 25.5 -113.65
    endloop
  endfacet
  facet normal 0 -1 -0
    outer loop
      vertex 120.929 25.5 -101.822
      vertex 0.2 25.5 -122.8
      vertex 121.045 25.5 -101.955
    endloop
  endfacet
  facet normal 0 -1 0
    outer loop
      vertex 121.651 25.5 -102.304
      vertex 154.858 25.5 -114.06
      vertex 154.929 25.5 -113.849
    endloop
  endfacet
  facet normal 0 -1 -0
    outer loop
      vertex 121.045 25.5 -101.955
      vertex 0.2 25.5 -122.8
      vertex 121.178 25.5 -102.071
    endloop
  endfacet
  facet normal 0 -1 0
    outer loop
      vertex 121.651 25.5 -102.304
      vertex 154.815 25.5 -114.278
      vertex 154.858 25.5 -114.06
    endloop
  endfacet
  facet normal 0 -1 -0
    outer loop
      vertex 121.178 25.5 -102.071
      vertex 0.2 25.5 -122.8
      vertex 121.325 25.5 -102.169
    endloop
  endfacet
  facet normal 0 -1 0
    outer loop
      vertex 121.651 25.5 -102.304
      vertex 154.8 25.5 -114.5
      vertex 154.815 25.5 -114.278
    endloop
  endfacet
  facet normal 0 -1 -0
    outer loop
      vertex 121.325 25.5 -102.169
      vertex 0.2 25.5 -122.8
      vertex 121.483 25.5 -102.247
    endloop
  endfacet
  facet normal 0 -1 0
    outer loop
      vertex 121.651 25.5 -102.304
      vertex 154.815 25.5 -114.722
      vertex 154.8 25.5 -114.5
    endloop
  endfacet
  facet normal 0 -1 0
    outer loop
      vertex 156.8 25.5 -122.8
      vertex 121.483 25.5 -102.247
      vertex 0.2 25.5 -122.8
    endloop
  endfacet
  facet normal 0 -1 0
    outer loop
      vertex 121.651 25.5 -102.304
      vertex 154.858 25.5 -114.94
      vertex 154.815 25.5 -114.722
    endloop
  endfacet
  facet normal 0 -1 0
    outer loop
      vertex 0.2 25.5 -122.8
      vertex 2.14207 25.5 -114.94
      vertex 2.07059 25.5 -115.151
    endloop
  endfacet
  facet normal 0 -1 0
    outer loop
      vertex 121.483 25.5 -102.247
      vertex 156.8 25.5 -122.8
      vertex 121.651 25.5 -102.304
    endloop
  endfacet
  facet normal 0 -1 0
    outer loop
      vertex 0.2 25.5 -122.8
      vertex 2.07059 25.5 -115.151
      vertex 1.97224 25.5 -115.35
    endloop
  endfacet
  facet normal -0 -1 -0
    outer loop
      vertex 154.929 25.5 -115.151
      vertex 121.651 25.5 -102.304
      vertex 156.8 25.5 -122.8
    endloop
  endfacet
  facet normal 0 -1 0
    outer loop
      vertex 0.2 25.5 -122.8
      vertex 1.97224 25.5 -115.35
      vertex 1.8487 25.5 -115.535
    endloop
  endfacet
  facet normal 0 -1 0
    outer loop
      vertex 121.651 25.5 -102.304
      vertex 154.929 25.5 -115.151
      vertex 154.858 25.5 -114.94
    endloop
  endfacet
  facet normal 0 -1 0
    outer loop
      vertex 0.2 25.5 -122.8
      vertex 1.8487 25.5 -115.535
      vertex 1.70208 25.5 -115.702
    endloop
  endfacet
  facet normal 0 -1 0
    outer loop
      vertex 154.929 25.5 -115.151
      vertex 156.8 25.5 -122.8
      vertex 155.028 25.5 -115.35
    endloop
  endfacet
  facet normal 0 -1 0
    outer loop
      vertex 0.2 25.5 -122.8
      vertex 1.70208 25.5 -115.702
      vertex 1.53489 25.5 -115.849
    endloop
  endfacet
  facet normal 0 -1 0
    outer loop
      vertex 155.028 25.5 -115.35
      vertex 156.8 25.5 -122.8
      vertex 155.151 25.5 -115.535
    endloop
  endfacet
  facet normal 0 -1 0
    outer loop
      vertex 0.2 25.5 -122.8
      vertex 1.53489 25.5 -115.849
      vertex 1.35 25.5 -115.972
    endloop
  endfacet
  facet normal 0 -1 0
    outer loop
      vertex 155.151 25.5 -115.535
      vertex 156.8 25.5 -122.8
      vertex 155.298 25.5 -115.702
    endloop
  endfacet
  facet normal 0 -1 0
    outer loop
      vertex 0.2 25.5 -122.8
      vertex 1.35 25.5 -115.972
      vertex 1.15056 25.5 -116.071
    endloop
  endfacet
  facet normal 0 -1 0
    outer loop
      vertex 155.298 25.5 -115.702
      vertex 156.8 25.5 -122.8
      vertex 155.465 25.5 -115.849
    endloop
  endfacet
  facet normal 0 -1 0
    outer loop
      vertex 0.2 25.5 -122.8
      vertex 1.15056 25.5 -116.071
      vertex 0.939992 25.5 -116.142
    endloop
  endfacet
  facet normal 0 -1 0
    outer loop
      vertex 155.465 25.5 -115.849
      vertex 156.8 25.5 -122.8
      vertex 155.65 25.5 -115.972
    endloop
  endfacet
  facet normal 0 -1 0
    outer loop
      vertex 0.2 25.5 -122.8
      vertex 0.939992 25.5 -116.142
      vertex 0.721894 25.5 -116.185
    endloop
  endfacet
  facet normal 0 -1 0
    outer loop
      vertex 155.65 25.5 -115.972
      vertex 156.8 25.5 -122.8
      vertex 155.849 25.5 -116.071
    endloop
  endfacet
  facet normal 0 -1 0
    outer loop
      vertex 0.2 25.5 -122.8
      vertex 0.721894 25.5 -116.185
      vertex 0.5 25.5 -116.2
    endloop
  endfacet
  facet normal 0 -1 0
    outer loop
      vertex 155.849 25.5 -116.071
      vertex 156.8 25.5 -122.8
      vertex 156.06 25.5 -116.142
    endloop
  endfacet
  facet normal 0 -1 0
    outer loop
      vertex 26.6788 25.5 -6.53284
      vertex 0.2 25.5 7.8
      vertex 25.8117 25.5 -6.23852
    endloop
  endfacet
  facet normal 0 -1 0
    outer loop
      vertex 156.8 25.5 7.8
      vertex 132.086 25.5 -6.05989
      vertex 133 25.5 -6
    endloop
  endfacet
  facet normal 0 -1 0
    outer loop
      vertex 0.2 25.5 7.8
      vertex 26.6788 25.5 -6.53284
      vertex 156.8 25.5 7.8
    endloop
  endfacet
  facet normal 0 -1 0
    outer loop
      vertex 156.8 25.5 7.8
      vertex 131.188 25.5 -6.23852
      vertex 132.086 25.5 -6.05989
    endloop
  endfacet
  facet normal 0 -1 0
    outer loop
      vertex 130.321 25.5 -6.53284
      vertex 156.8 25.5 7.8
      vertex 26.6788 25.5 -6.53284
    endloop
  endfacet
  facet normal 0 -1 0
    outer loop
      vertex 156.8 25.5 7.8
      vertex 130.321 25.5 -6.53284
      vertex 131.188 25.5 -6.23852
    endloop
  endfacet
  facet normal 0 -1 0
    outer loop
      vertex 27.5 25.5 -6.93782
      vertex 130.321 25.5 -6.53284
      vertex 26.6788 25.5 -6.53284
    endloop
  endfacet
  facet normal 0 -1 0
    outer loop
      vertex 27.5 25.5 -6.93782
      vertex 129.5 25.5 -6.93782
      vertex 130.321 25.5 -6.53284
    endloop
  endfacet
  facet normal 0 -1 0
    outer loop
      vertex 28.2613 25.5 -7.44653
      vertex 129.5 25.5 -6.93782
      vertex 27.5 25.5 -6.93782
    endloop
  endfacet
  facet normal 0 -1 0
    outer loop
      vertex 28.2613 25.5 -7.44653
      vertex 128.739 25.5 -7.44653
      vertex 129.5 25.5 -6.93782
    endloop
  endfacet
  facet normal 0 -1 0
    outer loop
      vertex 28.9497 25.5 -8.05025
      vertex 128.739 25.5 -7.44653
      vertex 28.2613 25.5 -7.44653
    endloop
  endfacet
  facet normal 0 -1 0
    outer loop
      vertex 28.9497 25.5 -8.05025
      vertex 128.05 25.5 -8.05025
      vertex 128.739 25.5 -7.44653
    endloop
  endfacet
  facet normal 0 -1 0
    outer loop
      vertex 29.5535 25.5 -8.73867
      vertex 128.05 25.5 -8.05025
      vertex 28.9497 25.5 -8.05025
    endloop
  endfacet
  facet normal 0 -1 0
    outer loop
      vertex 29.5535 25.5 -8.73867
      vertex 127.447 25.5 -8.73867
      vertex 128.05 25.5 -8.05025
    endloop
  endfacet
  facet normal 0 -1 0
    outer loop
      vertex 30.0622 25.5 -9.5
      vertex 127.447 25.5 -8.73867
      vertex 29.5535 25.5 -8.73867
    endloop
  endfacet
  facet normal 0 -1 0
    outer loop
      vertex 30.0622 25.5 -9.5
      vertex 126.938 25.5 -9.5
      vertex 127.447 25.5 -8.73867
    endloop
  endfacet
  facet normal 0 -1 0
    outer loop
      vertex 30.4672 25.5 -10.3212
      vertex 126.938 25.5 -9.5
      vertex 30.0622 25.5 -9.5
    endloop
  endfacet
  facet normal 0 -1 0
    outer loop
      vertex 30.4672 25.5 -10.3212
      vertex 126.533 25.5 -10.3212
      vertex 126.938 25.5 -9.5
    endloop
  endfacet
  facet normal 0 -1 0
    outer loop
      vertex 30.7615 25.5 -11.1883
      vertex 126.533 25.5 -10.3212
      vertex 30.4672 25.5 -10.3212
    endloop
  endfacet
  facet normal 0 -1 0
    outer loop
      vertex 30.7615 25.5 -11.1883
      vertex 126.239 25.5 -11.1883
      vertex 126.533 25.5 -10.3212
    endloop
  endfacet
  facet normal 0 -1 0
    outer loop
      vertex 30.9401 25.5 -12.0863
      vertex 126.239 25.5 -11.1883
      vertex 30.7615 25.5 -11.1883
    endloop
  endfacet
  facet normal 0 -1 0
    outer loop
      vertex 30.9401 25.5 -12.0863
      vertex 126.06 25.5 -12.0863
      vertex 126.239 25.5 -11.1883
    endloop
  endfacet
  facet normal 0 -1 0
    outer loop
      vertex 31 25.5 -13
      vertex 126.06 25.5 -12.0863
      vertex 30.9401 25.5 -12.0863
    endloop
  endfacet
  facet normal 0 -1 0
    outer loop
      vertex 31 25.5 -13
      vertex 126 25.5 -13
      vertex 126.06 25.5 -12.0863
    endloop
  endfacet
  facet normal 0 -1 0
    outer loop
      vertex 120.753 25.5 -37.4834
      vertex 31 25.5 -13
      vertex 31 25.5 -23
    endloop
  endfacet
  facet normal 0 -1 0
    outer loop
      vertex 31 25.5 -13
      vertex 120.831 25.5 -37.325
      vertex 126 25.5 -13
    endloop
  endfacet
  facet normal 0 -1 0
    outer loop
      vertex 120.696 25.5 -37.6506
      vertex 31 25.5 -23
      vertex 30.9401 25.5 -23.9137
    endloop
  endfacet
  facet normal 0 -1 -0
    outer loop
      vertex 126 25.5 -13
      vertex 120.831 25.5 -37.325
      vertex 126 25.5 -23
    endloop
  endfacet
  facet normal 0 -1 0
    outer loop
      vertex 120.662 25.5 -37.8238
      vertex 30.9401 25.5 -23.9137
      vertex 30.7615 25.5 -24.8117
    endloop
  endfacet
  facet normal -0 -1 0
    outer loop
      vertex 120.929 25.5 -37.1782
      vertex 126 25.5 -23
      vertex 120.831 25.5 -37.325
    endloop
  endfacet
  facet normal 0 -1 0
    outer loop
      vertex 120.65 25.5 -38
      vertex 30.7615 25.5 -24.8117
      vertex 30.4672 25.5 -25.6788
    endloop
  endfacet
  facet normal -0 -1 0
    outer loop
      vertex 121.045 25.5 -37.0454
      vertex 126 25.5 -23
      vertex 120.929 25.5 -37.1782
    endloop
  endfacet
  facet normal 0 -1 0
    outer loop
      vertex 120.65 25.5 -47
      vertex 30.4672 25.5 -25.6788
      vertex 30.0622 25.5 -26.5
    endloop
  endfacet
  facet normal -0 -1 0
    outer loop
      vertex 121.178 25.5 -36.929
      vertex 126.06 25.5 -23.9137
      vertex 121.045 25.5 -37.0454
    endloop
  endfacet
  facet normal 0 -1 0
    outer loop
      vertex 120.65 25.5 -56
      vertex 30.0622 25.5 -26.5
      vertex 29.5535 25.5 -27.2613
    endloop
  endfacet
  facet normal 0 -1 -0
    outer loop
      vertex 126.06 25.5 -23.9137
      vertex 121.178 25.5 -36.929
      vertex 126.239 25.5 -24.8117
    endloop
  endfacet
  facet normal 0 -1 0
    outer loop
      vertex 120.65 25.5 -65
      vertex 29.5535 25.5 -27.2613
      vertex 28.9497 25.5 -27.9497
    endloop
  endfacet
  facet normal -0 -1 0
    outer loop
      vertex 121.325 25.5 -36.8309
      vertex 126.239 25.5 -24.8117
      vertex 121.178 25.5 -36.929
    endloop
  endfacet
  facet normal 0 -1 0
    outer loop
      vertex 120.662 25.5 -65.1762
      vertex 28.9497 25.5 -27.9497
      vertex 28.2613 25.5 -28.5535
    endloop
  endfacet
  facet normal 0 -1 -0
    outer loop
      vertex 126.239 25.5 -24.8117
      vertex 121.483 25.5 -36.7528
      vertex 126.533 25.5 -25.6788
    endloop
  endfacet
  facet normal 0 -1 0
    outer loop
      vertex 120.65 25.5 -74
      vertex 28.2613 25.5 -28.5535
      vertex 27.5 25.5 -29.0622
    endloop
  endfacet
  facet normal -0 -1 0
    outer loop
      vertex 121.651 25.5 -36.696
      vertex 126.533 25.5 -25.6788
      vertex 121.483 25.5 -36.7528
    endloop
  endfacet
  facet normal 0 -1 0
    outer loop
      vertex 1.35 25.5 -113.028
      vertex 24 25.5 -30
      vertex 1.15056 25.5 -112.929
    endloop
  endfacet
  facet normal -0 -1 0
    outer loop
      vertex 121.824 25.5 -36.6615
      vertex 126.938 25.5 -26.5
      vertex 121.651 25.5 -36.696
    endloop
  endfacet
  facet normal 0 -1 -0
    outer loop
      vertex 23.0863 25.5 -29.9401
      vertex 1.15056 25.5 -112.929
      vertex 24 25.5 -30
    endloop
  endfacet
  facet normal -0 -1 0
    outer loop
      vertex 122 25.5 -36.65
      vertex 126.938 25.5 -26.5
      vertex 121.824 25.5 -36.6615
    endloop
  endfacet
  facet normal 0 -1 0
    outer loop
      vertex 1.15056 25.5 -112.929
      vertex 23.0863 25.5 -29.9401
      vertex 0.939992 25.5 -112.858
    endloop
  endfacet
  facet normal 0 -1 -0
    outer loop
      vertex 127.447 25.5 -27.2613
      vertex 122 25.5 -36.65
      vertex 128.05 25.5 -27.9497
    endloop
  endfacet
  facet normal 0 -1 -0
    outer loop
      vertex 22.1883 25.5 -29.7615
      vertex 0.939992 25.5 -112.858
      vertex 23.0863 25.5 -29.9401
    endloop
  endfacet
  facet normal 0 -1 -0
    outer loop
      vertex 128.05 25.5 -27.9497
      vertex 122 25.5 -36.65
      vertex 128.739 25.5 -28.5535
    endloop
  endfacet
  facet normal 0 -1 0
    outer loop
      vertex 1.15056 25.5 1.07059
      vertex 0.2 25.5 7.8
      vertex 0.939992 25.5 1.14207
    endloop
  endfacet
  facet normal 0 -1 0
    outer loop
      vertex 156.8 25.5 7.8
      vertex 156.278 25.5 1.18546
      vertex 156.5 25.5 1.2
    endloop
  endfacet
  facet normal 0 -1 0
    outer loop
      vertex 1.35 25.5 0.972242
      vertex 0.2 25.5 7.8
      vertex 1.15056 25.5 1.07059
    endloop
  endfacet
  facet normal 0 -1 0
    outer loop
      vertex 156.8 25.5 7.8
      vertex 156.06 25.5 1.14207
      vertex 156.278 25.5 1.18546
    endloop
  endfacet
  facet normal 0 -1 0
    outer loop
      vertex 24.9137 25.5 -6.05989
      vertex 0.2 25.5 7.8
      vertex 24 25.5 -6
    endloop
  endfacet
  facet normal 0 -1 0
    outer loop
      vertex 156.8 25.5 7.8
      vertex 155.849 25.5 1.07059
      vertex 156.06 25.5 1.14207
    endloop
  endfacet
  facet normal 0 -1 0
    outer loop
      vertex 1.53489 25.5 0.848701
      vertex 0.2 25.5 7.8
      vertex 1.35 25.5 0.972242
    endloop
  endfacet
  facet normal 0 -1 0
    outer loop
      vertex 25.8117 25.5 -6.23852
      vertex 0.2 25.5 7.8
      vertex 24.9137 25.5 -6.05989
    endloop
  endfacet
  facet normal 0 -1 0
    outer loop
      vertex 1.70208 25.5 0.702081
      vertex 0.2 25.5 7.8
      vertex 1.53489 25.5 0.848701
    endloop
  endfacet
  facet normal 0 -1 0
    outer loop
      vertex 133.914 25.5 -6.05989
      vertex 156.8 25.5 7.8
      vertex 133 25.5 -6
    endloop
  endfacet
  facet normal 0 -1 0
    outer loop
      vertex 1.8487 25.5 0.534894
      vertex 0.2 25.5 7.8
      vertex 1.70208 25.5 0.702081
    endloop
  endfacet
  facet normal 0 -1 0
    outer loop
      vertex 156.8 25.5 7.8
      vertex 155.65 25.5 0.972242
      vertex 155.849 25.5 1.07059
    endloop
  endfacet
  facet normal 0 -1 0
    outer loop
      vertex 1.97224 25.5 0.349999
      vertex 0.2 25.5 7.8
      vertex 1.8487 25.5 0.534894
    endloop
  endfacet
  facet normal 0 -1 0
    outer loop
      vertex 156.8 25.5 7.8
      vertex 155.465 25.5 0.848701
      vertex 155.65 25.5 0.972242
    endloop
  endfacet
  facet normal 0 -1 0
    outer loop
      vertex 21.3212 25.5 -6.53284
      vertex 0.2 25.5 7.8
      vertex 1.97224 25.5 0.349999
    endloop
  endfacet
  facet normal 0 -1 0
    outer loop
      vertex 134.812 25.5 -6.23852
      vertex 156.8 25.5 7.8
      vertex 133.914 25.5 -6.05989
    endloop
  endfacet
  facet normal 0 -1 0
    outer loop
      vertex 21.3212 25.5 -6.53284
      vertex 1.97224 25.5 0.349999
      vertex 2.07059 25.5 0.150561
    endloop
  endfacet
  facet normal 0 -1 0
    outer loop
      vertex 156.8 25.5 7.8
      vertex 155.298 25.5 0.702081
      vertex 155.465 25.5 0.848701
    endloop
  endfacet
  facet normal 0 -1 0
    outer loop
      vertex 20.5 25.5 -6.93782
      vertex 2.07059 25.5 0.150561
      vertex 2.14207 25.5 -0.0600071
    endloop
  endfacet
  facet normal 0 -1 0
    outer loop
      vertex 135.679 25.5 -6.53284
      vertex 156.8 25.5 7.8
      vertex 134.812 25.5 -6.23852
    endloop
  endfacet
  facet normal 0 -1 0
    outer loop
      vertex 19.7387 25.5 -7.44653
      vertex 2.14207 25.5 -0.0600071
      vertex 2.18546 25.5 -0.278105
    endloop
  endfacet
  facet normal 0 -1 0
    outer loop
      vertex 156.8 25.5 7.8
      vertex 155.151 25.5 0.534894
      vertex 155.298 25.5 0.702081
    endloop
  endfacet
  facet normal 0 -1 0
    outer loop
      vertex 19.7387 25.5 -7.44653
      vertex 2.18546 25.5 -0.278105
      vertex 2.2 25.5 -0.5
    endloop
  endfacet
  facet normal 0 -1 0
    outer loop
      vertex 156.8 25.5 7.8
      vertex 155.028 25.5 0.349999
      vertex 155.151 25.5 0.534894
    endloop
  endfacet
  facet normal 0 -1 0
    outer loop
      vertex 19.0503 25.5 -8.05025
      vertex 2.2 25.5 -0.5
      vertex 2.18546 25.5 -0.721894
    endloop
  endfacet
  facet normal 0 -1 0
    outer loop
      vertex 156.8 25.5 7.8
      vertex 135.679 25.5 -6.53284
      vertex 155.028 25.5 0.349999
    endloop
  endfacet
  facet normal 0 -1 0
    outer loop
      vertex 18.4465 25.5 -8.73867
      vertex 2.18546 25.5 -0.721894
      vertex 2.14207 25.5 -0.939992
    endloop
  endfacet
  facet normal 0 -1 0
    outer loop
      vertex 155.028 25.5 0.349999
      vertex 135.679 25.5 -6.53284
      vertex 154.929 25.5 0.150561
    endloop
  endfacet
  facet normal 0 -1 0
    outer loop
      vertex 18.4465 25.5 -8.73867
      vertex 2.14207 25.5 -0.939992
      vertex 2.07059 25.5 -1.15056
    endloop
  endfacet
  facet normal 0 -1 0
    outer loop
      vertex 136.5 25.5 -6.93782
      vertex 154.929 25.5 0.150561
      vertex 135.679 25.5 -6.53284
    endloop
  endfacet
  facet normal 0 -1 0
    outer loop
      vertex 17.9378 25.5 -9.5
      vertex 2.07059 25.5 -1.15056
      vertex 1.97224 25.5 -1.35
    endloop
  endfacet
  facet normal 0 -1 0
    outer loop
      vertex 154.929 25.5 0.150561
      vertex 136.5 25.5 -6.93782
      vertex 154.858 25.5 -0.0600071
    endloop
  endfacet
  facet normal 0 -1 0
    outer loop
      vertex 17.5328 25.5 -10.3212
      vertex 1.97224 25.5 -1.35
      vertex 1.8487 25.5 -1.53489
    endloop
  endfacet
  facet normal 0 -1 0
    outer loop
      vertex 137.261 25.5 -7.44653
      vertex 154.858 25.5 -0.0600071
      vertex 136.5 25.5 -6.93782
    endloop
  endfacet
  facet normal 0 -1 0
    outer loop
      vertex 17.5328 25.5 -10.3212
      vertex 1.8487 25.5 -1.53489
      vertex 1.70208 25.5 -1.70208
    endloop
  endfacet
  facet normal 0 -1 0
    outer loop
      vertex 154.858 25.5 -0.0600071
      vertex 137.261 25.5 -7.44653
      vertex 154.815 25.5 -0.278105
    endloop
  endfacet
  facet normal 0 -1 0
    outer loop
      vertex 17.2385 25.5 -11.1883
      vertex 1.70208 25.5 -1.70208
      vertex 1.53489 25.5 -1.8487
    endloop
  endfacet
  facet normal 0 -1 0
    outer loop
      vertex 154.815 25.5 -0.278105
      vertex 137.261 25.5 -7.44653
      vertex 154.8 25.5 -0.5
    endloop
  endfacet
  facet normal 0 -1 0
    outer loop
      vertex 17.0599 25.5 -12.0863
      vertex 1.53489 25.5 -1.8487
      vertex 1.35 25.5 -1.97224
    endloop
  endfacet
  facet normal 0 -1 0
    outer loop
      vertex 137.95 25.5 -8.05025
      vertex 154.8 25.5 -0.5
      vertex 137.261 25.5 -7.44653
    endloop
  endfacet
  facet normal 0 -1 0
    outer loop
      vertex 17.0599 25.5 -12.0863
      vertex 1.35 25.5 -1.97224
      vertex 1.15056 25.5 -2.07059
    endloop
  endfacet
  facet normal 0 -1 -0
    outer loop
      vertex 154.8 25.5 -0.5
      vertex 137.95 25.5 -8.05025
      vertex 154.815 25.5 -0.721894
    endloop
  endfacet
  facet normal 0 -1 0
    outer loop
      vertex 17 25.5 -13
      vertex 1.15056 25.5 -2.07059
      vertex 0.939992 25.5 -2.14207
    endloop
  endfacet
  facet normal 0 -1 0
    outer loop
      vertex 138.553 25.5 -8.73867
      vertex 154.815 25.5 -0.721894
      vertex 137.95 25.5 -8.05025
    endloop
  endfacet
  facet normal 0 -1 0
    outer loop
      vertex 17 25.5 -13
      vertex 0.939992 25.5 -2.14207
      vertex 0.721894 25.5 -2.18546
    endloop
  endfacet
  facet normal 0 -1 -0
    outer loop
      vertex 154.815 25.5 -0.721894
      vertex 138.553 25.5 -8.73867
      vertex 154.858 25.5 -0.939992
    endloop
  endfacet
  facet normal 0 -1 0
    outer loop
      vertex 17 25.5 -23
      vertex 0.721894 25.5 -2.18546
      vertex 0.5 25.5 -2.2
    endloop
  endfacet
  facet normal 0 -1 -0
    outer loop
      vertex 154.858 25.5 -0.939992
      vertex 138.553 25.5 -8.73867
      vertex 154.929 25.5 -1.15056
    endloop
  endfacet
  facet normal 0 -1 0
    outer loop
      vertex 0.278105 25.5 1.18546
      vertex 0.2 25.5 7.8
      vertex -0.844209 25.5 7.73156
    endloop
  endfacet
  facet normal 0 -1 0
    outer loop
      vertex 0.721894 25.5 1.18546
      vertex 0.2 25.5 7.8
      vertex 0.5 25.5 1.2
    endloop
  endfacet
  facet normal 0 -1 0
    outer loop
      vertex 0.0600071 25.5 1.14207
      vertex -0.844209 25.5 7.73156
      vertex -1.87055 25.5 7.52741
    endloop
  endfacet
  facet normal 0 -1 0
    outer loop
      vertex 0.939992 25.5 1.14207
      vertex 0.2 25.5 7.8
      vertex 0.721894 25.5 1.18546
    endloop
  endfacet
  facet normal 0 -1 0
    outer loop
      vertex -0.150561 25.5 1.07059
      vertex -1.87055 25.5 7.52741
      vertex -2.86147 25.5 7.19104
    endloop
  endfacet
  facet normal 0 -1 0
    outer loop
      vertex 156.722 25.5 1.18546
      vertex 156.8 25.5 7.8
      vertex 156.5 25.5 1.2
    endloop
  endfacet
  facet normal 0 -1 0
    outer loop
      vertex -0.349999 25.5 0.972242
      vertex -2.86147 25.5 7.19104
      vertex -3.8 25.5 6.7282
    endloop
  endfacet
  facet normal 0 -1 -0
    outer loop
      vertex 156.8 25.5 7.8
      vertex 156.722 25.5 1.18546
      vertex 157.844 25.5 7.73156
    endloop
  endfacet
  facet normal 0 -1 0
    outer loop
      vertex -0.534894 25.5 0.848701
      vertex -3.8 25.5 6.7282
      vertex -4.67009 25.5 6.14683
    endloop
  endfacet
  facet normal 0 -1 0
    outer loop
      vertex 156.94 25.5 1.14207
      vertex 157.844 25.5 7.73156
      vertex 156.722 25.5 1.18546
    endloop
  endfacet
  facet normal 0 -1 0
    outer loop
      vertex -0.534894 25.5 0.848701
      vertex -4.67009 25.5 6.14683
      vertex -5.45685 25.5 5.45685
    endloop
  endfacet
  facet normal 0 -1 -0
    outer loop
      vertex 157.844 25.5 7.73156
      vertex 156.94 25.5 1.14207
      vertex 158.871 25.5 7.52741
    endloop
  endfacet
  facet normal 0 -1 0
    outer loop
      vertex -0.702081 25.5 0.702081
      vertex -5.45685 25.5 5.45685
      vertex -6.14683 25.5 4.67009
    endloop
  endfacet
  facet normal 0 -1 0
    outer loop
      vertex 157.151 25.5 1.07059
      vertex 158.871 25.5 7.52741
      vertex 156.94 25.5 1.14207
    endloop
  endfacet
  facet normal 0 -1 0
    outer loop
      vertex -0.848701 25.5 0.534894
      vertex -6.14683 25.5 4.67009
      vertex -6.7282 25.5 3.8
    endloop
  endfacet
  facet normal 0 -1 -0
    outer loop
      vertex 158.871 25.5 7.52741
      vertex 157.151 25.5 1.07059
      vertex 159.861 25.5 7.19104
    endloop
  endfacet
  facet normal 0 -1 0
    outer loop
      vertex -0.972242 25.5 0.349999
      vertex -6.7282 25.5 3.8
      vertex -7.19104 25.5 2.86147
    endloop
  endfacet
  facet normal 0 -1 0
    outer loop
      vertex 157.35 25.5 0.972242
      vertex 159.861 25.5 7.19104
      vertex 157.151 25.5 1.07059
    endloop
  endfacet
  facet normal 0 -1 0
    outer loop
      vertex -1.07059 25.5 0.150561
      vertex -7.19104 25.5 2.86147
      vertex -7.52741 25.5 1.87055
    endloop
  endfacet
  facet normal 0 -1 -0
    outer loop
      vertex 159.861 25.5 7.19104
      vertex 157.35 25.5 0.972242
      vertex 160.8 25.5 6.7282
    endloop
  endfacet
  facet normal 0 -1 0
    outer loop
      vertex 157.535 25.5 0.848701
      vertex 160.8 25.5 6.7282
      vertex 157.35 25.5 0.972242
    endloop
  endfacet
  facet normal 0 -1 0
    outer loop
      vertex 0.2 25.5 7.8
      vertex 0.278105 25.5 1.18546
      vertex 0.5 25.5 1.2
    endloop
  endfacet
  facet normal 0 -1 0
    outer loop
      vertex -0.844209 25.5 7.73156
      vertex 0.0600071 25.5 1.14207
      vertex 0.278105 25.5 1.18546
    endloop
  endfacet
  facet normal 0 -1 0
    outer loop
      vertex -1.87055 25.5 7.52741
      vertex -0.150561 25.5 1.07059
      vertex 0.0600071 25.5 1.14207
    endloop
  endfacet
  facet normal 0 -1 0
    outer loop
      vertex -2.86147 25.5 7.19104
      vertex -0.349999 25.5 0.972242
      vertex -0.150561 25.5 1.07059
    endloop
  endfacet
  facet normal 0 -1 0
    outer loop
      vertex -3.8 25.5 6.7282
      vertex -0.534894 25.5 0.848701
      vertex -0.349999 25.5 0.972242
    endloop
  endfacet
  facet normal 0 -1 0
    outer loop
      vertex -1.14207 25.5 -0.0600071
      vertex -7.52741 25.5 1.87055
      vertex -7.73156 25.5 0.844209
    endloop
  endfacet
  facet normal 0 -1 0
    outer loop
      vertex -5.45685 25.5 5.45685
      vertex -0.702081 25.5 0.702081
      vertex -0.534894 25.5 0.848701
    endloop
  endfacet
  facet normal 0 -1 0
    outer loop
      vertex -6.14683 25.5 4.67009
      vertex -0.848701 25.5 0.534894
      vertex -0.702081 25.5 0.702081
    endloop
  endfacet
  facet normal 0 -1 0
    outer loop
      vertex -6.7282 25.5 3.8
      vertex -0.972242 25.5 0.349999
      vertex -0.848701 25.5 0.534894
    endloop
  endfacet
  facet normal 0 -1 0
    outer loop
      vertex -7.19104 25.5 2.86147
      vertex -1.07059 25.5 0.150561
      vertex -0.972242 25.5 0.349999
    endloop
  endfacet
  facet normal 0 -1 0
    outer loop
      vertex -7.52741 25.5 1.87055
      vertex -1.14207 25.5 -0.0600071
      vertex -1.07059 25.5 0.150561
    endloop
  endfacet
  facet normal 0 -1 0
    outer loop
      vertex -1.18546 25.5 -0.278105
      vertex -7.73156 25.5 0.844209
      vertex -7.8 25.5 -0.2
    endloop
  endfacet
  facet normal 0 -1 0
    outer loop
      vertex -7.73156 25.5 0.844209
      vertex -1.18546 25.5 -0.278105
      vertex -1.14207 25.5 -0.0600071
    endloop
  endfacet
  facet normal 0 -1 0
    outer loop
      vertex -7.8 25.5 -0.2
      vertex -1.2 25.5 -0.5
      vertex -1.18546 25.5 -0.278105
    endloop
  endfacet
  facet normal 0 -1 0
    outer loop
      vertex -7.8 25.5 -0.2
      vertex -1.18546 25.5 -0.721894
      vertex -1.2 25.5 -0.5
    endloop
  endfacet
  facet normal 0 -1 0
    outer loop
      vertex -7.8 25.5 -0.2
      vertex -1.14207 25.5 -0.939992
      vertex -1.18546 25.5 -0.721894
    endloop
  endfacet
  facet normal 0 -1 0
    outer loop
      vertex -7.8 25.5 -0.2
      vertex -1.07059 25.5 -1.15056
      vertex -1.14207 25.5 -0.939992
    endloop
  endfacet
  facet normal 0 -1 0
    outer loop
      vertex -7.8 25.5 -0.2
      vertex -0.972242 25.5 -1.35
      vertex -1.07059 25.5 -1.15056
    endloop
  endfacet
  facet normal 0 -1 0
    outer loop
      vertex -7.8 25.5 -0.2
      vertex -0.848701 25.5 -1.53489
      vertex -0.972242 25.5 -1.35
    endloop
  endfacet
  facet normal 0 -1 0
    outer loop
      vertex -7.8 25.5 -0.2
      vertex -0.702081 25.5 -1.70208
      vertex -0.848701 25.5 -1.53489
    endloop
  endfacet
  facet normal 0 -1 0
    outer loop
      vertex -7.8 25.5 -0.2
      vertex -0.534894 25.5 -1.8487
      vertex -0.702081 25.5 -1.70208
    endloop
  endfacet
  facet normal 0 -1 0
    outer loop
      vertex -7.8 25.5 -0.2
      vertex -0.349999 25.5 -1.97224
      vertex -0.534894 25.5 -1.8487
    endloop
  endfacet
  facet normal 0 -1 0
    outer loop
      vertex -7.8 25.5 -0.2
      vertex -0.150561 25.5 -2.07059
      vertex -0.349999 25.5 -1.97224
    endloop
  endfacet
  facet normal 0 -1 0
    outer loop
      vertex 17.0599 25.5 -23.9137
      vertex -0.150561 25.5 -2.07059
      vertex -7.8 25.5 -0.2
    endloop
  endfacet
  facet normal 0 -1 0
    outer loop
      vertex 139.062 25.5 -9.5
      vertex 154.929 25.5 -1.15056
      vertex 138.553 25.5 -8.73867
    endloop
  endfacet
  facet normal 0 -1 0
    outer loop
      vertex 17 25.5 -23
      vertex 0.5 25.5 -2.2
      vertex 0.278105 25.5 -2.18546
    endloop
  endfacet
  facet normal 0 -1 0
    outer loop
      vertex 0.2 25.5 7.8
      vertex 23.0863 25.5 -6.05989
      vertex 24 25.5 -6
    endloop
  endfacet
  facet normal 0 -1 0
    outer loop
      vertex 0.2 25.5 7.8
      vertex 22.1883 25.5 -6.23852
      vertex 23.0863 25.5 -6.05989
    endloop
  endfacet
  facet normal 0 -1 0
    outer loop
      vertex 0.2 25.5 7.8
      vertex 21.3212 25.5 -6.53284
      vertex 22.1883 25.5 -6.23852
    endloop
  endfacet
  facet normal 0 -1 0
    outer loop
      vertex 17 25.5 -23
      vertex 0.278105 25.5 -2.18546
      vertex 0.0600071 25.5 -2.14207
    endloop
  endfacet
  facet normal 0 -1 0
    outer loop
      vertex 2.07059 25.5 0.150561
      vertex 20.5 25.5 -6.93782
      vertex 21.3212 25.5 -6.53284
    endloop
  endfacet
  facet normal 0 -1 0
    outer loop
      vertex 2.14207 25.5 -0.0600071
      vertex 19.7387 25.5 -7.44653
      vertex 20.5 25.5 -6.93782
    endloop
  endfacet
  facet normal 0 -1 0
    outer loop
      vertex -0.150561 25.5 -2.07059
      vertex 17.0599 25.5 -23.9137
      vertex 0.0600071 25.5 -2.14207
    endloop
  endfacet
  facet normal 0 -1 0
    outer loop
      vertex 2.2 25.5 -0.5
      vertex 19.0503 25.5 -8.05025
      vertex 19.7387 25.5 -7.44653
    endloop
  endfacet
  facet normal 0 -1 0
    outer loop
      vertex 2.18546 25.5 -0.721894
      vertex 18.4465 25.5 -8.73867
      vertex 19.0503 25.5 -8.05025
    endloop
  endfacet
  facet normal 0 -1 0
    outer loop
      vertex 2.07059 25.5 -1.15056
      vertex 17.9378 25.5 -9.5
      vertex 18.4465 25.5 -8.73867
    endloop
  endfacet
  facet normal 0 -1 0
    outer loop
      vertex 1.97224 25.5 -1.35
      vertex 17.5328 25.5 -10.3212
      vertex 17.9378 25.5 -9.5
    endloop
  endfacet
  facet normal 0 -1 0
    outer loop
      vertex 1.70208 25.5 -1.70208
      vertex 17.2385 25.5 -11.1883
      vertex 17.5328 25.5 -10.3212
    endloop
  endfacet
  facet normal 0 -1 0
    outer loop
      vertex 1.53489 25.5 -1.8487
      vertex 17.0599 25.5 -12.0863
      vertex 17.2385 25.5 -11.1883
    endloop
  endfacet
  facet normal 0 -1 0
    outer loop
      vertex 1.15056 25.5 -2.07059
      vertex 17 25.5 -13
      vertex 17.0599 25.5 -12.0863
    endloop
  endfacet
  facet normal 0 -1 0
    outer loop
      vertex 0.721894 25.5 -2.18546
      vertex 17 25.5 -23
      vertex 17 25.5 -13
    endloop
  endfacet
  facet normal 0 -1 0
    outer loop
      vertex 0.0600071 25.5 -2.14207
      vertex 17.0599 25.5 -23.9137
      vertex 17 25.5 -23
    endloop
  endfacet
  facet normal 0 -1 0
    outer loop
      vertex -7.8 25.5 -0.2
      vertex 17.2385 25.5 -24.8117
      vertex 17.0599 25.5 -23.9137
    endloop
  endfacet
  facet normal 0 -1 0
    outer loop
      vertex -7.8 25.5 -0.2
      vertex 17.5328 25.5 -25.6788
      vertex 17.2385 25.5 -24.8117
    endloop
  endfacet
  facet normal 0 -1 0
    outer loop
      vertex -7.8 25.5 -0.2
      vertex 17.9378 25.5 -26.5
      vertex 17.5328 25.5 -25.6788
    endloop
  endfacet
  facet normal 0 -1 0
    outer loop
      vertex -7.8 25.5 -114.8
      vertex 17.9378 25.5 -26.5
      vertex -7.8 25.5 -0.2
    endloop
  endfacet
  facet normal 0 -1 -0
    outer loop
      vertex 17.9378 25.5 -26.5
      vertex -7.8 25.5 -114.8
      vertex 18.4465 25.5 -27.2613
    endloop
  endfacet
  facet normal 0 -1 -0
    outer loop
      vertex 129.5 25.5 -29.0622
      vertex 122 25.5 -36.65
      vertex 130.321 25.5 -29.4672
    endloop
  endfacet
  facet normal 0 -1 0
    outer loop
      vertex 0.939992 25.5 -112.858
      vertex 22.1883 25.5 -29.7615
      vertex 0.721894 25.5 -112.815
    endloop
  endfacet
  facet normal 0 -1 0
    outer loop
      vertex 138 25.5 -36.65
      vertex 132.086 25.5 -29.9401
      vertex 122 25.5 -36.65
    endloop
  endfacet
  facet normal 0 -1 -0
    outer loop
      vertex 131.188 25.5 -29.7615
      vertex 122 25.5 -36.65
      vertex 132.086 25.5 -29.9401
    endloop
  endfacet
  facet normal 0 -1 -0
    outer loop
      vertex 130.321 25.5 -29.4672
      vertex 122 25.5 -36.65
      vertex 131.188 25.5 -29.7615
    endloop
  endfacet
  facet normal 0 -1 -0
    outer loop
      vertex 128.739 25.5 -28.5535
      vertex 122 25.5 -36.65
      vertex 129.5 25.5 -29.0622
    endloop
  endfacet
  facet normal 0 -1 -0
    outer loop
      vertex 126.938 25.5 -26.5
      vertex 122 25.5 -36.65
      vertex 127.447 25.5 -27.2613
    endloop
  endfacet
  facet normal 0 -1 -0
    outer loop
      vertex 126.533 25.5 -25.6788
      vertex 121.651 25.5 -36.696
      vertex 126.938 25.5 -26.5
    endloop
  endfacet
  facet normal -0 -1 0
    outer loop
      vertex 121.483 25.5 -36.7528
      vertex 126.239 25.5 -24.8117
      vertex 121.325 25.5 -36.8309
    endloop
  endfacet
  facet normal 0 -1 -0
    outer loop
      vertex 126 25.5 -23
      vertex 121.045 25.5 -37.0454
      vertex 126.06 25.5 -23.9137
    endloop
  endfacet
  facet normal 0 -1 0
    outer loop
      vertex 31 25.5 -13
      vertex 120.753 25.5 -37.4834
      vertex 120.831 25.5 -37.325
    endloop
  endfacet
  facet normal 0 -1 0
    outer loop
      vertex 31 25.5 -23
      vertex 120.696 25.5 -37.6506
      vertex 120.753 25.5 -37.4834
    endloop
  endfacet
  facet normal 0 -1 0
    outer loop
      vertex 30.9401 25.5 -23.9137
      vertex 120.662 25.5 -37.8238
      vertex 120.696 25.5 -37.6506
    endloop
  endfacet
  facet normal 0 -1 0
    outer loop
      vertex 30.7615 25.5 -24.8117
      vertex 120.65 25.5 -38
      vertex 120.662 25.5 -37.8238
    endloop
  endfacet
  facet normal 0 -1 0
    outer loop
      vertex 30.4672 25.5 -25.6788
      vertex 120.662 25.5 -38.1762
      vertex 120.65 25.5 -38
    endloop
  endfacet
  facet normal 0 -1 0
    outer loop
      vertex 30.4672 25.5 -25.6788
      vertex 120.662 25.5 -46.8238
      vertex 120.662 25.5 -38.1762
    endloop
  endfacet
  facet normal 0 -1 0
    outer loop
      vertex 120.662 25.5 -38.1762
      vertex 120.662 25.5 -46.8238
      vertex 120.696 25.5 -38.3494
    endloop
  endfacet
  facet normal -0 -1 0
    outer loop
      vertex 120.696 25.5 -46.6506
      vertex 120.696 25.5 -38.3494
      vertex 120.662 25.5 -46.8238
    endloop
  endfacet
  facet normal 0 -1 0
    outer loop
      vertex 120.696 25.5 -38.3494
      vertex 120.696 25.5 -46.6506
      vertex 120.753 25.5 -38.5166
    endloop
  endfacet
  facet normal -0 -1 0
    outer loop
      vertex 120.753 25.5 -46.4834
      vertex 120.753 25.5 -38.5166
      vertex 120.696 25.5 -46.6506
    endloop
  endfacet
  facet normal 0 -1 0
    outer loop
      vertex 120.753 25.5 -38.5166
      vertex 120.753 25.5 -46.4834
      vertex 120.831 25.5 -38.675
    endloop
  endfacet
  facet normal -0 -1 0
    outer loop
      vertex 120.831 25.5 -46.325
      vertex 120.831 25.5 -38.675
      vertex 120.753 25.5 -46.4834
    endloop
  endfacet
  facet normal 0 -1 0
    outer loop
      vertex 120.831 25.5 -38.675
      vertex 120.831 25.5 -46.325
      vertex 120.929 25.5 -38.8218
    endloop
  endfacet
  facet normal -0 -1 0
    outer loop
      vertex 120.929 25.5 -46.1782
      vertex 120.929 25.5 -38.8218
      vertex 120.831 25.5 -46.325
    endloop
  endfacet
  facet normal -0 -1 0
    outer loop
      vertex 121.045 25.5 -46.0454
      vertex 121.045 25.5 -38.9546
      vertex 120.929 25.5 -46.1782
    endloop
  endfacet
  facet normal 0 -1 0
    outer loop
      vertex 122 25.5 -39.35
      vertex 122 25.5 -45.65
      vertex 138 25.5 -39.35
    endloop
  endfacet
  facet normal 0 -1 0
    outer loop
      vertex 121.824 25.5 -39.3385
      vertex 122 25.5 -45.65
      vertex 122 25.5 -39.35
    endloop
  endfacet
  facet normal 0 -1 0
    outer loop
      vertex 121.045 25.5 -38.9546
      vertex 121.045 25.5 -46.0454
      vertex 121.178 25.5 -39.071
    endloop
  endfacet
  facet normal 0 -1 0
    outer loop
      vertex 121.824 25.5 -39.3385
      vertex 121.824 25.5 -45.6615
      vertex 122 25.5 -45.65
    endloop
  endfacet
  facet normal 0 -1 -0
    outer loop
      vertex 121.824 25.5 -39.3385
      vertex 121.651 25.5 -45.696
      vertex 121.824 25.5 -45.6615
    endloop
  endfacet
  facet normal 0 -1 0
    outer loop
      vertex 121.651 25.5 -39.304
      vertex 121.651 25.5 -45.696
      vertex 121.824 25.5 -39.3385
    endloop
  endfacet
  facet normal -0 -1 0
    outer loop
      vertex 121.651 25.5 -45.696
      vertex 121.651 25.5 -39.304
      vertex 121.483 25.5 -45.7528
    endloop
  endfacet
  facet normal 0 -1 0
    outer loop
      vertex 121.483 25.5 -39.2472
      vertex 121.483 25.5 -45.7528
      vertex 121.651 25.5 -39.304
    endloop
  endfacet
  facet normal -0 -1 0
    outer loop
      vertex 121.483 25.5 -45.7528
      vertex 121.483 25.5 -39.2472
      vertex 121.325 25.5 -45.8309
    endloop
  endfacet
  facet normal 0 -1 0
    outer loop
      vertex 121.325 25.5 -39.1691
      vertex 121.325 25.5 -45.8309
      vertex 121.483 25.5 -39.2472
    endloop
  endfacet
  facet normal -0 -1 0
    outer loop
      vertex 121.325 25.5 -45.8309
      vertex 121.325 25.5 -39.1691
      vertex 121.178 25.5 -45.929
    endloop
  endfacet
  facet normal 0 -1 0
    outer loop
      vertex 121.178 25.5 -39.071
      vertex 121.178 25.5 -45.929
      vertex 121.325 25.5 -39.1691
    endloop
  endfacet
  facet normal -0 -1 0
    outer loop
      vertex 121.178 25.5 -45.929
      vertex 121.178 25.5 -39.071
      vertex 121.045 25.5 -46.0454
    endloop
  endfacet
  facet normal 0 -1 0
    outer loop
      vertex 120.929 25.5 -38.8218
      vertex 120.929 25.5 -46.1782
      vertex 121.045 25.5 -38.9546
    endloop
  endfacet
  facet normal 0 -1 0
    outer loop
      vertex 30.4672 25.5 -25.6788
      vertex 120.65 25.5 -47
      vertex 120.662 25.5 -46.8238
    endloop
  endfacet
  facet normal 0 -1 0
    outer loop
      vertex 30.0622 25.5 -26.5
      vertex 120.662 25.5 -47.1762
      vertex 120.65 25.5 -47
    endloop
  endfacet
  facet normal 0 -1 0
    outer loop
      vertex 30.0622 25.5 -26.5
      vertex 120.662 25.5 -55.8238
      vertex 120.662 25.5 -47.1762
    endloop
  endfacet
  facet normal 0 -1 0
    outer loop
      vertex 120.662 25.5 -47.1762
      vertex 120.662 25.5 -55.8238
      vertex 120.696 25.5 -47.3494
    endloop
  endfacet
  facet normal -0 -1 0
    outer loop
      vertex 120.696 25.5 -55.6506
      vertex 120.696 25.5 -47.3494
      vertex 120.662 25.5 -55.8238
    endloop
  endfacet
  facet normal 0 -1 0
    outer loop
      vertex 120.696 25.5 -47.3494
      vertex 120.696 25.5 -55.6506
      vertex 120.753 25.5 -47.5166
    endloop
  endfacet
  facet normal -0 -1 0
    outer loop
      vertex 120.753 25.5 -55.4834
      vertex 120.753 25.5 -47.5166
      vertex 120.696 25.5 -55.6506
    endloop
  endfacet
  facet normal 0 -1 0
    outer loop
      vertex 120.753 25.5 -47.5166
      vertex 120.753 25.5 -55.4834
      vertex 120.831 25.5 -47.675
    endloop
  endfacet
  facet normal -0 -1 0
    outer loop
      vertex 120.831 25.5 -55.325
      vertex 120.831 25.5 -47.675
      vertex 120.753 25.5 -55.4834
    endloop
  endfacet
  facet normal 0 -1 0
    outer loop
      vertex 120.831 25.5 -47.675
      vertex 120.831 25.5 -55.325
      vertex 120.929 25.5 -47.8218
    endloop
  endfacet
  facet normal -0 -1 0
    outer loop
      vertex 120.929 25.5 -55.1782
      vertex 120.929 25.5 -47.8218
      vertex 120.831 25.5 -55.325
    endloop
  endfacet
  facet normal -0 -1 0
    outer loop
      vertex 121.045 25.5 -55.0454
      vertex 121.045 25.5 -47.9546
      vertex 120.929 25.5 -55.1782
    endloop
  endfacet
  facet normal 0 -1 0
    outer loop
      vertex 122 25.5 -48.35
      vertex 122 25.5 -54.65
      vertex 138 25.5 -48.35
    endloop
  endfacet
  facet normal 0 -1 0
    outer loop
      vertex 121.824 25.5 -48.3385
      vertex 122 25.5 -54.65
      vertex 122 25.5 -48.35
    endloop
  endfacet
  facet normal 0 -1 0
    outer loop
      vertex 121.045 25.5 -47.9546
      vertex 121.045 25.5 -55.0454
      vertex 121.178 25.5 -48.071
    endloop
  endfacet
  facet normal 0 -1 -0
    outer loop
      vertex 21.3212 25.5 -29.4672
      vertex 0.721894 25.5 -112.815
      vertex 22.1883 25.5 -29.7615
    endloop
  endfacet
  facet normal 0 -1 0
    outer loop
      vertex 121.824 25.5 -48.3385
      vertex 121.824 25.5 -54.6615
      vertex 122 25.5 -54.65
    endloop
  endfacet
  facet normal 0 -1 -0
    outer loop
      vertex 121.824 25.5 -48.3385
      vertex 121.651 25.5 -54.696
      vertex 121.824 25.5 -54.6615
    endloop
  endfacet
  facet normal 0 -1 0
    outer loop
      vertex 121.651 25.5 -48.304
      vertex 121.651 25.5 -54.696
      vertex 121.824 25.5 -48.3385
    endloop
  endfacet
  facet normal -0 -1 0
    outer loop
      vertex 121.651 25.5 -54.696
      vertex 121.651 25.5 -48.304
      vertex 121.483 25.5 -54.7528
    endloop
  endfacet
  facet normal 0 -1 0
    outer loop
      vertex 121.483 25.5 -48.2472
      vertex 121.483 25.5 -54.7528
      vertex 121.651 25.5 -48.304
    endloop
  endfacet
  facet normal -0 -1 0
    outer loop
      vertex 121.483 25.5 -54.7528
      vertex 121.483 25.5 -48.2472
      vertex 121.325 25.5 -54.8309
    endloop
  endfacet
  facet normal 0 -1 0
    outer loop
      vertex 121.325 25.5 -48.1691
      vertex 121.325 25.5 -54.8309
      vertex 121.483 25.5 -48.2472
    endloop
  endfacet
  facet normal -0 -1 0
    outer loop
      vertex 121.325 25.5 -54.8309
      vertex 121.325 25.5 -48.1691
      vertex 121.178 25.5 -54.929
    endloop
  endfacet
  facet normal 0 -1 0
    outer loop
      vertex 121.178 25.5 -48.071
      vertex 121.178 25.5 -54.929
      vertex 121.325 25.5 -48.1691
    endloop
  endfacet
  facet normal -0 -1 0
    outer loop
      vertex 121.178 25.5 -54.929
      vertex 121.178 25.5 -48.071
      vertex 121.045 25.5 -55.0454
    endloop
  endfacet
  facet normal 0 -1 0
    outer loop
      vertex 120.929 25.5 -47.8218
      vertex 120.929 25.5 -55.1782
      vertex 121.045 25.5 -47.9546
    endloop
  endfacet
  facet normal 0 -1 0
    outer loop
      vertex 30.0622 25.5 -26.5
      vertex 120.65 25.5 -56
      vertex 120.662 25.5 -55.8238
    endloop
  endfacet
  facet normal 0 -1 0
    outer loop
      vertex 29.5535 25.5 -27.2613
      vertex 120.662 25.5 -56.1762
      vertex 120.65 25.5 -56
    endloop
  endfacet
  facet normal 0 -1 0
    outer loop
      vertex 29.5535 25.5 -27.2613
      vertex 120.662 25.5 -64.8238
      vertex 120.662 25.5 -56.1762
    endloop
  endfacet
  facet normal 0 -1 0
    outer loop
      vertex 120.662 25.5 -56.1762
      vertex 120.662 25.5 -64.8238
      vertex 120.696 25.5 -56.3494
    endloop
  endfacet
  facet normal -0 -1 0
    outer loop
      vertex 120.696 25.5 -64.6506
      vertex 120.696 25.5 -56.3494
      vertex 120.662 25.5 -64.8238
    endloop
  endfacet
  facet normal 0 -1 0
    outer loop
      vertex 120.696 25.5 -56.3494
      vertex 120.696 25.5 -64.6506
      vertex 120.753 25.5 -56.5166
    endloop
  endfacet
  facet normal -0 -1 0
    outer loop
      vertex 120.753 25.5 -64.4834
      vertex 120.753 25.5 -56.5166
      vertex 120.696 25.5 -64.6506
    endloop
  endfacet
  facet normal 0 -1 0
    outer loop
      vertex 120.753 25.5 -56.5166
      vertex 120.753 25.5 -64.4834
      vertex 120.831 25.5 -56.675
    endloop
  endfacet
  facet normal -0 -1 0
    outer loop
      vertex 120.831 25.5 -64.325
      vertex 120.831 25.5 -56.675
      vertex 120.753 25.5 -64.4834
    endloop
  endfacet
  facet normal 0 -1 0
    outer loop
      vertex 120.831 25.5 -56.675
      vertex 120.831 25.5 -64.325
      vertex 120.929 25.5 -56.8218
    endloop
  endfacet
  facet normal -0 -1 0
    outer loop
      vertex 120.929 25.5 -64.1782
      vertex 120.929 25.5 -56.8218
      vertex 120.831 25.5 -64.325
    endloop
  endfacet
  facet normal 0 -1 0
    outer loop
      vertex 122 25.5 -57.35
      vertex 122 25.5 -63.65
      vertex 138 25.5 -57.35
    endloop
  endfacet
  facet normal 0 -1 0
    outer loop
      vertex 121.824 25.5 -57.3385
      vertex 122 25.5 -63.65
      vertex 122 25.5 -57.35
    endloop
  endfacet
  facet normal 0 -1 0
    outer loop
      vertex 121.824 25.5 -63.6615
      vertex 121.824 25.5 -57.3385
      vertex 121.651 25.5 -57.304
    endloop
  endfacet
  facet normal -0 -1 0
    outer loop
      vertex 121.045 25.5 -64.0454
      vertex 121.045 25.5 -56.9546
      vertex 120.929 25.5 -64.1782
    endloop
  endfacet
  facet normal 0 -1 0
    outer loop
      vertex 0.721894 25.5 -112.815
      vertex 21.3212 25.5 -29.4672
      vertex 0.5 25.5 -112.8
    endloop
  endfacet
  facet normal 0 -1 0
    outer loop
      vertex 121.824 25.5 -57.3385
      vertex 121.824 25.5 -63.6615
      vertex 122 25.5 -63.65
    endloop
  endfacet
  facet normal 0 -1 0
    outer loop
      vertex 121.651 25.5 -57.304
      vertex 121.651 25.5 -63.696
      vertex 121.824 25.5 -63.6615
    endloop
  endfacet
  facet normal 0 -1 -0
    outer loop
      vertex 121.651 25.5 -57.304
      vertex 121.483 25.5 -63.7528
      vertex 121.651 25.5 -63.696
    endloop
  endfacet
  facet normal 0 -1 0
    outer loop
      vertex 121.483 25.5 -57.2472
      vertex 121.483 25.5 -63.7528
      vertex 121.651 25.5 -57.304
    endloop
  endfacet
  facet normal -0 -1 0
    outer loop
      vertex 121.483 25.5 -63.7528
      vertex 121.483 25.5 -57.2472
      vertex 121.325 25.5 -63.8309
    endloop
  endfacet
  facet normal 0 -1 0
    outer loop
      vertex 121.325 25.5 -57.1691
      vertex 121.325 25.5 -63.8309
      vertex 121.483 25.5 -57.2472
    endloop
  endfacet
  facet normal -0 -1 0
    outer loop
      vertex 121.325 25.5 -63.8309
      vertex 121.325 25.5 -57.1691
      vertex 121.178 25.5 -63.929
    endloop
  endfacet
  facet normal 0 -1 0
    outer loop
      vertex 121.178 25.5 -57.071
      vertex 121.178 25.5 -63.929
      vertex 121.325 25.5 -57.1691
    endloop
  endfacet
  facet normal -0 -1 0
    outer loop
      vertex 121.178 25.5 -63.929
      vertex 121.178 25.5 -57.071
      vertex 121.045 25.5 -64.0454
    endloop
  endfacet
  facet normal 0 -1 0
    outer loop
      vertex 121.045 25.5 -56.9546
      vertex 121.045 25.5 -64.0454
      vertex 121.178 25.5 -57.071
    endloop
  endfacet
  facet normal 0 -1 0
    outer loop
      vertex 120.929 25.5 -56.8218
      vertex 120.929 25.5 -64.1782
      vertex 121.045 25.5 -56.9546
    endloop
  endfacet
  facet normal 0 -1 0
    outer loop
      vertex 29.5535 25.5 -27.2613
      vertex 120.65 25.5 -65
      vertex 120.662 25.5 -64.8238
    endloop
  endfacet
  facet normal 0 -1 0
    outer loop
      vertex 28.9497 25.5 -27.9497
      vertex 120.662 25.5 -65.1762
      vertex 120.65 25.5 -65
    endloop
  endfacet
  facet normal 0 -1 0
    outer loop
      vertex 28.2613 25.5 -28.5535
      vertex 120.662 25.5 -73.8238
      vertex 120.662 25.5 -65.1762
    endloop
  endfacet
  facet normal 0 -1 0
    outer loop
      vertex 120.662 25.5 -65.1762
      vertex 120.662 25.5 -73.8238
      vertex 120.696 25.5 -65.3494
    endloop
  endfacet
  facet normal -0 -1 0
    outer loop
      vertex 120.696 25.5 -73.6506
      vertex 120.696 25.5 -65.3494
      vertex 120.662 25.5 -73.8238
    endloop
  endfacet
  facet normal 0 -1 0
    outer loop
      vertex 120.696 25.5 -65.3494
      vertex 120.696 25.5 -73.6506
      vertex 120.753 25.5 -65.5166
    endloop
  endfacet
  facet normal -0 -1 0
    outer loop
      vertex 120.753 25.5 -73.4834
      vertex 120.753 25.5 -65.5166
      vertex 120.696 25.5 -73.6506
    endloop
  endfacet
  facet normal 0 -1 0
    outer loop
      vertex 120.753 25.5 -65.5166
      vertex 120.753 25.5 -73.4834
      vertex 120.831 25.5 -65.675
    endloop
  endfacet
  facet normal -0 -1 0
    outer loop
      vertex 120.831 25.5 -73.325
      vertex 120.831 25.5 -65.675
      vertex 120.753 25.5 -73.4834
    endloop
  endfacet
  facet normal 0 -1 0
    outer loop
      vertex 120.831 25.5 -65.675
      vertex 120.831 25.5 -73.325
      vertex 120.929 25.5 -65.8218
    endloop
  endfacet
  facet normal 0 -1 0
    outer loop
      vertex 122 25.5 -66.35
      vertex 122 25.5 -72.65
      vertex 138 25.5 -66.35
    endloop
  endfacet
  facet normal 0 -1 0
    outer loop
      vertex 121.824 25.5 -66.3384
      vertex 122 25.5 -72.65
      vertex 122 25.5 -66.35
    endloop
  endfacet
  facet normal 0 -1 0
    outer loop
      vertex 121.824 25.5 -72.6615
      vertex 121.824 25.5 -66.3384
      vertex 121.651 25.5 -66.304
    endloop
  endfacet
  facet normal 0 -1 0
    outer loop
      vertex 121.651 25.5 -72.696
      vertex 121.651 25.5 -66.304
      vertex 121.483 25.5 -66.2472
    endloop
  endfacet
  facet normal -0 -1 0
    outer loop
      vertex 120.929 25.5 -73.1782
      vertex 120.929 25.5 -65.8218
      vertex 120.831 25.5 -73.325
    endloop
  endfacet
  facet normal 0 -1 0
    outer loop
      vertex 121.824 25.5 -66.3384
      vertex 121.824 25.5 -72.6615
      vertex 122 25.5 -72.65
    endloop
  endfacet
  facet normal 0 -1 0
    outer loop
      vertex 121.651 25.5 -66.304
      vertex 121.651 25.5 -72.696
      vertex 121.824 25.5 -72.6615
    endloop
  endfacet
  facet normal 0 -1 0
    outer loop
      vertex 121.483 25.5 -66.2472
      vertex 121.483 25.5 -72.7528
      vertex 121.651 25.5 -72.696
    endloop
  endfacet
  facet normal 0 -1 -0
    outer loop
      vertex 121.483 25.5 -66.2472
      vertex 121.325 25.5 -72.8309
      vertex 121.483 25.5 -72.7528
    endloop
  endfacet
  facet normal 0 -1 0
    outer loop
      vertex 121.325 25.5 -66.1691
      vertex 121.325 25.5 -72.8309
      vertex 121.483 25.5 -66.2472
    endloop
  endfacet
  facet normal -0 -1 0
    outer loop
      vertex 121.325 25.5 -72.8309
      vertex 121.325 25.5 -66.1691
      vertex 121.178 25.5 -72.929
    endloop
  endfacet
  facet normal 0 -1 0
    outer loop
      vertex 121.178 25.5 -66.071
      vertex 121.178 25.5 -72.929
      vertex 121.325 25.5 -66.1691
    endloop
  endfacet
  facet normal -0 -1 0
    outer loop
      vertex 121.178 25.5 -72.929
      vertex 121.178 25.5 -66.071
      vertex 121.045 25.5 -73.0454
    endloop
  endfacet
  facet normal 0 -1 0
    outer loop
      vertex 121.045 25.5 -65.9546
      vertex 121.045 25.5 -73.0454
      vertex 121.178 25.5 -66.071
    endloop
  endfacet
  facet normal -0 -1 0
    outer loop
      vertex 121.045 25.5 -73.0454
      vertex 121.045 25.5 -65.9546
      vertex 120.929 25.5 -73.1782
    endloop
  endfacet
  facet normal 0 -1 0
    outer loop
      vertex 120.929 25.5 -65.8218
      vertex 120.929 25.5 -73.1782
      vertex 121.045 25.5 -65.9546
    endloop
  endfacet
  facet normal 0 -1 0
    outer loop
      vertex 28.2613 25.5 -28.5535
      vertex 120.65 25.5 -74
      vertex 120.662 25.5 -73.8238
    endloop
  endfacet
  facet normal 0 -1 0
    outer loop
      vertex 27.5 25.5 -29.0622
      vertex 120.662 25.5 -74.1762
      vertex 120.65 25.5 -74
    endloop
  endfacet
  facet normal 0 -1 0
    outer loop
      vertex 27.5 25.5 -29.0622
      vertex 120.662 25.5 -82.8238
      vertex 120.662 25.5 -74.1762
    endloop
  endfacet
  facet normal 0 -1 0
    outer loop
      vertex 120.662 25.5 -74.1762
      vertex 120.662 25.5 -82.8238
      vertex 120.696 25.5 -74.3494
    endloop
  endfacet
  facet normal -0 -1 0
    outer loop
      vertex 120.696 25.5 -82.6506
      vertex 120.696 25.5 -74.3494
      vertex 120.662 25.5 -82.8238
    endloop
  endfacet
  facet normal 0 -1 0
    outer loop
      vertex 120.696 25.5 -74.3494
      vertex 120.696 25.5 -82.6506
      vertex 120.753 25.5 -74.5166
    endloop
  endfacet
  facet normal -0 -1 0
    outer loop
      vertex 120.753 25.5 -82.4834
      vertex 120.753 25.5 -74.5166
      vertex 120.696 25.5 -82.6506
    endloop
  endfacet
  facet normal 0 -1 0
    outer loop
      vertex 120.753 25.5 -74.5166
      vertex 120.753 25.5 -82.4834
      vertex 120.831 25.5 -74.675
    endloop
  endfacet
  facet normal -0 -1 0
    outer loop
      vertex 120.831 25.5 -82.325
      vertex 120.831 25.5 -74.675
      vertex 120.753 25.5 -82.4834
    endloop
  endfacet
  facet normal 0 -1 0
    outer loop
      vertex 120.831 25.5 -74.675
      vertex 120.831 25.5 -82.325
      vertex 120.929 25.5 -74.8218
    endloop
  endfacet
  facet normal 0 -1 0
    outer loop
      vertex 122 25.5 -75.35
      vertex 122 25.5 -81.65
      vertex 138 25.5 -75.35
    endloop
  endfacet
  facet normal 0 -1 0
    outer loop
      vertex 121.824 25.5 -75.3384
      vertex 122 25.5 -81.65
      vertex 122 25.5 -75.35
    endloop
  endfacet
  facet normal 0 -1 0
    outer loop
      vertex 121.824 25.5 -81.6615
      vertex 121.824 25.5 -75.3384
      vertex 121.651 25.5 -75.304
    endloop
  endfacet
  facet normal 0 -1 0
    outer loop
      vertex 121.651 25.5 -81.696
      vertex 121.651 25.5 -75.304
      vertex 121.483 25.5 -75.2472
    endloop
  endfacet
  facet normal -0 -1 0
    outer loop
      vertex 120.929 25.5 -82.1782
      vertex 120.929 25.5 -74.8218
      vertex 120.831 25.5 -82.325
    endloop
  endfacet
  facet normal 0 -1 0
    outer loop
      vertex 0.5 25.5 -112.8
      vertex 21.3212 25.5 -29.4672
      vertex 20.5 25.5 -29.0622
    endloop
  endfacet
  facet normal 0 -1 0
    outer loop
      vertex 121.824 25.5 -75.3384
      vertex 121.824 25.5 -81.6615
      vertex 122 25.5 -81.65
    endloop
  endfacet
  facet normal 0 -1 0
    outer loop
      vertex 121.651 25.5 -75.304
      vertex 121.651 25.5 -81.696
      vertex 121.824 25.5 -81.6615
    endloop
  endfacet
  facet normal 0 -1 0
    outer loop
      vertex 121.483 25.5 -75.2472
      vertex 121.483 25.5 -81.7528
      vertex 121.651 25.5 -81.696
    endloop
  endfacet
  facet normal 0 -1 -0
    outer loop
      vertex 121.483 25.5 -75.2472
      vertex 121.325 25.5 -81.8309
      vertex 121.483 25.5 -81.7528
    endloop
  endfacet
  facet normal 0 -1 0
    outer loop
      vertex 121.325 25.5 -75.1691
      vertex 121.325 25.5 -81.8309
      vertex 121.483 25.5 -75.2472
    endloop
  endfacet
  facet normal -0 -1 0
    outer loop
      vertex 121.325 25.5 -81.8309
      vertex 121.325 25.5 -75.1691
      vertex 121.178 25.5 -81.929
    endloop
  endfacet
  facet normal 0 -1 0
    outer loop
      vertex 121.178 25.5 -75.071
      vertex 121.178 25.5 -81.929
      vertex 121.325 25.5 -75.1691
    endloop
  endfacet
  facet normal -0 -1 0
    outer loop
      vertex 121.178 25.5 -81.929
      vertex 121.178 25.5 -75.071
      vertex 121.045 25.5 -82.0454
    endloop
  endfacet
  facet normal 0 -1 0
    outer loop
      vertex 121.045 25.5 -74.9546
      vertex 121.045 25.5 -82.0454
      vertex 121.178 25.5 -75.071
    endloop
  endfacet
  facet normal -0 -1 0
    outer loop
      vertex 121.045 25.5 -82.0454
      vertex 121.045 25.5 -74.9546
      vertex 120.929 25.5 -82.1782
    endloop
  endfacet
  facet normal 0 -1 0
    outer loop
      vertex 120.929 25.5 -74.8218
      vertex 120.929 25.5 -82.1782
      vertex 121.045 25.5 -74.9546
    endloop
  endfacet
  facet normal 0 -1 0
    outer loop
      vertex 27.5 25.5 -29.0622
      vertex 120.65 25.5 -83
      vertex 120.662 25.5 -82.8238
    endloop
  endfacet
  facet normal 0 -1 0
    outer loop
      vertex 1.53489 25.5 -113.151
      vertex 24 25.5 -30
      vertex 1.35 25.5 -113.028
    endloop
  endfacet
  facet normal 0 -1 -0
    outer loop
      vertex 24 25.5 -30
      vertex 1.53489 25.5 -113.151
      vertex 24.9137 25.5 -29.9401
    endloop
  endfacet
  facet normal 0 -1 0
    outer loop
      vertex 1.70208 25.5 -113.298
      vertex 24.9137 25.5 -29.9401
      vertex 1.53489 25.5 -113.151
    endloop
  endfacet
  facet normal 0 -1 0
    outer loop
      vertex 120.662 25.5 -83.1762
      vertex 120.662 25.5 -91.8238
      vertex 120.696 25.5 -83.3494
    endloop
  endfacet
  facet normal -0 -1 0
    outer loop
      vertex 120.696 25.5 -91.6506
      vertex 120.696 25.5 -83.3494
      vertex 120.662 25.5 -91.8238
    endloop
  endfacet
  facet normal 0 -1 0
    outer loop
      vertex 120.696 25.5 -83.3494
      vertex 120.696 25.5 -91.6506
      vertex 120.753 25.5 -83.5166
    endloop
  endfacet
  facet normal -0 -1 0
    outer loop
      vertex 120.753 25.5 -91.4834
      vertex 120.753 25.5 -83.5166
      vertex 120.696 25.5 -91.6506
    endloop
  endfacet
  facet normal 0 -1 0
    outer loop
      vertex 120.753 25.5 -83.5166
      vertex 120.753 25.5 -91.4834
      vertex 120.831 25.5 -83.675
    endloop
  endfacet
  facet normal 0 -1 0
    outer loop
      vertex 122 25.5 -84.35
      vertex 122 25.5 -90.65
      vertex 138 25.5 -84.35
    endloop
  endfacet
  facet normal 0 -1 0
    outer loop
      vertex 121.824 25.5 -84.3384
      vertex 122 25.5 -90.65
      vertex 122 25.5 -84.35
    endloop
  endfacet
  facet normal 0 -1 0
    outer loop
      vertex 121.824 25.5 -90.6615
      vertex 121.824 25.5 -84.3384
      vertex 121.651 25.5 -84.304
    endloop
  endfacet
  facet normal 0 -1 0
    outer loop
      vertex 121.651 25.5 -90.696
      vertex 121.651 25.5 -84.304
      vertex 121.483 25.5 -84.2472
    endloop
  endfacet
  facet normal 0 -1 0
    outer loop
      vertex 121.483 25.5 -90.7528
      vertex 121.483 25.5 -84.2472
      vertex 121.325 25.5 -84.1691
    endloop
  endfacet
  facet normal 0 -1 0
    outer loop
      vertex 120.831 25.5 -83.675
      vertex 120.831 25.5 -91.325
      vertex 120.929 25.5 -83.8218
    endloop
  endfacet
  facet normal 0 -1 0
    outer loop
      vertex 121.824 25.5 -84.3384
      vertex 121.824 25.5 -90.6615
      vertex 122 25.5 -90.65
    endloop
  endfacet
  facet normal 0 -1 0
    outer loop
      vertex 121.651 25.5 -84.304
      vertex 121.651 25.5 -90.696
      vertex 121.824 25.5 -90.6615
    endloop
  endfacet
  facet normal 0 -1 0
    outer loop
      vertex 121.483 25.5 -84.2472
      vertex 121.483 25.5 -90.7528
      vertex 121.651 25.5 -90.696
    endloop
  endfacet
  facet normal 0 -1 0
    outer loop
      vertex 121.325 25.5 -84.1691
      vertex 121.325 25.5 -90.8309
      vertex 121.483 25.5 -90.7528
    endloop
  endfacet
  facet normal 0 -1 -0
    outer loop
      vertex 121.325 25.5 -84.1691
      vertex 121.178 25.5 -90.929
      vertex 121.325 25.5 -90.8309
    endloop
  endfacet
  facet normal 0 -1 0
    outer loop
      vertex 121.178 25.5 -84.071
      vertex 121.178 25.5 -90.929
      vertex 121.325 25.5 -84.1691
    endloop
  endfacet
  facet normal -0 -1 0
    outer loop
      vertex 121.178 25.5 -90.929
      vertex 121.178 25.5 -84.071
      vertex 121.045 25.5 -91.0454
    endloop
  endfacet
  facet normal 0 -1 0
    outer loop
      vertex 121.045 25.5 -83.9546
      vertex 121.045 25.5 -91.0454
      vertex 121.178 25.5 -84.071
    endloop
  endfacet
  facet normal -0 -1 0
    outer loop
      vertex 121.045 25.5 -91.0454
      vertex 121.045 25.5 -83.9546
      vertex 120.929 25.5 -91.1782
    endloop
  endfacet
  facet normal 0 -1 0
    outer loop
      vertex 120.929 25.5 -83.8218
      vertex 120.929 25.5 -91.1782
      vertex 121.045 25.5 -83.9546
    endloop
  endfacet
  facet normal -0 -1 0
    outer loop
      vertex 120.929 25.5 -91.1782
      vertex 120.929 25.5 -83.8218
      vertex 120.831 25.5 -91.325
    endloop
  endfacet
  facet normal -0 -1 0
    outer loop
      vertex 120.831 25.5 -91.325
      vertex 120.831 25.5 -83.675
      vertex 120.753 25.5 -91.4834
    endloop
  endfacet
  facet normal 0 -1 -0
    outer loop
      vertex 24.9137 25.5 -29.9401
      vertex 1.70208 25.5 -113.298
      vertex 25.8117 25.5 -29.7615
    endloop
  endfacet
  facet normal 0 -1 0
    outer loop
      vertex 1.8487 25.5 -113.465
      vertex 25.8117 25.5 -29.7615
      vertex 1.70208 25.5 -113.298
    endloop
  endfacet
  facet normal 0 -1 -0
    outer loop
      vertex 25.8117 25.5 -29.7615
      vertex 1.8487 25.5 -113.465
      vertex 26.6788 25.5 -29.4672
    endloop
  endfacet
  facet normal 0 -1 0
    outer loop
      vertex 120.662 25.5 -92.1762
      vertex 120.662 25.5 -100.824
      vertex 120.696 25.5 -92.3494
    endloop
  endfacet
  facet normal -0 -1 0
    outer loop
      vertex 120.696 25.5 -100.651
      vertex 120.696 25.5 -92.3494
      vertex 120.662 25.5 -100.824
    endloop
  endfacet
  facet normal 0 -1 0
    outer loop
      vertex 120.696 25.5 -92.3494
      vertex 120.696 25.5 -100.651
      vertex 120.753 25.5 -92.5166
    endloop
  endfacet
  facet normal -0 -1 0
    outer loop
      vertex 120.753 25.5 -100.483
      vertex 120.753 25.5 -92.5166
      vertex 120.696 25.5 -100.651
    endloop
  endfacet
  facet normal 0 -1 0
    outer loop
      vertex 120.753 25.5 -92.5166
      vertex 120.753 25.5 -100.483
      vertex 120.831 25.5 -92.675
    endloop
  endfacet
  facet normal 0 -1 0
    outer loop
      vertex 122 25.5 -93.35
      vertex 122 25.5 -99.65
      vertex 138 25.5 -93.35
    endloop
  endfacet
  facet normal 0 -1 0
    outer loop
      vertex 121.824 25.5 -93.3384
      vertex 122 25.5 -99.65
      vertex 122 25.5 -93.35
    endloop
  endfacet
  facet normal 0 -1 0
    outer loop
      vertex 121.824 25.5 -99.6615
      vertex 121.824 25.5 -93.3384
      vertex 121.651 25.5 -93.304
    endloop
  endfacet
  facet normal 0 -1 0
    outer loop
      vertex 121.651 25.5 -99.696
      vertex 121.651 25.5 -93.304
      vertex 121.483 25.5 -93.2472
    endloop
  endfacet
  facet normal 0 -1 0
    outer loop
      vertex 121.483 25.5 -99.7528
      vertex 121.483 25.5 -93.2472
      vertex 121.325 25.5 -93.1691
    endloop
  endfacet
  facet normal -0 -1 0
    outer loop
      vertex 120.831 25.5 -100.325
      vertex 120.831 25.5 -92.675
      vertex 120.753 25.5 -100.483
    endloop
  endfacet
  facet normal 0 -1 0
    outer loop
      vertex 0.278105 25.5 -112.815
      vertex 20.5 25.5 -29.0622
      vertex 19.7387 25.5 -28.5535
    endloop
  endfacet
  facet normal 0 -1 0
    outer loop
      vertex 121.824 25.5 -93.3384
      vertex 121.824 25.5 -99.6615
      vertex 122 25.5 -99.65
    endloop
  endfacet
  facet normal 0 -1 0
    outer loop
      vertex 121.651 25.5 -93.304
      vertex 121.651 25.5 -99.696
      vertex 121.824 25.5 -99.6615
    endloop
  endfacet
  facet normal 0 -1 0
    outer loop
      vertex 121.483 25.5 -93.2472
      vertex 121.483 25.5 -99.7528
      vertex 121.651 25.5 -99.696
    endloop
  endfacet
  facet normal 0 -1 0
    outer loop
      vertex 121.325 25.5 -93.1691
      vertex 121.325 25.5 -99.8309
      vertex 121.483 25.5 -99.7528
    endloop
  endfacet
  facet normal 0 -1 -0
    outer loop
      vertex 121.325 25.5 -93.1691
      vertex 121.178 25.5 -99.929
      vertex 121.325 25.5 -99.8309
    endloop
  endfacet
  facet normal 0 -1 0
    outer loop
      vertex 121.178 25.5 -93.071
      vertex 121.178 25.5 -99.929
      vertex 121.325 25.5 -93.1691
    endloop
  endfacet
  facet normal -0 -1 0
    outer loop
      vertex 121.178 25.5 -99.929
      vertex 121.178 25.5 -93.071
      vertex 121.045 25.5 -100.045
    endloop
  endfacet
  facet normal 0 -1 0
    outer loop
      vertex 121.045 25.5 -92.9546
      vertex 121.045 25.5 -100.045
      vertex 121.178 25.5 -93.071
    endloop
  endfacet
  facet normal -0 -1 0
    outer loop
      vertex 121.045 25.5 -100.045
      vertex 121.045 25.5 -92.9546
      vertex 120.929 25.5 -100.178
    endloop
  endfacet
  facet normal 0 -1 0
    outer loop
      vertex 120.929 25.5 -92.8218
      vertex 120.929 25.5 -100.178
      vertex 121.045 25.5 -92.9546
    endloop
  endfacet
  facet normal 0 -1 0
    outer loop
      vertex 120.831 25.5 -92.675
      vertex 120.831 25.5 -100.325
      vertex 120.929 25.5 -92.8218
    endloop
  endfacet
  facet normal -0 -1 0
    outer loop
      vertex 120.929 25.5 -100.178
      vertex 120.929 25.5 -92.8218
      vertex 120.831 25.5 -100.325
    endloop
  endfacet
  facet normal 0 -1 0
    outer loop
      vertex 1.97224 25.5 -113.65
      vertex 26.6788 25.5 -29.4672
      vertex 1.8487 25.5 -113.465
    endloop
  endfacet
  facet normal 0 -1 -0
    outer loop
      vertex 26.6788 25.5 -29.4672
      vertex 1.97224 25.5 -113.65
      vertex 27.5 25.5 -29.0622
    endloop
  endfacet
  facet normal 0 -1 -0
    outer loop
      vertex 27.5 25.5 -29.0622
      vertex 1.97224 25.5 -113.65
      vertex 120.65 25.5 -83
    endloop
  endfacet
  facet normal 0 -1 0
    outer loop
      vertex 2.07059 25.5 -113.849
      vertex 120.65 25.5 -83
      vertex 1.97224 25.5 -113.65
    endloop
  endfacet
  facet normal 0 -1 -0
    outer loop
      vertex 120.65 25.5 -83
      vertex 2.07059 25.5 -113.849
      vertex 120.662 25.5 -83.1762
    endloop
  endfacet
  facet normal 0 -1 -0
    outer loop
      vertex 120.662 25.5 -83.1762
      vertex 2.07059 25.5 -113.849
      vertex 120.662 25.5 -91.8238
    endloop
  endfacet
  facet normal 0 -1 0
    outer loop
      vertex 120.662 25.5 -91.8238
      vertex 2.07059 25.5 -113.849
      vertex 120.65 25.5 -92
    endloop
  endfacet
  facet normal 0 -1 0
    outer loop
      vertex 121.824 25.5 -102.338
      vertex 156.5 25.5 -112.8
      vertex 122 25.5 -102.35
    endloop
  endfacet
  facet normal 0 -1 0
    outer loop
      vertex 121.651 25.5 -102.304
      vertex 156.5 25.5 -112.8
      vertex 121.824 25.5 -102.338
    endloop
  endfacet
  facet normal 0 -1 0
    outer loop
      vertex 2.18546 25.5 -114.278
      vertex 120.65 25.5 -101
      vertex 2.14207 25.5 -114.06
    endloop
  endfacet
  facet normal 0 -1 0
    outer loop
      vertex 120.662 25.5 -100.824
      vertex 2.14207 25.5 -114.06
      vertex 120.65 25.5 -101
    endloop
  endfacet
  facet normal 0 -1 -0
    outer loop
      vertex 120.662 25.5 -92.1762
      vertex 2.14207 25.5 -114.06
      vertex 120.662 25.5 -100.824
    endloop
  endfacet
  facet normal 0 -1 -0
    outer loop
      vertex 120.65 25.5 -92
      vertex 2.14207 25.5 -114.06
      vertex 120.662 25.5 -92.1762
    endloop
  endfacet
  facet normal 0 -1 0
    outer loop
      vertex 2.14207 25.5 -114.06
      vertex 120.65 25.5 -92
      vertex 2.07059 25.5 -113.849
    endloop
  endfacet
  facet normal 0 -1 0
    outer loop
      vertex 0.0600071 25.5 -112.858
      vertex 19.7387 25.5 -28.5535
      vertex 19.0503 25.5 -27.9497
    endloop
  endfacet
  facet normal 0 -1 -0
    outer loop
      vertex 18.4465 25.5 -27.2613
      vertex -7.8 25.5 -114.8
      vertex 19.0503 25.5 -27.9497
    endloop
  endfacet
  facet normal 0 -1 0
    outer loop
      vertex 20.5 25.5 -29.0622
      vertex 0.278105 25.5 -112.815
      vertex 0.5 25.5 -112.8
    endloop
  endfacet
  facet normal 0 -1 0
    outer loop
      vertex 19.7387 25.5 -28.5535
      vertex 0.0600071 25.5 -112.858
      vertex 0.278105 25.5 -112.815
    endloop
  endfacet
  facet normal 0 -1 0
    outer loop
      vertex 19.0503 25.5 -27.9497
      vertex -7.8 25.5 -114.8
      vertex 0.0600071 25.5 -112.858
    endloop
  endfacet
  facet normal 0 -1 0
    outer loop
      vertex 0.0600071 25.5 -112.858
      vertex -7.8 25.5 -114.8
      vertex -0.150561 25.5 -112.929
    endloop
  endfacet
  facet normal 0 -1 0
    outer loop
      vertex -0.150561 25.5 -112.929
      vertex -7.8 25.5 -114.8
      vertex -0.349999 25.5 -113.028
    endloop
  endfacet
  facet normal 0 -1 0
    outer loop
      vertex -0.349999 25.5 -113.028
      vertex -7.8 25.5 -114.8
      vertex -0.534894 25.5 -113.151
    endloop
  endfacet
  facet normal 0 -1 0
    outer loop
      vertex -0.534894 25.5 -113.151
      vertex -7.8 25.5 -114.8
      vertex -0.702081 25.5 -113.298
    endloop
  endfacet
  facet normal 0 -1 0
    outer loop
      vertex -0.702081 25.5 -113.298
      vertex -7.8 25.5 -114.8
      vertex -0.848701 25.5 -113.465
    endloop
  endfacet
  facet normal 0 -1 0
    outer loop
      vertex -0.848701 25.5 -113.465
      vertex -7.8 25.5 -114.8
      vertex -0.972242 25.5 -113.65
    endloop
  endfacet
  facet normal 0 -1 0
    outer loop
      vertex -0.972242 25.5 -113.65
      vertex -7.8 25.5 -114.8
      vertex -1.07059 25.5 -113.849
    endloop
  endfacet
  facet normal 0 -1 0
    outer loop
      vertex -1.07059 25.5 -113.849
      vertex -7.8 25.5 -114.8
      vertex -1.14207 25.5 -114.06
    endloop
  endfacet
  facet normal 0 -1 0
    outer loop
      vertex -1.14207 25.5 -114.06
      vertex -7.8 25.5 -114.8
      vertex -1.18546 25.5 -114.278
    endloop
  endfacet
  facet normal 0 -1 0
    outer loop
      vertex -1.18546 25.5 -114.278
      vertex -7.8 25.5 -114.8
      vertex -1.2 25.5 -114.5
    endloop
  endfacet
  facet normal 0 -1 0
    outer loop
      vertex -7.8 25.5 -114.8
      vertex -1.18546 25.5 -114.722
      vertex -1.2 25.5 -114.5
    endloop
  endfacet
  facet normal 0 -1 0
    outer loop
      vertex -7.73156 25.5 -115.844
      vertex -1.18546 25.5 -114.722
      vertex -7.8 25.5 -114.8
    endloop
  endfacet
  facet normal 0 -1 -0
    outer loop
      vertex -1.18546 25.5 -114.722
      vertex -7.73156 25.5 -115.844
      vertex -1.14207 25.5 -114.94
    endloop
  endfacet
  facet normal 0 -1 0
    outer loop
      vertex -7.52741 25.5 -116.871
      vertex -1.14207 25.5 -114.94
      vertex -7.73156 25.5 -115.844
    endloop
  endfacet
  facet normal 0 -1 -0
    outer loop
      vertex -1.14207 25.5 -114.94
      vertex -7.52741 25.5 -116.871
      vertex -1.07059 25.5 -115.151
    endloop
  endfacet
  facet normal 0 -1 0
    outer loop
      vertex -7.19104 25.5 -117.861
      vertex -1.07059 25.5 -115.151
      vertex -7.52741 25.5 -116.871
    endloop
  endfacet
  facet normal 0 -1 -0
    outer loop
      vertex -1.07059 25.5 -115.151
      vertex -7.19104 25.5 -117.861
      vertex -0.972242 25.5 -115.35
    endloop
  endfacet
  facet normal 0 -1 0
    outer loop
      vertex -6.7282 25.5 -118.8
      vertex -0.972242 25.5 -115.35
      vertex -7.19104 25.5 -117.861
    endloop
  endfacet
  facet normal 0 -1 -0
    outer loop
      vertex -0.972242 25.5 -115.35
      vertex -6.7282 25.5 -118.8
      vertex -0.848701 25.5 -115.535
    endloop
  endfacet
  facet normal 0 -1 0
    outer loop
      vertex -6.14683 25.5 -119.67
      vertex -0.848701 25.5 -115.535
      vertex -6.7282 25.5 -118.8
    endloop
  endfacet
  facet normal 0 -1 -0
    outer loop
      vertex -0.848701 25.5 -115.535
      vertex -6.14683 25.5 -119.67
      vertex -0.702081 25.5 -115.702
    endloop
  endfacet
  facet normal 0 -1 0
    outer loop
      vertex -5.45685 25.5 -120.457
      vertex -0.702081 25.5 -115.702
      vertex -6.14683 25.5 -119.67
    endloop
  endfacet
  facet normal 0 -1 -0
    outer loop
      vertex -0.702081 25.5 -115.702
      vertex -5.45685 25.5 -120.457
      vertex -0.534894 25.5 -115.849
    endloop
  endfacet
  facet normal 0 -1 0
    outer loop
      vertex -3.8 25.5 -121.728
      vertex -0.534894 25.5 -115.849
      vertex -4.67009 25.5 -121.147
    endloop
  endfacet
  facet normal 0 -1 0
    outer loop
      vertex -4.67009 25.5 -121.147
      vertex -0.534894 25.5 -115.849
      vertex -5.45685 25.5 -120.457
    endloop
  endfacet
  facet normal 0 -1 -0
    outer loop
      vertex 160.8 25.5 6.7282
      vertex 157.535 25.5 0.848701
      vertex 161.67 25.5 6.14683
    endloop
  endfacet
  facet normal 0 -1 -0
    outer loop
      vertex 161.67 25.5 6.14683
      vertex 157.535 25.5 0.848701
      vertex 162.457 25.5 5.45685
    endloop
  endfacet
  facet normal 0 -1 0
    outer loop
      vertex 157.702 25.5 0.702081
      vertex 162.457 25.5 5.45685
      vertex 157.535 25.5 0.848701
    endloop
  endfacet
  facet normal 0 -1 -0
    outer loop
      vertex 162.457 25.5 5.45685
      vertex 157.702 25.5 0.702081
      vertex 163.147 25.5 4.67009
    endloop
  endfacet
  facet normal 0 -1 0
    outer loop
      vertex 157.849 25.5 0.534894
      vertex 163.147 25.5 4.67009
      vertex 157.702 25.5 0.702081
    endloop
  endfacet
  facet normal 0 -1 -0
    outer loop
      vertex 163.147 25.5 4.67009
      vertex 157.849 25.5 0.534894
      vertex 163.728 25.5 3.8
    endloop
  endfacet
  facet normal 0 -1 0
    outer loop
      vertex 157.972 25.5 0.349999
      vertex 163.728 25.5 3.8
      vertex 157.849 25.5 0.534894
    endloop
  endfacet
  facet normal 0 -1 -0
    outer loop
      vertex 163.728 25.5 3.8
      vertex 157.972 25.5 0.349999
      vertex 164.191 25.5 2.86147
    endloop
  endfacet
  facet normal 0 -1 0
    outer loop
      vertex 158.071 25.5 0.150561
      vertex 164.191 25.5 2.86147
      vertex 157.972 25.5 0.349999
    endloop
  endfacet
  facet normal 0 -1 -0
    outer loop
      vertex 164.191 25.5 2.86147
      vertex 158.071 25.5 0.150561
      vertex 164.527 25.5 1.87055
    endloop
  endfacet
  facet normal 0 -1 0
    outer loop
      vertex 158.142 25.5 -0.0600071
      vertex 164.527 25.5 1.87055
      vertex 158.071 25.5 0.150561
    endloop
  endfacet
  facet normal 0 -1 -0
    outer loop
      vertex 164.527 25.5 1.87055
      vertex 158.142 25.5 -0.0600071
      vertex 164.732 25.5 0.844209
    endloop
  endfacet
  facet normal 0 -1 0
    outer loop
      vertex 158.185 25.5 -0.278105
      vertex 164.732 25.5 0.844209
      vertex 158.142 25.5 -0.0600071
    endloop
  endfacet
  facet normal 0 -1 -0
    outer loop
      vertex 164.732 25.5 0.844209
      vertex 158.185 25.5 -0.278105
      vertex 164.8 25.5 -0.2
    endloop
  endfacet
  facet normal 0 -1 0
    outer loop
      vertex 158.2 25.5 -0.5
      vertex 164.8 25.5 -0.2
      vertex 158.185 25.5 -0.278105
    endloop
  endfacet
  facet normal 0 -1 0
    outer loop
      vertex 158.185 25.5 -0.721894
      vertex 164.8 25.5 -0.2
      vertex 158.2 25.5 -0.5
    endloop
  endfacet
  facet normal 0 -1 0
    outer loop
      vertex 158.142 25.5 -0.939992
      vertex 164.8 25.5 -0.2
      vertex 158.185 25.5 -0.721894
    endloop
  endfacet
  facet normal 0 -1 0
    outer loop
      vertex 158.071 25.5 -1.15056
      vertex 164.8 25.5 -0.2
      vertex 158.142 25.5 -0.939992
    endloop
  endfacet
  facet normal 0 -1 0
    outer loop
      vertex 157.972 25.5 -1.35
      vertex 164.8 25.5 -0.2
      vertex 158.071 25.5 -1.15056
    endloop
  endfacet
  facet normal 0 -1 0
    outer loop
      vertex 157.849 25.5 -1.53489
      vertex 164.8 25.5 -0.2
      vertex 157.972 25.5 -1.35
    endloop
  endfacet
  facet normal 0 -1 0
    outer loop
      vertex 157.702 25.5 -1.70208
      vertex 164.8 25.5 -0.2
      vertex 157.849 25.5 -1.53489
    endloop
  endfacet
  facet normal 0 -1 0
    outer loop
      vertex 157.535 25.5 -1.8487
      vertex 164.8 25.5 -0.2
      vertex 157.702 25.5 -1.70208
    endloop
  endfacet
  facet normal 0 -1 0
    outer loop
      vertex 157.35 25.5 -1.97224
      vertex 164.8 25.5 -0.2
      vertex 157.535 25.5 -1.8487
    endloop
  endfacet
  facet normal 0 -1 0
    outer loop
      vertex 157.151 25.5 -2.07059
      vertex 164.8 25.5 -0.2
      vertex 157.35 25.5 -1.97224
    endloop
  endfacet
  facet normal 0 -1 0
    outer loop
      vertex 139.94 25.5 -23.9137
      vertex 157.151 25.5 -2.07059
      vertex 156.94 25.5 -2.14207
    endloop
  endfacet
  facet normal 0 -1 -0
    outer loop
      vertex 154.929 25.5 -1.15056
      vertex 139.062 25.5 -9.5
      vertex 155.028 25.5 -1.35
    endloop
  endfacet
  facet normal 0 -1 0
    outer loop
      vertex 139.467 25.5 -10.3212
      vertex 155.028 25.5 -1.35
      vertex 139.062 25.5 -9.5
    endloop
  endfacet
  facet normal 0 -1 -0
    outer loop
      vertex 155.028 25.5 -1.35
      vertex 139.467 25.5 -10.3212
      vertex 155.151 25.5 -1.53489
    endloop
  endfacet
  facet normal 0 -1 -0
    outer loop
      vertex 155.151 25.5 -1.53489
      vertex 139.467 25.5 -10.3212
      vertex 155.298 25.5 -1.70208
    endloop
  endfacet
  facet normal 0 -1 0
    outer loop
      vertex 139.761 25.5 -11.1883
      vertex 155.298 25.5 -1.70208
      vertex 139.467 25.5 -10.3212
    endloop
  endfacet
  facet normal 0 -1 -0
    outer loop
      vertex 155.298 25.5 -1.70208
      vertex 139.761 25.5 -11.1883
      vertex 155.465 25.5 -1.8487
    endloop
  endfacet
  facet normal 0 -1 0
    outer loop
      vertex 139.94 25.5 -12.0863
      vertex 155.465 25.5 -1.8487
      vertex 139.761 25.5 -11.1883
    endloop
  endfacet
  facet normal 0 -1 -0
    outer loop
      vertex 155.465 25.5 -1.8487
      vertex 139.94 25.5 -12.0863
      vertex 155.65 25.5 -1.97224
    endloop
  endfacet
  facet normal 0 -1 -0
    outer loop
      vertex 155.65 25.5 -1.97224
      vertex 139.94 25.5 -12.0863
      vertex 155.849 25.5 -2.07059
    endloop
  endfacet
  facet normal 0 -1 0
    outer loop
      vertex 140 25.5 -13
      vertex 155.849 25.5 -2.07059
      vertex 139.94 25.5 -12.0863
    endloop
  endfacet
  facet normal 0 -1 -0
    outer loop
      vertex 155.849 25.5 -2.07059
      vertex 140 25.5 -13
      vertex 156.06 25.5 -2.14207
    endloop
  endfacet
  facet normal 0 -1 -0
    outer loop
      vertex 156.06 25.5 -2.14207
      vertex 140 25.5 -13
      vertex 156.278 25.5 -2.18546
    endloop
  endfacet
  facet normal 0 -1 0
    outer loop
      vertex 140 25.5 -23
      vertex 156.278 25.5 -2.18546
      vertex 140 25.5 -13
    endloop
  endfacet
  facet normal 0 -1 -0
    outer loop
      vertex 156.278 25.5 -2.18546
      vertex 140 25.5 -23
      vertex 156.5 25.5 -2.2
    endloop
  endfacet
  facet normal 0 -1 -0
    outer loop
      vertex 156.5 25.5 -2.2
      vertex 140 25.5 -23
      vertex 156.722 25.5 -2.18546
    endloop
  endfacet
  facet normal 0 -1 -0
    outer loop
      vertex 156.722 25.5 -2.18546
      vertex 140 25.5 -23
      vertex 156.94 25.5 -2.14207
    endloop
  endfacet
  facet normal 0 -1 0
    outer loop
      vertex 139.94 25.5 -23.9137
      vertex 156.94 25.5 -2.14207
      vertex 140 25.5 -23
    endloop
  endfacet
  facet normal 0 -1 -0
    outer loop
      vertex 157.151 25.5 -2.07059
      vertex 139.94 25.5 -23.9137
      vertex 164.8 25.5 -0.2
    endloop
  endfacet
  facet normal 0 -1 0
    outer loop
      vertex 139.761 25.5 -24.8117
      vertex 164.8 25.5 -0.2
      vertex 139.94 25.5 -23.9137
    endloop
  endfacet
  facet normal 0 -1 0
    outer loop
      vertex 139.304 25.5 -37.6506
      vertex 139.761 25.5 -24.8117
      vertex 139.467 25.5 -25.6788
    endloop
  endfacet
  facet normal 0 -1 0
    outer loop
      vertex 139.247 25.5 -37.4834
      vertex 139.467 25.5 -25.6788
      vertex 139.062 25.5 -26.5
    endloop
  endfacet
  facet normal 0 -1 0
    outer loop
      vertex 139.071 25.5 -37.1782
      vertex 139.062 25.5 -26.5
      vertex 138.553 25.5 -27.2613
    endloop
  endfacet
  facet normal 0 -1 0
    outer loop
      vertex 138.955 25.5 -37.0454
      vertex 138.553 25.5 -27.2613
      vertex 137.95 25.5 -27.9497
    endloop
  endfacet
  facet normal 0 -1 0
    outer loop
      vertex 132.086 25.5 -29.9401
      vertex 138 25.5 -36.65
      vertex 133 25.5 -30
    endloop
  endfacet
  facet normal 0 -1 0
    outer loop
      vertex 133 25.5 -30
      vertex 138 25.5 -36.65
      vertex 133.914 25.5 -29.9401
    endloop
  endfacet
  facet normal 0 -1 0
    outer loop
      vertex 133.914 25.5 -29.9401
      vertex 138 25.5 -36.65
      vertex 134.812 25.5 -29.7615
    endloop
  endfacet
  facet normal 0 -1 0
    outer loop
      vertex 134.812 25.5 -29.7615
      vertex 138 25.5 -36.65
      vertex 135.679 25.5 -29.4672
    endloop
  endfacet
  facet normal 0 -1 0
    outer loop
      vertex 135.679 25.5 -29.4672
      vertex 138 25.5 -36.65
      vertex 136.5 25.5 -29.0622
    endloop
  endfacet
  facet normal 0 -1 0
    outer loop
      vertex 138.176 25.5 -36.6615
      vertex 136.5 25.5 -29.0622
      vertex 138 25.5 -36.65
    endloop
  endfacet
  facet normal 0 -1 0
    outer loop
      vertex 138.349 25.5 -36.696
      vertex 136.5 25.5 -29.0622
      vertex 138.176 25.5 -36.6615
    endloop
  endfacet
  facet normal 0 -1 0
    outer loop
      vertex 136.5 25.5 -29.0622
      vertex 138.349 25.5 -36.696
      vertex 137.261 25.5 -28.5535
    endloop
  endfacet
  facet normal 0 -1 0
    outer loop
      vertex 138.517 25.5 -36.7528
      vertex 137.261 25.5 -28.5535
      vertex 138.349 25.5 -36.696
    endloop
  endfacet
  facet normal 0 -1 0
    outer loop
      vertex 138.675 25.5 -36.8309
      vertex 137.261 25.5 -28.5535
      vertex 138.517 25.5 -36.7528
    endloop
  endfacet
  facet normal 0 -1 0
    outer loop
      vertex 137.261 25.5 -28.5535
      vertex 138.675 25.5 -36.8309
      vertex 137.95 25.5 -27.9497
    endloop
  endfacet
  facet normal 0 -1 0
    outer loop
      vertex 138.822 25.5 -36.929
      vertex 137.95 25.5 -27.9497
      vertex 138.675 25.5 -36.8309
    endloop
  endfacet
  facet normal 0 -1 0
    outer loop
      vertex 138.955 25.5 -37.0454
      vertex 137.95 25.5 -27.9497
      vertex 138.822 25.5 -36.929
    endloop
  endfacet
  facet normal 0 -1 0
    outer loop
      vertex 138.553 25.5 -27.2613
      vertex 138.955 25.5 -37.0454
      vertex 139.071 25.5 -37.1782
    endloop
  endfacet
  facet normal 0 -1 0
    outer loop
      vertex 139.062 25.5 -26.5
      vertex 139.071 25.5 -37.1782
      vertex 139.169 25.5 -37.325
    endloop
  endfacet
  facet normal 0 -1 0
    outer loop
      vertex 139.062 25.5 -26.5
      vertex 139.169 25.5 -37.325
      vertex 139.247 25.5 -37.4834
    endloop
  endfacet
  facet normal 0 -1 0
    outer loop
      vertex 139.467 25.5 -25.6788
      vertex 139.247 25.5 -37.4834
      vertex 139.304 25.5 -37.6506
    endloop
  endfacet
  facet normal 0 -1 0
    outer loop
      vertex 139.761 25.5 -24.8117
      vertex 139.304 25.5 -37.6506
      vertex 139.338 25.5 -37.8238
    endloop
  endfacet
  facet normal 0 -1 -0
    outer loop
      vertex 139.761 25.5 -24.8117
      vertex 139.338 25.5 -37.8238
      vertex 164.8 25.5 -0.2
    endloop
  endfacet
  facet normal 0 -1 0
    outer loop
      vertex 139.35 25.5 -38
      vertex 164.8 25.5 -0.2
      vertex 139.338 25.5 -37.8238
    endloop
  endfacet
  facet normal 0 -1 0
    outer loop
      vertex 139.338 25.5 -38.1762
      vertex 164.8 25.5 -0.2
      vertex 139.35 25.5 -38
    endloop
  endfacet
  facet normal 0 -1 0
    outer loop
      vertex 139.338 25.5 -46.8238
      vertex 139.338 25.5 -38.1762
      vertex 139.304 25.5 -38.3494
    endloop
  endfacet
  facet normal 0 -1 0
    outer loop
      vertex 139.304 25.5 -46.6506
      vertex 139.304 25.5 -38.3494
      vertex 139.247 25.5 -38.5166
    endloop
  endfacet
  facet normal 0 -1 0
    outer loop
      vertex 139.247 25.5 -46.4834
      vertex 139.247 25.5 -38.5166
      vertex 139.169 25.5 -38.675
    endloop
  endfacet
  facet normal 0 -1 0
    outer loop
      vertex 138 25.5 -45.65
      vertex 138 25.5 -39.35
      vertex 122 25.5 -45.65
    endloop
  endfacet
  facet normal 0 -1 0
    outer loop
      vertex 138 25.5 -39.35
      vertex 138 25.5 -45.65
      vertex 138.176 25.5 -39.3385
    endloop
  endfacet
  facet normal 0 -1 0
    outer loop
      vertex 138.176 25.5 -45.6615
      vertex 138.176 25.5 -39.3385
      vertex 138 25.5 -45.65
    endloop
  endfacet
  facet normal 0 -1 0
    outer loop
      vertex 138.176 25.5 -39.3385
      vertex 138.176 25.5 -45.6615
      vertex 138.349 25.5 -39.304
    endloop
  endfacet
  facet normal 0 -1 0
    outer loop
      vertex 138.349 25.5 -45.696
      vertex 138.349 25.5 -39.304
      vertex 138.176 25.5 -45.6615
    endloop
  endfacet
  facet normal 0 -1 0
    outer loop
      vertex 138.349 25.5 -39.304
      vertex 138.349 25.5 -45.696
      vertex 138.517 25.5 -39.2472
    endloop
  endfacet
  facet normal 0 -1 0
    outer loop
      vertex 138.517 25.5 -45.7528
      vertex 138.517 25.5 -39.2472
      vertex 138.349 25.5 -45.696
    endloop
  endfacet
  facet normal 0 -1 0
    outer loop
      vertex 138.517 25.5 -39.2472
      vertex 138.517 25.5 -45.7528
      vertex 138.675 25.5 -39.1691
    endloop
  endfacet
  facet normal 0 -1 0
    outer loop
      vertex 138.675 25.5 -45.8309
      vertex 138.675 25.5 -39.1691
      vertex 138.517 25.5 -45.7528
    endloop
  endfacet
  facet normal 0 -1 0
    outer loop
      vertex 138.675 25.5 -39.1691
      vertex 138.675 25.5 -45.8309
      vertex 138.822 25.5 -39.071
    endloop
  endfacet
  facet normal 0 -1 0
    outer loop
      vertex 138.822 25.5 -45.929
      vertex 138.822 25.5 -39.071
      vertex 138.675 25.5 -45.8309
    endloop
  endfacet
  facet normal 0 -1 0
    outer loop
      vertex 138.822 25.5 -39.071
      vertex 138.822 25.5 -45.929
      vertex 138.955 25.5 -38.9546
    endloop
  endfacet
  facet normal 0 -1 0
    outer loop
      vertex 138.955 25.5 -46.0454
      vertex 138.955 25.5 -38.9546
      vertex 138.822 25.5 -45.929
    endloop
  endfacet
  facet normal 0 -1 0
    outer loop
      vertex 138.955 25.5 -38.9546
      vertex 138.955 25.5 -46.0454
      vertex 139.071 25.5 -38.8218
    endloop
  endfacet
  facet normal 0 -1 0
    outer loop
      vertex 139.071 25.5 -46.1782
      vertex 139.071 25.5 -38.8218
      vertex 138.955 25.5 -46.0454
    endloop
  endfacet
  facet normal 0 -1 0
    outer loop
      vertex 139.071 25.5 -38.8218
      vertex 139.071 25.5 -46.1782
      vertex 139.169 25.5 -38.675
    endloop
  endfacet
  facet normal 0 -1 0
    outer loop
      vertex 139.169 25.5 -46.325
      vertex 139.169 25.5 -38.675
      vertex 139.071 25.5 -46.1782
    endloop
  endfacet
  facet normal 0 -1 0
    outer loop
      vertex 139.247 25.5 -46.4834
      vertex 139.169 25.5 -38.675
      vertex 139.169 25.5 -46.325
    endloop
  endfacet
  facet normal 0 -1 0
    outer loop
      vertex 139.247 25.5 -38.5166
      vertex 139.247 25.5 -46.4834
      vertex 139.304 25.5 -46.6506
    endloop
  endfacet
  facet normal 0 -1 0
    outer loop
      vertex 139.304 25.5 -38.3494
      vertex 139.304 25.5 -46.6506
      vertex 139.338 25.5 -46.8238
    endloop
  endfacet
  facet normal 0 -1 0
    outer loop
      vertex 139.338 25.5 -38.1762
      vertex 139.338 25.5 -46.8238
      vertex 164.8 25.5 -0.2
    endloop
  endfacet
  facet normal 0 -1 0
    outer loop
      vertex 139.35 25.5 -47
      vertex 164.8 25.5 -0.2
      vertex 139.338 25.5 -46.8238
    endloop
  endfacet
  facet normal 0 -1 0
    outer loop
      vertex 139.338 25.5 -47.1762
      vertex 164.8 25.5 -0.2
      vertex 139.35 25.5 -47
    endloop
  endfacet
  facet normal 0 -1 0
    outer loop
      vertex 139.338 25.5 -55.8238
      vertex 139.338 25.5 -47.1762
      vertex 139.304 25.5 -47.3494
    endloop
  endfacet
  facet normal 0 -1 0
    outer loop
      vertex 139.304 25.5 -55.6506
      vertex 139.304 25.5 -47.3494
      vertex 139.247 25.5 -47.5166
    endloop
  endfacet
  facet normal 0 -1 0
    outer loop
      vertex 139.247 25.5 -55.4834
      vertex 139.247 25.5 -47.5166
      vertex 139.169 25.5 -47.675
    endloop
  endfacet
  facet normal 0 -1 0
    outer loop
      vertex 138 25.5 -54.65
      vertex 138 25.5 -48.35
      vertex 122 25.5 -54.65
    endloop
  endfacet
  facet normal 0 -1 0
    outer loop
      vertex 138 25.5 -48.35
      vertex 138 25.5 -54.65
      vertex 138.176 25.5 -48.3385
    endloop
  endfacet
  facet normal 0 -1 0
    outer loop
      vertex 138.176 25.5 -54.6615
      vertex 138.176 25.5 -48.3385
      vertex 138 25.5 -54.65
    endloop
  endfacet
  facet normal 0 -1 0
    outer loop
      vertex 138.176 25.5 -48.3385
      vertex 138.176 25.5 -54.6615
      vertex 138.349 25.5 -48.304
    endloop
  endfacet
  facet normal 0 -1 0
    outer loop
      vertex 138.349 25.5 -54.696
      vertex 138.349 25.5 -48.304
      vertex 138.176 25.5 -54.6615
    endloop
  endfacet
  facet normal 0 -1 0
    outer loop
      vertex 138.349 25.5 -48.304
      vertex 138.349 25.5 -54.696
      vertex 138.517 25.5 -48.2472
    endloop
  endfacet
  facet normal 0 -1 0
    outer loop
      vertex 138.517 25.5 -54.7528
      vertex 138.517 25.5 -48.2472
      vertex 138.349 25.5 -54.696
    endloop
  endfacet
  facet normal 0 -1 0
    outer loop
      vertex 138.517 25.5 -48.2472
      vertex 138.517 25.5 -54.7528
      vertex 138.675 25.5 -48.1691
    endloop
  endfacet
  facet normal 0 -1 0
    outer loop
      vertex 138.675 25.5 -54.8309
      vertex 138.675 25.5 -48.1691
      vertex 138.517 25.5 -54.7528
    endloop
  endfacet
  facet normal 0 -1 0
    outer loop
      vertex 138.675 25.5 -48.1691
      vertex 138.675 25.5 -54.8309
      vertex 138.822 25.5 -48.071
    endloop
  endfacet
  facet normal 0 -1 0
    outer loop
      vertex 138.822 25.5 -54.929
      vertex 138.822 25.5 -48.071
      vertex 138.675 25.5 -54.8309
    endloop
  endfacet
  facet normal 0 -1 0
    outer loop
      vertex 138.822 25.5 -48.071
      vertex 138.822 25.5 -54.929
      vertex 138.955 25.5 -47.9546
    endloop
  endfacet
  facet normal 0 -1 0
    outer loop
      vertex 138.955 25.5 -55.0454
      vertex 138.955 25.5 -47.9546
      vertex 138.822 25.5 -54.929
    endloop
  endfacet
  facet normal 0 -1 0
    outer loop
      vertex 138.955 25.5 -47.9546
      vertex 138.955 25.5 -55.0454
      vertex 139.071 25.5 -47.8218
    endloop
  endfacet
  facet normal 0 -1 0
    outer loop
      vertex 139.071 25.5 -55.1782
      vertex 139.071 25.5 -47.8218
      vertex 138.955 25.5 -55.0454
    endloop
  endfacet
  facet normal 0 -1 0
    outer loop
      vertex 139.071 25.5 -47.8218
      vertex 139.071 25.5 -55.1782
      vertex 139.169 25.5 -47.675
    endloop
  endfacet
  facet normal 0 -1 0
    outer loop
      vertex 139.169 25.5 -55.325
      vertex 139.169 25.5 -47.675
      vertex 139.071 25.5 -55.1782
    endloop
  endfacet
  facet normal 0 -1 0
    outer loop
      vertex 139.247 25.5 -55.4834
      vertex 139.169 25.5 -47.675
      vertex 139.169 25.5 -55.325
    endloop
  endfacet
  facet normal 0 -1 0
    outer loop
      vertex 139.247 25.5 -47.5166
      vertex 139.247 25.5 -55.4834
      vertex 139.304 25.5 -55.6506
    endloop
  endfacet
  facet normal 0 -1 0
    outer loop
      vertex 139.304 25.5 -47.3494
      vertex 139.304 25.5 -55.6506
      vertex 139.338 25.5 -55.8238
    endloop
  endfacet
  facet normal 0 -1 0
    outer loop
      vertex 139.338 25.5 -47.1762
      vertex 139.338 25.5 -55.8238
      vertex 164.8 25.5 -0.2
    endloop
  endfacet
  facet normal 0 -1 0
    outer loop
      vertex 139.35 25.5 -56
      vertex 164.8 25.5 -0.2
      vertex 139.338 25.5 -55.8238
    endloop
  endfacet
  facet normal 0 -1 0
    outer loop
      vertex 164.8 25.5 -114.8
      vertex 139.35 25.5 -56
      vertex 139.338 25.5 -56.1762
    endloop
  endfacet
  facet normal 0 -1 0
    outer loop
      vertex 139.338 25.5 -64.8238
      vertex 139.338 25.5 -56.1762
      vertex 139.304 25.5 -56.3494
    endloop
  endfacet
  facet normal 0 -1 0
    outer loop
      vertex 139.304 25.5 -64.6506
      vertex 139.304 25.5 -56.3494
      vertex 139.247 25.5 -56.5166
    endloop
  endfacet
  facet normal 0 -1 0
    outer loop
      vertex 138 25.5 -63.65
      vertex 138 25.5 -57.35
      vertex 122 25.5 -63.65
    endloop
  endfacet
  facet normal 0 -1 0
    outer loop
      vertex 138 25.5 -57.35
      vertex 138 25.5 -63.65
      vertex 138.176 25.5 -57.3385
    endloop
  endfacet
  facet normal 0 -1 0
    outer loop
      vertex 138.176 25.5 -63.6615
      vertex 138.176 25.5 -57.3385
      vertex 138 25.5 -63.65
    endloop
  endfacet
  facet normal 0 -1 0
    outer loop
      vertex 138.176 25.5 -57.3385
      vertex 138.176 25.5 -63.6615
      vertex 138.349 25.5 -57.304
    endloop
  endfacet
  facet normal 0 -1 0
    outer loop
      vertex 138.349 25.5 -63.696
      vertex 138.349 25.5 -57.304
      vertex 138.176 25.5 -63.6615
    endloop
  endfacet
  facet normal 0 -1 0
    outer loop
      vertex 138.349 25.5 -57.304
      vertex 138.349 25.5 -63.696
      vertex 138.517 25.5 -57.2472
    endloop
  endfacet
  facet normal 0 -1 0
    outer loop
      vertex 138.517 25.5 -63.7528
      vertex 138.517 25.5 -57.2472
      vertex 138.349 25.5 -63.696
    endloop
  endfacet
  facet normal 0 -1 0
    outer loop
      vertex 138.517 25.5 -57.2472
      vertex 138.517 25.5 -63.7528
      vertex 138.675 25.5 -57.1691
    endloop
  endfacet
  facet normal 0 -1 0
    outer loop
      vertex 138.675 25.5 -63.8309
      vertex 138.675 25.5 -57.1691
      vertex 138.517 25.5 -63.7528
    endloop
  endfacet
  facet normal 0 -1 0
    outer loop
      vertex 138.675 25.5 -57.1691
      vertex 138.675 25.5 -63.8309
      vertex 138.822 25.5 -57.071
    endloop
  endfacet
  facet normal 0 -1 0
    outer loop
      vertex 138.822 25.5 -63.929
      vertex 138.822 25.5 -57.071
      vertex 138.675 25.5 -63.8309
    endloop
  endfacet
  facet normal 0 -1 0
    outer loop
      vertex 138.822 25.5 -57.071
      vertex 138.822 25.5 -63.929
      vertex 138.955 25.5 -56.9546
    endloop
  endfacet
  facet normal 0 -1 0
    outer loop
      vertex 138.955 25.5 -64.0454
      vertex 138.955 25.5 -56.9546
      vertex 138.822 25.5 -63.929
    endloop
  endfacet
  facet normal 0 -1 0
    outer loop
      vertex 138.955 25.5 -56.9546
      vertex 138.955 25.5 -64.0454
      vertex 139.071 25.5 -56.8218
    endloop
  endfacet
  facet normal 0 -1 0
    outer loop
      vertex 139.071 25.5 -64.1782
      vertex 139.071 25.5 -56.8218
      vertex 138.955 25.5 -64.0454
    endloop
  endfacet
  facet normal 0 -1 0
    outer loop
      vertex 139.071 25.5 -56.8218
      vertex 139.071 25.5 -64.1782
      vertex 139.169 25.5 -56.675
    endloop
  endfacet
  facet normal 0 -1 0
    outer loop
      vertex 139.169 25.5 -64.325
      vertex 139.169 25.5 -56.675
      vertex 139.071 25.5 -64.1782
    endloop
  endfacet
  facet normal 0 -1 0
    outer loop
      vertex 139.169 25.5 -56.675
      vertex 139.169 25.5 -64.325
      vertex 139.247 25.5 -56.5166
    endloop
  endfacet
  facet normal 0 -1 0
    outer loop
      vertex 139.247 25.5 -64.4834
      vertex 139.247 25.5 -56.5166
      vertex 139.169 25.5 -64.325
    endloop
  endfacet
  facet normal 0 -1 0
    outer loop
      vertex 139.304 25.5 -64.6506
      vertex 139.247 25.5 -56.5166
      vertex 139.247 25.5 -64.4834
    endloop
  endfacet
  facet normal 0 -1 0
    outer loop
      vertex 139.304 25.5 -56.3494
      vertex 139.304 25.5 -64.6506
      vertex 139.338 25.5 -64.8238
    endloop
  endfacet
  facet normal 0 -1 0
    outer loop
      vertex 139.338 25.5 -56.1762
      vertex 139.338 25.5 -64.8238
      vertex 164.8 25.5 -114.8
    endloop
  endfacet
  facet normal 0 -1 0
    outer loop
      vertex 164.8 25.5 -114.8
      vertex 139.338 25.5 -64.8238
      vertex 139.35 25.5 -65
    endloop
  endfacet
  facet normal 0 -1 0
    outer loop
      vertex 164.8 25.5 -114.8
      vertex 139.35 25.5 -65
      vertex 139.338 25.5 -65.1762
    endloop
  endfacet
  facet normal 0 -1 0
    outer loop
      vertex 139.338 25.5 -73.8238
      vertex 139.338 25.5 -65.1762
      vertex 139.304 25.5 -65.3494
    endloop
  endfacet
  facet normal 0 -1 0
    outer loop
      vertex 139.304 25.5 -73.6506
      vertex 139.304 25.5 -65.3494
      vertex 139.247 25.5 -65.5166
    endloop
  endfacet
  facet normal 0 -1 0
    outer loop
      vertex 138 25.5 -72.65
      vertex 138 25.5 -66.35
      vertex 122 25.5 -72.65
    endloop
  endfacet
  facet normal 0 -1 0
    outer loop
      vertex 138 25.5 -66.35
      vertex 138 25.5 -72.65
      vertex 138.176 25.5 -66.3384
    endloop
  endfacet
  facet normal 0 -1 0
    outer loop
      vertex 138.176 25.5 -72.6615
      vertex 138.176 25.5 -66.3384
      vertex 138 25.5 -72.65
    endloop
  endfacet
  facet normal 0 -1 0
    outer loop
      vertex 138.176 25.5 -66.3384
      vertex 138.176 25.5 -72.6615
      vertex 138.349 25.5 -66.304
    endloop
  endfacet
  facet normal 0 -1 0
    outer loop
      vertex 138.349 25.5 -72.696
      vertex 138.349 25.5 -66.304
      vertex 138.176 25.5 -72.6615
    endloop
  endfacet
  facet normal 0 -1 0
    outer loop
      vertex 138.349 25.5 -66.304
      vertex 138.349 25.5 -72.696
      vertex 138.517 25.5 -66.2472
    endloop
  endfacet
  facet normal 0 -1 0
    outer loop
      vertex 138.517 25.5 -72.7528
      vertex 138.517 25.5 -66.2472
      vertex 138.349 25.5 -72.696
    endloop
  endfacet
  facet normal 0 -1 0
    outer loop
      vertex 138.517 25.5 -66.2472
      vertex 138.517 25.5 -72.7528
      vertex 138.675 25.5 -66.1691
    endloop
  endfacet
  facet normal 0 -1 0
    outer loop
      vertex 138.675 25.5 -72.8309
      vertex 138.675 25.5 -66.1691
      vertex 138.517 25.5 -72.7528
    endloop
  endfacet
  facet normal 0 -1 0
    outer loop
      vertex 138.675 25.5 -66.1691
      vertex 138.675 25.5 -72.8309
      vertex 138.822 25.5 -66.071
    endloop
  endfacet
  facet normal 0 -1 0
    outer loop
      vertex 138.822 25.5 -72.929
      vertex 138.822 25.5 -66.071
      vertex 138.675 25.5 -72.8309
    endloop
  endfacet
  facet normal 0 -1 0
    outer loop
      vertex 138.822 25.5 -66.071
      vertex 138.822 25.5 -72.929
      vertex 138.955 25.5 -65.9546
    endloop
  endfacet
  facet normal 0 -1 0
    outer loop
      vertex 138.955 25.5 -73.0454
      vertex 138.955 25.5 -65.9546
      vertex 138.822 25.5 -72.929
    endloop
  endfacet
  facet normal 0 -1 0
    outer loop
      vertex 138.955 25.5 -65.9546
      vertex 138.955 25.5 -73.0454
      vertex 139.071 25.5 -65.8218
    endloop
  endfacet
  facet normal 0 -1 0
    outer loop
      vertex 139.071 25.5 -73.1782
      vertex 139.071 25.5 -65.8218
      vertex 138.955 25.5 -73.0454
    endloop
  endfacet
  facet normal 0 -1 0
    outer loop
      vertex 139.071 25.5 -65.8218
      vertex 139.071 25.5 -73.1782
      vertex 139.169 25.5 -65.675
    endloop
  endfacet
  facet normal 0 -1 0
    outer loop
      vertex 139.169 25.5 -73.325
      vertex 139.169 25.5 -65.675
      vertex 139.071 25.5 -73.1782
    endloop
  endfacet
  facet normal 0 -1 0
    outer loop
      vertex 139.169 25.5 -65.675
      vertex 139.169 25.5 -73.325
      vertex 139.247 25.5 -65.5166
    endloop
  endfacet
  facet normal 0 -1 0
    outer loop
      vertex 139.247 25.5 -73.4834
      vertex 139.247 25.5 -65.5166
      vertex 139.169 25.5 -73.325
    endloop
  endfacet
  facet normal 0 -1 0
    outer loop
      vertex 139.304 25.5 -73.6506
      vertex 139.247 25.5 -65.5166
      vertex 139.247 25.5 -73.4834
    endloop
  endfacet
  facet normal 0 -1 0
    outer loop
      vertex 139.304 25.5 -65.3494
      vertex 139.304 25.5 -73.6506
      vertex 139.338 25.5 -73.8238
    endloop
  endfacet
  facet normal 0 -1 0
    outer loop
      vertex 139.338 25.5 -65.1762
      vertex 139.338 25.5 -73.8238
      vertex 164.8 25.5 -114.8
    endloop
  endfacet
  facet normal 0 -1 0
    outer loop
      vertex 164.8 25.5 -114.8
      vertex 139.338 25.5 -73.8238
      vertex 139.35 25.5 -74
    endloop
  endfacet
  facet normal 0 -1 0
    outer loop
      vertex 164.8 25.5 -114.8
      vertex 139.35 25.5 -74
      vertex 139.338 25.5 -74.1762
    endloop
  endfacet
  facet normal 0 -1 0
    outer loop
      vertex 139.338 25.5 -82.8238
      vertex 139.338 25.5 -74.1762
      vertex 139.304 25.5 -74.3494
    endloop
  endfacet
  facet normal 0 -1 0
    outer loop
      vertex 139.304 25.5 -82.6506
      vertex 139.304 25.5 -74.3494
      vertex 139.247 25.5 -74.5166
    endloop
  endfacet
  facet normal 0 -1 0
    outer loop
      vertex 138 25.5 -81.65
      vertex 138 25.5 -75.35
      vertex 122 25.5 -81.65
    endloop
  endfacet
  facet normal 0 -1 0
    outer loop
      vertex 138 25.5 -75.35
      vertex 138 25.5 -81.65
      vertex 138.176 25.5 -75.3384
    endloop
  endfacet
  facet normal 0 -1 0
    outer loop
      vertex 138.176 25.5 -81.6615
      vertex 138.176 25.5 -75.3384
      vertex 138 25.5 -81.65
    endloop
  endfacet
  facet normal 0 -1 0
    outer loop
      vertex 138.176 25.5 -75.3384
      vertex 138.176 25.5 -81.6615
      vertex 138.349 25.5 -75.304
    endloop
  endfacet
  facet normal 0 -1 0
    outer loop
      vertex 138.349 25.5 -81.696
      vertex 138.349 25.5 -75.304
      vertex 138.176 25.5 -81.6615
    endloop
  endfacet
  facet normal 0 -1 0
    outer loop
      vertex 138.349 25.5 -75.304
      vertex 138.349 25.5 -81.696
      vertex 138.517 25.5 -75.2472
    endloop
  endfacet
  facet normal 0 -1 0
    outer loop
      vertex 138.517 25.5 -81.7528
      vertex 138.517 25.5 -75.2472
      vertex 138.349 25.5 -81.696
    endloop
  endfacet
  facet normal 0 -1 0
    outer loop
      vertex 138.517 25.5 -75.2472
      vertex 138.517 25.5 -81.7528
      vertex 138.675 25.5 -75.1691
    endloop
  endfacet
  facet normal 0 -1 0
    outer loop
      vertex 138.675 25.5 -81.8309
      vertex 138.675 25.5 -75.1691
      vertex 138.517 25.5 -81.7528
    endloop
  endfacet
  facet normal 0 -1 0
    outer loop
      vertex 138.675 25.5 -75.1691
      vertex 138.675 25.5 -81.8309
      vertex 138.822 25.5 -75.071
    endloop
  endfacet
  facet normal 0 -1 0
    outer loop
      vertex 138.822 25.5 -81.929
      vertex 138.822 25.5 -75.071
      vertex 138.675 25.5 -81.8309
    endloop
  endfacet
  facet normal 0 -1 0
    outer loop
      vertex 138.822 25.5 -75.071
      vertex 138.822 25.5 -81.929
      vertex 138.955 25.5 -74.9546
    endloop
  endfacet
  facet normal 0 -1 0
    outer loop
      vertex 138.955 25.5 -82.0454
      vertex 138.955 25.5 -74.9546
      vertex 138.822 25.5 -81.929
    endloop
  endfacet
  facet normal 0 -1 0
    outer loop
      vertex 138.955 25.5 -74.9546
      vertex 138.955 25.5 -82.0454
      vertex 139.071 25.5 -74.8218
    endloop
  endfacet
  facet normal 0 -1 0
    outer loop
      vertex 139.071 25.5 -82.1782
      vertex 139.071 25.5 -74.8218
      vertex 138.955 25.5 -82.0454
    endloop
  endfacet
  facet normal 0 -1 0
    outer loop
      vertex 139.071 25.5 -74.8218
      vertex 139.071 25.5 -82.1782
      vertex 139.169 25.5 -74.675
    endloop
  endfacet
  facet normal 0 -1 0
    outer loop
      vertex 139.169 25.5 -82.325
      vertex 139.169 25.5 -74.675
      vertex 139.071 25.5 -82.1782
    endloop
  endfacet
  facet normal 0 -1 0
    outer loop
      vertex 139.169 25.5 -74.675
      vertex 139.169 25.5 -82.325
      vertex 139.247 25.5 -74.5166
    endloop
  endfacet
  facet normal 0 -1 0
    outer loop
      vertex 139.247 25.5 -82.4834
      vertex 139.247 25.5 -74.5166
      vertex 139.169 25.5 -82.325
    endloop
  endfacet
  facet normal 0 -1 0
    outer loop
      vertex 139.304 25.5 -82.6506
      vertex 139.247 25.5 -74.5166
      vertex 139.247 25.5 -82.4834
    endloop
  endfacet
  facet normal 0 -1 0
    outer loop
      vertex 139.304 25.5 -74.3494
      vertex 139.304 25.5 -82.6506
      vertex 139.338 25.5 -82.8238
    endloop
  endfacet
  facet normal 0 -1 0
    outer loop
      vertex 139.338 25.5 -74.1762
      vertex 139.338 25.5 -82.8238
      vertex 164.8 25.5 -114.8
    endloop
  endfacet
  facet normal 0 -1 0
    outer loop
      vertex 164.8 25.5 -114.8
      vertex 139.338 25.5 -82.8238
      vertex 139.35 25.5 -83
    endloop
  endfacet
  facet normal 0 -1 0
    outer loop
      vertex 164.8 25.5 -114.8
      vertex 139.35 25.5 -83
      vertex 139.338 25.5 -83.1762
    endloop
  endfacet
  facet normal 0 -1 0
    outer loop
      vertex 139.338 25.5 -91.8238
      vertex 139.338 25.5 -83.1762
      vertex 139.304 25.5 -83.3494
    endloop
  endfacet
  facet normal 0 -1 0
    outer loop
      vertex 138 25.5 -90.65
      vertex 138 25.5 -84.35
      vertex 122 25.5 -90.65
    endloop
  endfacet
  facet normal 0 -1 0
    outer loop
      vertex 138 25.5 -84.35
      vertex 138 25.5 -90.65
      vertex 138.176 25.5 -84.3384
    endloop
  endfacet
  facet normal 0 -1 0
    outer loop
      vertex 138.176 25.5 -90.6615
      vertex 138.176 25.5 -84.3384
      vertex 138 25.5 -90.65
    endloop
  endfacet
  facet normal 0 -1 0
    outer loop
      vertex 138.176 25.5 -84.3384
      vertex 138.176 25.5 -90.6615
      vertex 138.349 25.5 -84.304
    endloop
  endfacet
  facet normal 0 -1 0
    outer loop
      vertex 138.349 25.5 -90.696
      vertex 138.349 25.5 -84.304
      vertex 138.176 25.5 -90.6615
    endloop
  endfacet
  facet normal 0 -1 0
    outer loop
      vertex 138.349 25.5 -84.304
      vertex 138.349 25.5 -90.696
      vertex 138.517 25.5 -84.2472
    endloop
  endfacet
  facet normal 0 -1 0
    outer loop
      vertex 138.517 25.5 -90.7528
      vertex 138.517 25.5 -84.2472
      vertex 138.349 25.5 -90.696
    endloop
  endfacet
  facet normal 0 -1 0
    outer loop
      vertex 138.517 25.5 -84.2472
      vertex 138.517 25.5 -90.7528
      vertex 138.675 25.5 -84.1691
    endloop
  endfacet
  facet normal 0 -1 0
    outer loop
      vertex 138.675 25.5 -90.8309
      vertex 138.675 25.5 -84.1691
      vertex 138.517 25.5 -90.7528
    endloop
  endfacet
  facet normal 0 -1 0
    outer loop
      vertex 138.675 25.5 -84.1691
      vertex 138.675 25.5 -90.8309
      vertex 138.822 25.5 -84.071
    endloop
  endfacet
  facet normal 0 -1 0
    outer loop
      vertex 138.822 25.5 -90.929
      vertex 138.822 25.5 -84.071
      vertex 138.675 25.5 -90.8309
    endloop
  endfacet
  facet normal 0 -1 0
    outer loop
      vertex 138.822 25.5 -84.071
      vertex 138.822 25.5 -90.929
      vertex 138.955 25.5 -83.9546
    endloop
  endfacet
  facet normal 0 -1 0
    outer loop
      vertex 138.955 25.5 -91.0454
      vertex 138.955 25.5 -83.9546
      vertex 138.822 25.5 -90.929
    endloop
  endfacet
  facet normal 0 -1 0
    outer loop
      vertex 138.955 25.5 -83.9546
      vertex 138.955 25.5 -91.0454
      vertex 139.071 25.5 -83.8218
    endloop
  endfacet
  facet normal 0 -1 0
    outer loop
      vertex 139.071 25.5 -91.1782
      vertex 139.071 25.5 -83.8218
      vertex 138.955 25.5 -91.0454
    endloop
  endfacet
  facet normal 0 -1 0
    outer loop
      vertex 139.071 25.5 -83.8218
      vertex 139.071 25.5 -91.1782
      vertex 139.169 25.5 -83.675
    endloop
  endfacet
  facet normal 0 -1 0
    outer loop
      vertex 139.169 25.5 -91.325
      vertex 139.169 25.5 -83.675
      vertex 139.071 25.5 -91.1782
    endloop
  endfacet
  facet normal 0 -1 0
    outer loop
      vertex 139.169 25.5 -83.675
      vertex 139.169 25.5 -91.325
      vertex 139.247 25.5 -83.5166
    endloop
  endfacet
  facet normal 0 -1 0
    outer loop
      vertex 139.247 25.5 -91.4834
      vertex 139.247 25.5 -83.5166
      vertex 139.169 25.5 -91.325
    endloop
  endfacet
  facet normal 0 -1 0
    outer loop
      vertex 139.247 25.5 -83.5166
      vertex 139.247 25.5 -91.4834
      vertex 139.304 25.5 -83.3494
    endloop
  endfacet
  facet normal 0 -1 0
    outer loop
      vertex 139.304 25.5 -91.6506
      vertex 139.304 25.5 -83.3494
      vertex 139.247 25.5 -91.4834
    endloop
  endfacet
  facet normal 0 -1 0
    outer loop
      vertex 139.338 25.5 -91.8238
      vertex 139.304 25.5 -83.3494
      vertex 139.304 25.5 -91.6506
    endloop
  endfacet
  facet normal 0 -1 0
    outer loop
      vertex 139.338 25.5 -83.1762
      vertex 139.338 25.5 -91.8238
      vertex 157.151 25.5 -112.929
    endloop
  endfacet
  facet normal 0 -1 0
    outer loop
      vertex 156.94 25.5 -112.858
      vertex 139.338 25.5 -91.8238
      vertex 139.35 25.5 -92
    endloop
  endfacet
  facet normal 0 -1 0
    outer loop
      vertex 156.722 25.5 -112.815
      vertex 139.35 25.5 -92
      vertex 139.338 25.5 -92.1762
    endloop
  endfacet
  facet normal 0 -1 0
    outer loop
      vertex 156.5 25.5 -112.8
      vertex 139.338 25.5 -92.1762
      vertex 139.304 25.5 -92.3494
    endloop
  endfacet
  facet normal 0 -1 0
    outer loop
      vertex 138 25.5 -99.65
      vertex 138 25.5 -93.35
      vertex 122 25.5 -99.65
    endloop
  endfacet
  facet normal 0 -1 0
    outer loop
      vertex 138 25.5 -93.35
      vertex 138 25.5 -99.65
      vertex 138.176 25.5 -93.3384
    endloop
  endfacet
  facet normal 0 -1 0
    outer loop
      vertex 138.176 25.5 -99.6615
      vertex 138.176 25.5 -93.3384
      vertex 138 25.5 -99.65
    endloop
  endfacet
  facet normal 0 -1 0
    outer loop
      vertex 138.176 25.5 -93.3384
      vertex 138.176 25.5 -99.6615
      vertex 138.349 25.5 -93.304
    endloop
  endfacet
  facet normal 0 -1 0
    outer loop
      vertex 138.349 25.5 -99.696
      vertex 138.349 25.5 -93.304
      vertex 138.176 25.5 -99.6615
    endloop
  endfacet
  facet normal 0 -1 0
    outer loop
      vertex 138.349 25.5 -93.304
      vertex 138.349 25.5 -99.696
      vertex 138.517 25.5 -93.2472
    endloop
  endfacet
  facet normal 0 -1 0
    outer loop
      vertex 138.517 25.5 -99.7528
      vertex 138.517 25.5 -93.2472
      vertex 138.349 25.5 -99.696
    endloop
  endfacet
  facet normal 0 -1 0
    outer loop
      vertex 138.517 25.5 -93.2472
      vertex 138.517 25.5 -99.7528
      vertex 138.675 25.5 -93.1691
    endloop
  endfacet
  facet normal 0 -1 0
    outer loop
      vertex 138.675 25.5 -99.8309
      vertex 138.675 25.5 -93.1691
      vertex 138.517 25.5 -99.7528
    endloop
  endfacet
  facet normal 0 -1 0
    outer loop
      vertex 138.675 25.5 -93.1691
      vertex 138.675 25.5 -99.8309
      vertex 138.822 25.5 -93.071
    endloop
  endfacet
  facet normal 0 -1 0
    outer loop
      vertex 138.822 25.5 -99.929
      vertex 138.822 25.5 -93.071
      vertex 138.675 25.5 -99.8309
    endloop
  endfacet
  facet normal 0 -1 0
    outer loop
      vertex 138.822 25.5 -93.071
      vertex 138.822 25.5 -99.929
      vertex 138.955 25.5 -92.9546
    endloop
  endfacet
  facet normal 0 -1 0
    outer loop
      vertex 138.955 25.5 -100.045
      vertex 138.955 25.5 -92.9546
      vertex 138.822 25.5 -99.929
    endloop
  endfacet
  facet normal 0 -1 0
    outer loop
      vertex 138.955 25.5 -92.9546
      vertex 138.955 25.5 -100.045
      vertex 139.071 25.5 -92.8218
    endloop
  endfacet
  facet normal 0 -1 0
    outer loop
      vertex 139.071 25.5 -100.178
      vertex 139.071 25.5 -92.8218
      vertex 138.955 25.5 -100.045
    endloop
  endfacet
  facet normal 0 -1 0
    outer loop
      vertex 139.071 25.5 -92.8218
      vertex 139.071 25.5 -100.178
      vertex 139.169 25.5 -92.675
    endloop
  endfacet
  facet normal 0 -1 0
    outer loop
      vertex 139.169 25.5 -100.325
      vertex 139.169 25.5 -92.675
      vertex 139.071 25.5 -100.178
    endloop
  endfacet
  facet normal 0 -1 0
    outer loop
      vertex 139.169 25.5 -92.675
      vertex 139.169 25.5 -100.325
      vertex 139.247 25.5 -92.5166
    endloop
  endfacet
  facet normal 0 -1 0
    outer loop
      vertex 139.247 25.5 -100.483
      vertex 139.247 25.5 -92.5166
      vertex 139.169 25.5 -100.325
    endloop
  endfacet
  facet normal 0 -1 0
    outer loop
      vertex 139.247 25.5 -92.5166
      vertex 139.247 25.5 -100.483
      vertex 139.304 25.5 -92.3494
    endloop
  endfacet
  facet normal 0 -1 0
    outer loop
      vertex 139.304 25.5 -100.651
      vertex 139.304 25.5 -92.3494
      vertex 139.247 25.5 -100.483
    endloop
  endfacet
  facet normal 0 -1 0
    outer loop
      vertex 139.304 25.5 -92.3494
      vertex 139.304 25.5 -100.651
      vertex 156.5 25.5 -112.8
    endloop
  endfacet
  facet normal 0 -1 0
    outer loop
      vertex 156.5 25.5 -112.8
      vertex 139.304 25.5 -100.651
      vertex 139.338 25.5 -100.824
    endloop
  endfacet
  facet normal 0 -1 0
    outer loop
      vertex 156.5 25.5 -112.8
      vertex 139.338 25.5 -100.824
      vertex 139.35 25.5 -101
    endloop
  endfacet
  facet normal 0 -1 0
    outer loop
      vertex 156.5 25.5 -112.8
      vertex 139.35 25.5 -101
      vertex 139.338 25.5 -101.176
    endloop
  endfacet
  facet normal 0 -1 0
    outer loop
      vertex 156.5 25.5 -112.8
      vertex 139.338 25.5 -101.176
      vertex 139.304 25.5 -101.349
    endloop
  endfacet
  facet normal 0 -1 0
    outer loop
      vertex 122 25.5 -102.35
      vertex 156.5 25.5 -112.8
      vertex 138 25.5 -102.35
    endloop
  endfacet
  facet normal 0 -1 0
    outer loop
      vertex 138 25.5 -102.35
      vertex 156.5 25.5 -112.8
      vertex 138.176 25.5 -102.338
    endloop
  endfacet
  facet normal 0 -1 0
    outer loop
      vertex 156.5 25.5 -112.8
      vertex 138.349 25.5 -102.304
      vertex 138.176 25.5 -102.338
    endloop
  endfacet
  facet normal 0 -1 0
    outer loop
      vertex 156.5 25.5 -112.8
      vertex 138.517 25.5 -102.247
      vertex 138.349 25.5 -102.304
    endloop
  endfacet
  facet normal 0 -1 0
    outer loop
      vertex 156.5 25.5 -112.8
      vertex 138.675 25.5 -102.169
      vertex 138.517 25.5 -102.247
    endloop
  endfacet
  facet normal 0 -1 0
    outer loop
      vertex 156.5 25.5 -112.8
      vertex 138.822 25.5 -102.071
      vertex 138.675 25.5 -102.169
    endloop
  endfacet
  facet normal 0 -1 0
    outer loop
      vertex 156.5 25.5 -112.8
      vertex 138.955 25.5 -101.955
      vertex 138.822 25.5 -102.071
    endloop
  endfacet
  facet normal 0 -1 0
    outer loop
      vertex 156.5 25.5 -112.8
      vertex 139.071 25.5 -101.822
      vertex 138.955 25.5 -101.955
    endloop
  endfacet
  facet normal 0 -1 0
    outer loop
      vertex 156.5 25.5 -112.8
      vertex 139.169 25.5 -101.675
      vertex 139.071 25.5 -101.822
    endloop
  endfacet
  facet normal 0 -1 0
    outer loop
      vertex 156.5 25.5 -112.8
      vertex 139.247 25.5 -101.517
      vertex 139.169 25.5 -101.675
    endloop
  endfacet
  facet normal 0 -1 0
    outer loop
      vertex 156.5 25.5 -112.8
      vertex 139.304 25.5 -101.349
      vertex 139.247 25.5 -101.517
    endloop
  endfacet
  facet normal 0 -1 0
    outer loop
      vertex 139.338 25.5 -92.1762
      vertex 156.5 25.5 -112.8
      vertex 156.722 25.5 -112.815
    endloop
  endfacet
  facet normal 0 -1 0
    outer loop
      vertex 139.35 25.5 -92
      vertex 156.722 25.5 -112.815
      vertex 156.94 25.5 -112.858
    endloop
  endfacet
  facet normal 0 -1 0
    outer loop
      vertex 139.338 25.5 -91.8238
      vertex 156.94 25.5 -112.858
      vertex 157.151 25.5 -112.929
    endloop
  endfacet
  facet normal 0 -1 0
    outer loop
      vertex 139.338 25.5 -83.1762
      vertex 157.151 25.5 -112.929
      vertex 164.8 25.5 -114.8
    endloop
  endfacet
  facet normal 0 -1 0
    outer loop
      vertex 164.8 25.5 -114.8
      vertex 157.151 25.5 -112.929
      vertex 157.35 25.5 -113.028
    endloop
  endfacet
  facet normal 0 -1 0
    outer loop
      vertex 164.8 25.5 -114.8
      vertex 157.35 25.5 -113.028
      vertex 157.535 25.5 -113.151
    endloop
  endfacet
  facet normal 0 -1 0
    outer loop
      vertex 164.8 25.5 -114.8
      vertex 157.535 25.5 -113.151
      vertex 157.702 25.5 -113.298
    endloop
  endfacet
  facet normal 0 -1 0
    outer loop
      vertex 164.8 25.5 -114.8
      vertex 157.702 25.5 -113.298
      vertex 157.849 25.5 -113.465
    endloop
  endfacet
  facet normal 0 -1 0
    outer loop
      vertex 164.8 25.5 -114.8
      vertex 157.849 25.5 -113.465
      vertex 157.972 25.5 -113.65
    endloop
  endfacet
  facet normal 0 -1 0
    outer loop
      vertex 164.8 25.5 -114.8
      vertex 157.972 25.5 -113.65
      vertex 158.071 25.5 -113.849
    endloop
  endfacet
  facet normal 0 -1 0
    outer loop
      vertex 164.8 25.5 -114.8
      vertex 158.071 25.5 -113.849
      vertex 158.142 25.5 -114.06
    endloop
  endfacet
  facet normal 0 -1 0
    outer loop
      vertex 164.8 25.5 -114.8
      vertex 158.142 25.5 -114.06
      vertex 158.185 25.5 -114.278
    endloop
  endfacet
  facet normal 0 -1 0
    outer loop
      vertex 164.8 25.5 -114.8
      vertex 158.185 25.5 -114.278
      vertex 158.2 25.5 -114.5
    endloop
  endfacet
  facet normal 0 -1 0
    outer loop
      vertex 139.35 25.5 -56
      vertex 164.8 25.5 -114.8
      vertex 164.8 25.5 -0.2
    endloop
  endfacet
  facet normal 0 -1 0
    outer loop
      vertex 158.185 25.5 -114.722
      vertex 164.8 25.5 -114.8
      vertex 158.2 25.5 -114.5
    endloop
  endfacet
  facet normal 0 -1 0
    outer loop
      vertex 164.732 25.5 -115.844
      vertex 158.185 25.5 -114.722
      vertex 158.142 25.5 -114.94
    endloop
  endfacet
  facet normal 0 -1 0
    outer loop
      vertex 164.527 25.5 -116.871
      vertex 158.142 25.5 -114.94
      vertex 158.071 25.5 -115.151
    endloop
  endfacet
  facet normal 0 -1 0
    outer loop
      vertex 164.191 25.5 -117.861
      vertex 158.071 25.5 -115.151
      vertex 157.972 25.5 -115.35
    endloop
  endfacet
  facet normal 0 -1 0
    outer loop
      vertex 163.728 25.5 -118.8
      vertex 157.972 25.5 -115.35
      vertex 157.849 25.5 -115.535
    endloop
  endfacet
  facet normal 0 -1 0
    outer loop
      vertex 163.147 25.5 -119.67
      vertex 157.849 25.5 -115.535
      vertex 157.702 25.5 -115.702
    endloop
  endfacet
  facet normal 0 -1 0
    outer loop
      vertex 158.185 25.5 -114.722
      vertex 164.732 25.5 -115.844
      vertex 164.8 25.5 -114.8
    endloop
  endfacet
  facet normal 0 -1 0
    outer loop
      vertex 162.457 25.5 -120.457
      vertex 157.702 25.5 -115.702
      vertex 157.535 25.5 -115.849
    endloop
  endfacet
  facet normal 0 -1 0
    outer loop
      vertex 160.8 25.5 -121.728
      vertex 157.535 25.5 -115.849
      vertex 157.35 25.5 -115.972
    endloop
  endfacet
  facet normal 0 -1 0
    outer loop
      vertex 159.861 25.5 -122.191
      vertex 157.35 25.5 -115.972
      vertex 157.151 25.5 -116.071
    endloop
  endfacet
  facet normal 0 -1 0
    outer loop
      vertex 158.871 25.5 -122.527
      vertex 157.151 25.5 -116.071
      vertex 156.94 25.5 -116.142
    endloop
  endfacet
  facet normal 0 -1 0
    outer loop
      vertex 157.844 25.5 -122.732
      vertex 156.94 25.5 -116.142
      vertex 156.722 25.5 -116.185
    endloop
  endfacet
  facet normal 0 -1 0
    outer loop
      vertex 156.8 25.5 -122.8
      vertex 156.722 25.5 -116.185
      vertex 156.5 25.5 -116.2
    endloop
  endfacet
  facet normal 0 -1 0
    outer loop
      vertex 158.142 25.5 -114.94
      vertex 164.527 25.5 -116.871
      vertex 164.732 25.5 -115.844
    endloop
  endfacet
  facet normal 0 -1 0
    outer loop
      vertex 156.06 25.5 -116.142
      vertex 156.8 25.5 -122.8
      vertex 156.278 25.5 -116.185
    endloop
  endfacet
  facet normal 0 -1 -0
    outer loop
      vertex -0.534894 25.5 -115.849
      vertex -3.8 25.5 -121.728
      vertex -0.349999 25.5 -115.972
    endloop
  endfacet
  facet normal 0 -1 0
    outer loop
      vertex 156.278 25.5 -116.185
      vertex 156.8 25.5 -122.8
      vertex 156.5 25.5 -116.2
    endloop
  endfacet
  facet normal 0 -1 0
    outer loop
      vertex -2.86147 25.5 -122.191
      vertex -0.349999 25.5 -115.972
      vertex -3.8 25.5 -121.728
    endloop
  endfacet
  facet normal 0 -1 0
    outer loop
      vertex 156.722 25.5 -116.185
      vertex 156.8 25.5 -122.8
      vertex 157.844 25.5 -122.732
    endloop
  endfacet
  facet normal 0 -1 -0
    outer loop
      vertex -0.349999 25.5 -115.972
      vertex -2.86147 25.5 -122.191
      vertex -0.150561 25.5 -116.071
    endloop
  endfacet
  facet normal 0 -1 0
    outer loop
      vertex 158.071 25.5 -115.151
      vertex 164.191 25.5 -117.861
      vertex 164.527 25.5 -116.871
    endloop
  endfacet
  facet normal 0 -1 0
    outer loop
      vertex -1.87055 25.5 -122.527
      vertex -0.150561 25.5 -116.071
      vertex -2.86147 25.5 -122.191
    endloop
  endfacet
  facet normal 0 -1 0
    outer loop
      vertex 157.972 25.5 -115.35
      vertex 163.728 25.5 -118.8
      vertex 164.191 25.5 -117.861
    endloop
  endfacet
  facet normal 0 -1 -0
    outer loop
      vertex -0.150561 25.5 -116.071
      vertex -1.87055 25.5 -122.527
      vertex 0.0600071 25.5 -116.142
    endloop
  endfacet
  facet normal 0 -1 0
    outer loop
      vertex 157.849 25.5 -115.535
      vertex 163.147 25.5 -119.67
      vertex 163.728 25.5 -118.8
    endloop
  endfacet
  facet normal 0 -1 0
    outer loop
      vertex -0.844209 25.5 -122.732
      vertex 0.0600071 25.5 -116.142
      vertex -1.87055 25.5 -122.527
    endloop
  endfacet
  facet normal 0 -1 0
    outer loop
      vertex 157.702 25.5 -115.702
      vertex 162.457 25.5 -120.457
      vertex 163.147 25.5 -119.67
    endloop
  endfacet
  facet normal 0 -1 -0
    outer loop
      vertex 0.0600071 25.5 -116.142
      vertex -0.844209 25.5 -122.732
      vertex 0.278105 25.5 -116.185
    endloop
  endfacet
  facet normal 0 -1 0
    outer loop
      vertex 157.535 25.5 -115.849
      vertex 161.67 25.5 -121.147
      vertex 162.457 25.5 -120.457
    endloop
  endfacet
  facet normal 0 -1 0
    outer loop
      vertex 0.2 25.5 -122.8
      vertex 0.278105 25.5 -116.185
      vertex -0.844209 25.5 -122.732
    endloop
  endfacet
  facet normal 0 -1 0
    outer loop
      vertex 157.535 25.5 -115.849
      vertex 160.8 25.5 -121.728
      vertex 161.67 25.5 -121.147
    endloop
  endfacet
  facet normal 0 -1 -0
    outer loop
      vertex 0.278105 25.5 -116.185
      vertex 0.2 25.5 -122.8
      vertex 0.5 25.5 -116.2
    endloop
  endfacet
  facet normal 0 -1 0
    outer loop
      vertex 157.35 25.5 -115.972
      vertex 159.861 25.5 -122.191
      vertex 160.8 25.5 -121.728
    endloop
  endfacet
  facet normal 0 -1 0
    outer loop
      vertex 157.151 25.5 -116.071
      vertex 158.871 25.5 -122.527
      vertex 159.861 25.5 -122.191
    endloop
  endfacet
  facet normal 0 -1 0
    outer loop
      vertex 156.94 25.5 -116.142
      vertex 157.844 25.5 -122.732
      vertex 158.871 25.5 -122.527
    endloop
  endfacet
  facet normal 0 0 -1
    outer loop
      vertex 0.2 25.5 -122.8
      vertex 156.8 28.5 -122.8
      vertex 156.8 25.5 -122.8
    endloop
  endfacet
  facet normal -0 0 -1
    outer loop
      vertex 156.8 28.5 -122.8
      vertex 0.2 25.5 -122.8
      vertex 0.2 28.5 -122.8
    endloop
  endfacet
  facet normal -0 0 1
    outer loop
      vertex 0.2 28.5 7.8
      vertex 156.8 25.5 7.8
      vertex 156.8 28.5 7.8
    endloop
  endfacet
  facet normal 0 0 1
    outer loop
      vertex 156.8 25.5 7.8
      vertex 0.2 28.5 7.8
      vertex 0.2 25.5 7.8
    endloop
  endfacet
  facet normal 0.997886 0 -0.0649964
    outer loop
      vertex 164.8 25.5 -114.8
      vertex 164.732 28.5 -115.844
      vertex 164.8 28.5 -114.8
    endloop
  endfacet
  facet normal 0.997886 0 -0.0649964
    outer loop
      vertex 164.732 28.5 -115.844
      vertex 164.8 25.5 -114.8
      vertex 164.732 25.5 -115.844
    endloop
  endfacet
  facet normal 0.946948 0 -0.321388
    outer loop
      vertex 164.527 25.5 -116.871
      vertex 164.191 28.5 -117.861
      vertex 164.527 28.5 -116.871
    endloop
  endfacet
  facet normal 0.946948 0 -0.321388
    outer loop
      vertex 164.191 28.5 -117.861
      vertex 164.527 25.5 -116.871
      vertex 164.191 25.5 -117.861
    endloop
  endfacet
  facet normal -1 0 0
    outer loop
      vertex -7.8 25.5 -114.8
      vertex -7.8 28.5 -0.2
      vertex -7.8 28.5 -114.8
    endloop
  endfacet
  facet normal -1 -0 0
    outer loop
      vertex -7.8 28.5 -0.2
      vertex -7.8 25.5 -114.8
      vertex -7.8 25.5 -0.2
    endloop
  endfacet
  facet normal -0.997859 0 0.0654021
    outer loop
      vertex -7.8 25.5 -0.2
      vertex -7.73156 28.5 0.844209
      vertex -7.8 28.5 -0.2
    endloop
  endfacet
  facet normal -0.997859 0 0.0654021
    outer loop
      vertex -7.73156 28.5 0.844209
      vertex -7.8 25.5 -0.2
      vertex -7.73156 25.5 0.844209
    endloop
  endfacet
  facet normal 0.0649964 0 -0.997886
    outer loop
      vertex 156.8 25.5 -122.8
      vertex 157.844 28.5 -122.732
      vertex 157.844 25.5 -122.732
    endloop
  endfacet
  facet normal 0.0649964 0 -0.997886
    outer loop
      vertex 157.844 28.5 -122.732
      vertex 156.8 25.5 -122.8
      vertex 156.8 28.5 -122.8
    endloop
  endfacet
  facet normal 0.442117 0 0.896957
    outer loop
      vertex 159.861 28.5 7.19104
      vertex 160.8 25.5 6.7282
      vertex 160.8 28.5 6.7282
    endloop
  endfacet
  facet normal 0.442117 0 0.896957
    outer loop
      vertex 160.8 25.5 6.7282
      vertex 159.861 28.5 7.19104
      vertex 159.861 25.5 7.19104
    endloop
  endfacet
  facet normal 0.947038 -0 0.321121
    outer loop
      vertex 164.191 25.5 2.86147
      vertex 164.527 28.5 1.87055
      vertex 164.191 28.5 2.86147
    endloop
  endfacet
  facet normal 0.947038 0 0.321121
    outer loop
      vertex 164.527 28.5 1.87055
      vertex 164.191 25.5 2.86147
      vertex 164.527 25.5 1.87055
    endloop
  endfacet
  facet normal 0.997886 -0 0.0649834
    outer loop
      vertex 164.732 25.5 0.844209
      vertex 164.8 28.5 -0.2
      vertex 164.732 28.5 0.844209
    endloop
  endfacet
  facet normal 0.997886 0 0.0649834
    outer loop
      vertex 164.8 28.5 -0.2
      vertex 164.732 25.5 0.844209
      vertex 164.8 25.5 -0.2
    endloop
  endfacet
  facet normal 1 -0 0
    outer loop
      vertex 164.8 25.5 -0.2
      vertex 164.8 28.5 -114.8
      vertex 164.8 28.5 -0.2
    endloop
  endfacet
  facet normal 1 0 0
    outer loop
      vertex 164.8 28.5 -114.8
      vertex 164.8 25.5 -0.2
      vertex 164.8 25.5 -114.8
    endloop
  endfacet
  facet normal 0.980654 0 -0.195749
    outer loop
      vertex 164.732 25.5 -115.844
      vertex 164.527 28.5 -116.871
      vertex 164.732 28.5 -115.844
    endloop
  endfacet
  facet normal 0.980654 0 -0.195749
    outer loop
      vertex 164.527 28.5 -116.871
      vertex 164.732 25.5 -115.844
      vertex 164.527 25.5 -116.871
    endloop
  endfacet
  facet normal 0.44224 0 -0.896897
    outer loop
      vertex 159.861 25.5 -122.191
      vertex 160.8 28.5 -121.728
      vertex 160.8 25.5 -121.728
    endloop
  endfacet
  facet normal 0.44224 0 -0.896897
    outer loop
      vertex 160.8 28.5 -121.728
      vertex 159.861 25.5 -122.191
      vertex 159.861 28.5 -122.191
    endloop
  endfacet
  facet normal 0.831609 0 -0.555362
    outer loop
      vertex 163.728 25.5 -118.8
      vertex 163.147 28.5 -119.67
      vertex 163.728 28.5 -118.8
    endloop
  endfacet
  facet normal 0.831609 0 -0.555362
    outer loop
      vertex 163.147 28.5 -119.67
      vertex 163.728 25.5 -118.8
      vertex 163.147 25.5 -119.67
    endloop
  endfacet
  facet normal -0.98081 0 -0.194968
    outer loop
      vertex -7.52741 25.5 -116.871
      vertex -7.73156 28.5 -115.844
      vertex -7.52741 28.5 -116.871
    endloop
  endfacet
  facet normal -0.98081 -0 -0.194968
    outer loop
      vertex -7.73156 28.5 -115.844
      vertex -7.52741 25.5 -116.871
      vertex -7.73156 25.5 -115.844
    endloop
  endfacet
  facet normal 0.321388 0 -0.946948
    outer loop
      vertex 158.871 25.5 -122.527
      vertex 159.861 28.5 -122.191
      vertex 159.861 25.5 -122.191
    endloop
  endfacet
  facet normal 0.321388 0 -0.946948
    outer loop
      vertex 159.861 28.5 -122.191
      vertex 158.871 25.5 -122.527
      vertex 158.871 28.5 -122.527
    endloop
  endfacet
  facet normal 0.195749 0 -0.980654
    outer loop
      vertex 157.844 25.5 -122.732
      vertex 158.871 28.5 -122.527
      vertex 158.871 25.5 -122.527
    endloop
  endfacet
  facet normal 0.195749 0 -0.980654
    outer loop
      vertex 158.871 28.5 -122.527
      vertex 157.844 25.5 -122.732
      vertex 157.844 28.5 -122.732
    endloop
  endfacet
  facet normal -0.980786 0 0.195089
    outer loop
      vertex -7.73156 25.5 0.844209
      vertex -7.52741 28.5 1.87055
      vertex -7.73156 28.5 0.844209
    endloop
  endfacet
  facet normal -0.980786 0 0.195089
    outer loop
      vertex -7.52741 28.5 1.87055
      vertex -7.73156 25.5 0.844209
      vertex -7.52741 25.5 1.87055
    endloop
  endfacet
  facet normal -0.89687 0 0.442295
    outer loop
      vertex -7.19104 25.5 2.86147
      vertex -6.7282 28.5 3.8
      vertex -7.19104 28.5 2.86147
    endloop
  endfacet
  facet normal -0.89687 0 0.442295
    outer loop
      vertex -6.7282 28.5 3.8
      vertex -7.19104 25.5 2.86147
      vertex -6.7282 25.5 3.8
    endloop
  endfacet
  facet normal 0.555606 0 0.831446
    outer loop
      vertex 160.8 28.5 6.7282
      vertex 161.67 25.5 6.14683
      vertex 161.67 28.5 6.14683
    endloop
  endfacet
  facet normal 0.555606 0 0.831446
    outer loop
      vertex 161.67 25.5 6.14683
      vertex 160.8 28.5 6.7282
      vertex 160.8 25.5 6.7282
    endloop
  endfacet
  facet normal 0.831635 -0 0.555322
    outer loop
      vertex 163.147 25.5 4.67009
      vertex 163.728 28.5 3.8
      vertex 163.147 28.5 4.67009
    endloop
  endfacet
  facet normal 0.831635 0 0.555322
    outer loop
      vertex 163.728 28.5 3.8
      vertex 163.147 25.5 4.67009
      vertex 163.728 25.5 3.8
    endloop
  endfacet
  facet normal 0.896809 -0 0.442418
    outer loop
      vertex 163.728 25.5 3.8
      vertex 164.191 28.5 2.86147
      vertex 163.728 28.5 3.8
    endloop
  endfacet
  facet normal 0.896809 0 0.442418
    outer loop
      vertex 164.191 28.5 2.86147
      vertex 163.728 25.5 3.8
      vertex 164.191 25.5 2.86147
    endloop
  endfacet
  facet normal 0.896897 0 -0.44224
    outer loop
      vertex 164.191 25.5 -117.861
      vertex 163.728 28.5 -118.8
      vertex 164.191 28.5 -117.861
    endloop
  endfacet
  facet normal 0.896897 0 -0.44224
    outer loop
      vertex 163.728 28.5 -118.8
      vertex 164.191 25.5 -117.861
      vertex 163.728 25.5 -118.8
    endloop
  endfacet
  facet normal 0.751925 0 -0.659248
    outer loop
      vertex 163.147 25.5 -119.67
      vertex 162.457 28.5 -120.457
      vertex 163.147 28.5 -119.67
    endloop
  endfacet
  facet normal 0.751925 0 -0.659248
    outer loop
      vertex 162.457 28.5 -120.457
      vertex 163.147 25.5 -119.67
      vertex 162.457 25.5 -120.457
    endloop
  endfacet
  facet normal -0.751935 0 -0.659238
    outer loop
      vertex -5.45685 25.5 -120.457
      vertex -6.14683 28.5 -119.67
      vertex -5.45685 28.5 -120.457
    endloop
  endfacet
  facet normal -0.751935 -0 -0.659238
    outer loop
      vertex -6.14683 28.5 -119.67
      vertex -5.45685 25.5 -120.457
      vertex -6.14683 25.5 -119.67
    endloop
  endfacet
  facet normal -0.659362 0 -0.751826
    outer loop
      vertex -5.45685 25.5 -120.457
      vertex -4.67009 28.5 -121.147
      vertex -4.67009 25.5 -121.147
    endloop
  endfacet
  facet normal -0.659362 0 -0.751826
    outer loop
      vertex -4.67009 28.5 -121.147
      vertex -5.45685 25.5 -120.457
      vertex -5.45685 28.5 -120.457
    endloop
  endfacet
  facet normal 0 1 -0
    outer loop
      vertex 154.858 28.5 -114.06
      vertex 138.822 28.5 -102.071
      vertex 154.929 28.5 -113.849
    endloop
  endfacet
  facet normal 0 1 0
    outer loop
      vertex 121.651 28.5 -102.304
      vertex 0.721894 28.5 -112.815
      vertex 0.5 28.5 -112.8
    endloop
  endfacet
  facet normal 0 1 0
    outer loop
      vertex 138.822 28.5 -102.071
      vertex 154.858 28.5 -114.06
      vertex 138.675 28.5 -102.169
    endloop
  endfacet
  facet normal 0 1 0
    outer loop
      vertex 121.651 28.5 -102.304
      vertex 0.939992 28.5 -112.858
      vertex 0.721894 28.5 -112.815
    endloop
  endfacet
  facet normal 0 1 -0
    outer loop
      vertex 154.815 28.5 -114.278
      vertex 138.675 28.5 -102.169
      vertex 154.858 28.5 -114.06
    endloop
  endfacet
  facet normal 0 1 0
    outer loop
      vertex 121.651 28.5 -102.304
      vertex 1.15056 28.5 -112.929
      vertex 0.939992 28.5 -112.858
    endloop
  endfacet
  facet normal 0 1 0
    outer loop
      vertex 138.675 28.5 -102.169
      vertex 154.815 28.5 -114.278
      vertex 138.517 28.5 -102.247
    endloop
  endfacet
  facet normal 0 1 0
    outer loop
      vertex 121.651 28.5 -102.304
      vertex 1.35 28.5 -113.028
      vertex 1.15056 28.5 -112.929
    endloop
  endfacet
  facet normal 0 1 -0
    outer loop
      vertex 154.8 28.5 -114.5
      vertex 138.517 28.5 -102.247
      vertex 154.815 28.5 -114.278
    endloop
  endfacet
  facet normal 0 1 0
    outer loop
      vertex 121.651 28.5 -102.304
      vertex 1.53489 28.5 -113.151
      vertex 1.35 28.5 -113.028
    endloop
  endfacet
  facet normal 0 1 0
    outer loop
      vertex 138.517 28.5 -102.247
      vertex 154.8 28.5 -114.5
      vertex 138.349 28.5 -102.304
    endloop
  endfacet
  facet normal 0 1 0
    outer loop
      vertex 121.651 28.5 -102.304
      vertex 1.70208 28.5 -113.298
      vertex 1.53489 28.5 -113.151
    endloop
  endfacet
  facet normal 0 1 0
    outer loop
      vertex 154.815 28.5 -114.722
      vertex 138.349 28.5 -102.304
      vertex 154.8 28.5 -114.5
    endloop
  endfacet
  facet normal 0 1 0
    outer loop
      vertex 121.651 28.5 -102.304
      vertex 1.8487 28.5 -113.465
      vertex 1.70208 28.5 -113.298
    endloop
  endfacet
  facet normal 0 1 0
    outer loop
      vertex 138.349 28.5 -102.304
      vertex 154.815 28.5 -114.722
      vertex 138.176 28.5 -102.338
    endloop
  endfacet
  facet normal 0 1 0
    outer loop
      vertex 121.651 28.5 -102.304
      vertex 1.97224 28.5 -113.65
      vertex 1.8487 28.5 -113.465
    endloop
  endfacet
  facet normal 0 1 0
    outer loop
      vertex 154.858 28.5 -114.94
      vertex 138.176 28.5 -102.338
      vertex 154.815 28.5 -114.722
    endloop
  endfacet
  facet normal 0 1 0
    outer loop
      vertex 121.651 28.5 -102.304
      vertex 2.07059 28.5 -113.849
      vertex 1.97224 28.5 -113.65
    endloop
  endfacet
  facet normal 0 1 0
    outer loop
      vertex 138.176 28.5 -102.338
      vertex 154.858 28.5 -114.94
      vertex 138 28.5 -102.35
    endloop
  endfacet
  facet normal 0 1 0
    outer loop
      vertex 121.651 28.5 -102.304
      vertex 2.14207 28.5 -114.06
      vertex 2.07059 28.5 -113.849
    endloop
  endfacet
  facet normal 0 1 0
    outer loop
      vertex 154.929 28.5 -115.151
      vertex 138 28.5 -102.35
      vertex 154.858 28.5 -114.94
    endloop
  endfacet
  facet normal 0 1 0
    outer loop
      vertex 121.651 28.5 -102.304
      vertex 2.18546 28.5 -114.278
      vertex 2.14207 28.5 -114.06
    endloop
  endfacet
  facet normal 0 1 0
    outer loop
      vertex 156.8 28.5 -122.8
      vertex 138 28.5 -102.35
      vertex 154.929 28.5 -115.151
    endloop
  endfacet
  facet normal 0 1 0
    outer loop
      vertex 121.651 28.5 -102.304
      vertex 2.2 28.5 -114.5
      vertex 2.18546 28.5 -114.278
    endloop
  endfacet
  facet normal 0 1 0
    outer loop
      vertex 138 28.5 -102.35
      vertex 156.8 28.5 -122.8
      vertex 122 28.5 -102.35
    endloop
  endfacet
  facet normal 0 1 0
    outer loop
      vertex 121.651 28.5 -102.304
      vertex 2.18546 28.5 -114.722
      vertex 2.2 28.5 -114.5
    endloop
  endfacet
  facet normal 0 1 0
    outer loop
      vertex 122 28.5 -102.35
      vertex 156.8 28.5 -122.8
      vertex 121.824 28.5 -102.338
    endloop
  endfacet
  facet normal 0 1 0
    outer loop
      vertex 121.651 28.5 -102.304
      vertex 2.14207 28.5 -114.94
      vertex 2.18546 28.5 -114.722
    endloop
  endfacet
  facet normal 0 1 0
    outer loop
      vertex 121.824 28.5 -102.338
      vertex 156.8 28.5 -122.8
      vertex 121.651 28.5 -102.304
    endloop
  endfacet
  facet normal 0 1 0
    outer loop
      vertex 0.2 28.5 -122.8
      vertex 121.651 28.5 -102.304
      vertex 156.8 28.5 -122.8
    endloop
  endfacet
  facet normal 0 1 0
    outer loop
      vertex 156.8 28.5 -122.8
      vertex 154.929 28.5 -115.151
      vertex 155.028 28.5 -115.35
    endloop
  endfacet
  facet normal 0 1 0
    outer loop
      vertex 121.651 28.5 -102.304
      vertex 0.2 28.5 -122.8
      vertex 2.14207 28.5 -114.94
    endloop
  endfacet
  facet normal 0 1 0
    outer loop
      vertex 156.8 28.5 -122.8
      vertex 155.028 28.5 -115.35
      vertex 155.151 28.5 -115.535
    endloop
  endfacet
  facet normal 0 1 0
    outer loop
      vertex 2.14207 28.5 -114.94
      vertex 0.2 28.5 -122.8
      vertex 2.07059 28.5 -115.151
    endloop
  endfacet
  facet normal 0 1 0
    outer loop
      vertex 156.8 28.5 -122.8
      vertex 155.151 28.5 -115.535
      vertex 155.298 28.5 -115.702
    endloop
  endfacet
  facet normal 0 1 0
    outer loop
      vertex 2.07059 28.5 -115.151
      vertex 0.2 28.5 -122.8
      vertex 1.97224 28.5 -115.35
    endloop
  endfacet
  facet normal 0 1 0
    outer loop
      vertex 156.8 28.5 -122.8
      vertex 155.298 28.5 -115.702
      vertex 155.465 28.5 -115.849
    endloop
  endfacet
  facet normal 0 1 0
    outer loop
      vertex 1.97224 28.5 -115.35
      vertex 0.2 28.5 -122.8
      vertex 1.8487 28.5 -115.535
    endloop
  endfacet
  facet normal 0 1 0
    outer loop
      vertex 156.8 28.5 -122.8
      vertex 155.465 28.5 -115.849
      vertex 155.65 28.5 -115.972
    endloop
  endfacet
  facet normal 0 1 0
    outer loop
      vertex 1.8487 28.5 -115.535
      vertex 0.2 28.5 -122.8
      vertex 1.70208 28.5 -115.702
    endloop
  endfacet
  facet normal 0 1 0
    outer loop
      vertex 156.8 28.5 -122.8
      vertex 155.65 28.5 -115.972
      vertex 155.849 28.5 -116.071
    endloop
  endfacet
  facet normal 0 1 0
    outer loop
      vertex 1.70208 28.5 -115.702
      vertex 0.2 28.5 -122.8
      vertex 1.53489 28.5 -115.849
    endloop
  endfacet
  facet normal 0 1 0
    outer loop
      vertex 156.8 28.5 -122.8
      vertex 155.849 28.5 -116.071
      vertex 156.06 28.5 -116.142
    endloop
  endfacet
  facet normal 0 1 0
    outer loop
      vertex 1.53489 28.5 -115.849
      vertex 0.2 28.5 -122.8
      vertex 1.35 28.5 -115.972
    endloop
  endfacet
  facet normal 0 1 0
    outer loop
      vertex 156.8 28.5 -122.8
      vertex 156.06 28.5 -116.142
      vertex 156.278 28.5 -116.185
    endloop
  endfacet
  facet normal 0 1 0
    outer loop
      vertex 1.35 28.5 -115.972
      vertex 0.2 28.5 -122.8
      vertex 1.15056 28.5 -116.071
    endloop
  endfacet
  facet normal 0 1 0
    outer loop
      vertex 156.8 28.5 -122.8
      vertex 156.278 28.5 -116.185
      vertex 156.5 28.5 -116.2
    endloop
  endfacet
  facet normal 0 1 0
    outer loop
      vertex 1.15056 28.5 -116.071
      vertex 0.2 28.5 -122.8
      vertex 0.939992 28.5 -116.142
    endloop
  endfacet
  facet normal 0 1 0
    outer loop
      vertex 132.158 28.5 -10.9675
      vertex 156.8 28.5 7.8
      vertex 132.431 28.5 -10.875
    endloop
  endfacet
  facet normal 0 1 0
    outer loop
      vertex 0.2 28.5 7.8
      vertex 24.2872 28.5 -10.8188
      vertex 24 28.5 -10.8
    endloop
  endfacet
  facet normal 0 1 0
    outer loop
      vertex 131.9 28.5 -11.0947
      vertex 156.8 28.5 7.8
      vertex 132.158 28.5 -10.9675
    endloop
  endfacet
  facet normal 0 1 0
    outer loop
      vertex 0.2 28.5 7.8
      vertex 24.5694 28.5 -10.875
      vertex 24.2872 28.5 -10.8188
    endloop
  endfacet
  facet normal 0 1 0
    outer loop
      vertex 156.8 28.5 7.8
      vertex 131.9 28.5 -11.0947
      vertex 0.2 28.5 7.8
    endloop
  endfacet
  facet normal 0 1 0
    outer loop
      vertex 0.2 28.5 7.8
      vertex 24.8419 28.5 -10.9675
      vertex 24.5694 28.5 -10.875
    endloop
  endfacet
  facet normal 0 1 -0
    outer loop
      vertex 25.1 28.5 -11.0947
      vertex 0.2 28.5 7.8
      vertex 131.9 28.5 -11.0947
    endloop
  endfacet
  facet normal 0 1 0
    outer loop
      vertex 0.2 28.5 7.8
      vertex 25.1 28.5 -11.0947
      vertex 24.8419 28.5 -10.9675
    endloop
  endfacet
  facet normal 0 1 -0
    outer loop
      vertex 131.661 28.5 -11.2546
      vertex 25.1 28.5 -11.0947
      vertex 131.9 28.5 -11.0947
    endloop
  endfacet
  facet normal 0 1 0
    outer loop
      vertex 131.661 28.5 -11.2546
      vertex 25.3393 28.5 -11.2546
      vertex 25.1 28.5 -11.0947
    endloop
  endfacet
  facet normal 0 1 -0
    outer loop
      vertex 131.444 28.5 -11.4444
      vertex 25.3393 28.5 -11.2546
      vertex 131.661 28.5 -11.2546
    endloop
  endfacet
  facet normal 0 1 0
    outer loop
      vertex 131.444 28.5 -11.4444
      vertex 25.5556 28.5 -11.4444
      vertex 25.3393 28.5 -11.2546
    endloop
  endfacet
  facet normal 0 1 -0
    outer loop
      vertex 131.255 28.5 -11.6607
      vertex 25.5556 28.5 -11.4444
      vertex 131.444 28.5 -11.4444
    endloop
  endfacet
  facet normal 0 1 0
    outer loop
      vertex 131.255 28.5 -11.6607
      vertex 25.7454 28.5 -11.6607
      vertex 25.5556 28.5 -11.4444
    endloop
  endfacet
  facet normal 0 1 -0
    outer loop
      vertex 131.095 28.5 -11.9
      vertex 25.7454 28.5 -11.6607
      vertex 131.255 28.5 -11.6607
    endloop
  endfacet
  facet normal 0 1 0
    outer loop
      vertex 131.095 28.5 -11.9
      vertex 25.9053 28.5 -11.9
      vertex 25.7454 28.5 -11.6607
    endloop
  endfacet
  facet normal 0 1 -0
    outer loop
      vertex 130.967 28.5 -12.1581
      vertex 25.9053 28.5 -11.9
      vertex 131.095 28.5 -11.9
    endloop
  endfacet
  facet normal 0 1 0
    outer loop
      vertex 130.967 28.5 -12.1581
      vertex 26.0325 28.5 -12.1581
      vertex 25.9053 28.5 -11.9
    endloop
  endfacet
  facet normal 0 1 -0
    outer loop
      vertex 130.875 28.5 -12.4306
      vertex 26.0325 28.5 -12.1581
      vertex 130.967 28.5 -12.1581
    endloop
  endfacet
  facet normal 0 1 0
    outer loop
      vertex 130.875 28.5 -12.4306
      vertex 26.125 28.5 -12.4306
      vertex 26.0325 28.5 -12.1581
    endloop
  endfacet
  facet normal 0 1 -0
    outer loop
      vertex 130.819 28.5 -12.7128
      vertex 26.125 28.5 -12.4306
      vertex 130.875 28.5 -12.4306
    endloop
  endfacet
  facet normal 0 1 0
    outer loop
      vertex 130.819 28.5 -12.7128
      vertex 26.1812 28.5 -12.7128
      vertex 26.125 28.5 -12.4306
    endloop
  endfacet
  facet normal 0 1 0
    outer loop
      vertex 129.027 28.5 -21.3545
      vertex 130.819 28.5 -12.7128
      vertex 130.8 28.5 -13
    endloop
  endfacet
  facet normal 0 1 0
    outer loop
      vertex 130.819 28.5 -12.7128
      vertex 120.929 28.5 -37.1782
      vertex 26.1812 28.5 -12.7128
    endloop
  endfacet
  facet normal 0 1 0
    outer loop
      vertex 130.382 28.5 -19.5886
      vertex 130.8 28.5 -13
      vertex 130.8 28.5 -19.3095
    endloop
  endfacet
  facet normal 0 1 0
    outer loop
      vertex 129.959 28.5 -19.9594
      vertex 130.8 28.5 -13
      vertex 130.382 28.5 -19.5886
    endloop
  endfacet
  facet normal 0 1 0
    outer loop
      vertex 129.589 28.5 -20.3823
      vertex 130.8 28.5 -13
      vertex 129.959 28.5 -19.9594
    endloop
  endfacet
  facet normal 0 1 0
    outer loop
      vertex 26.2 28.5 -13
      vertex 26.6177 28.5 -19.5886
      vertex 26.2 28.5 -19.3095
    endloop
  endfacet
  facet normal 0 1 0
    outer loop
      vertex 129.276 28.5 -20.85
      vertex 130.8 28.5 -13
      vertex 129.589 28.5 -20.3823
    endloop
  endfacet
  facet normal 0 1 0
    outer loop
      vertex 26.2 28.5 -13
      vertex 27.0406 28.5 -19.9594
      vertex 26.6177 28.5 -19.5886
    endloop
  endfacet
  facet normal 0 1 0
    outer loop
      vertex 129.027 28.5 -21.3545
      vertex 130.8 28.5 -13
      vertex 129.276 28.5 -20.85
    endloop
  endfacet
  facet normal 0 1 0
    outer loop
      vertex 26.2 28.5 -13
      vertex 27.4114 28.5 -20.3823
      vertex 27.0406 28.5 -19.9594
    endloop
  endfacet
  facet normal 0 1 0
    outer loop
      vertex 130.819 28.5 -12.7128
      vertex 129.027 28.5 -21.3545
      vertex 128.847 28.5 -21.8871
    endloop
  endfacet
  facet normal 0 1 0
    outer loop
      vertex 26.2 28.5 -13
      vertex 27.7239 28.5 -20.85
      vertex 27.4114 28.5 -20.3823
    endloop
  endfacet
  facet normal 0 1 0
    outer loop
      vertex 130.819 28.5 -12.7128
      vertex 128.847 28.5 -21.8871
      vertex 120.929 28.5 -37.1782
    endloop
  endfacet
  facet normal 0 1 0
    outer loop
      vertex 26.2 28.5 -13
      vertex 27.9727 28.5 -21.3545
      vertex 27.7239 28.5 -20.85
    endloop
  endfacet
  facet normal -0 1 -0
    outer loop
      vertex 28.1535 28.5 -21.8871
      vertex 26.1812 28.5 -12.7128
      vertex 120.929 28.5 -37.1782
    endloop
  endfacet
  facet normal 0 1 0
    outer loop
      vertex 26.1812 28.5 -12.7128
      vertex 27.9727 28.5 -21.3545
      vertex 26.2 28.5 -13
    endloop
  endfacet
  facet normal 0 1 0
    outer loop
      vertex 121.045 28.5 -37.0454
      vertex 128.847 28.5 -21.8871
      vertex 128.737 28.5 -22.4387
    endloop
  endfacet
  facet normal -0 1 -0
    outer loop
      vertex 27.9727 28.5 -21.3545
      vertex 26.1812 28.5 -12.7128
      vertex 28.1535 28.5 -21.8871
    endloop
  endfacet
  facet normal 0 1 0
    outer loop
      vertex 121.178 28.5 -36.929
      vertex 128.737 28.5 -22.4387
      vertex 128.7 28.5 -23
    endloop
  endfacet
  facet normal 0 1 -0
    outer loop
      vertex 120.831 28.5 -37.325
      vertex 28.1535 28.5 -21.8871
      vertex 120.929 28.5 -37.1782
    endloop
  endfacet
  facet normal 0 1 0
    outer loop
      vertex 121.325 28.5 -36.8309
      vertex 128.7 28.5 -23
      vertex 128.737 28.5 -23.5613
    endloop
  endfacet
  facet normal 0 1 0
    outer loop
      vertex 28.1535 28.5 -21.8871
      vertex 120.831 28.5 -37.325
      vertex 28.2632 28.5 -22.4387
    endloop
  endfacet
  facet normal 0 1 0
    outer loop
      vertex 121.483 28.5 -36.7528
      vertex 128.737 28.5 -23.5613
      vertex 128.847 28.5 -24.1129
    endloop
  endfacet
  facet normal 0 1 -0
    outer loop
      vertex 120.753 28.5 -37.4834
      vertex 28.2632 28.5 -22.4387
      vertex 120.831 28.5 -37.325
    endloop
  endfacet
  facet normal 0 1 0
    outer loop
      vertex 121.824 28.5 -36.6615
      vertex 128.847 28.5 -24.1129
      vertex 129.027 28.5 -24.6455
    endloop
  endfacet
  facet normal 0 1 0
    outer loop
      vertex 28.2632 28.5 -22.4387
      vertex 120.753 28.5 -37.4834
      vertex 28.3 28.5 -23
    endloop
  endfacet
  facet normal 0 1 0
    outer loop
      vertex 122 28.5 -36.65
      vertex 129.027 28.5 -24.6455
      vertex 129.276 28.5 -25.15
    endloop
  endfacet
  facet normal 0 1 0
    outer loop
      vertex 128.847 28.5 -21.8871
      vertex 121.045 28.5 -37.0454
      vertex 120.929 28.5 -37.1782
    endloop
  endfacet
  facet normal 0 1 0
    outer loop
      vertex 122 28.5 -36.65
      vertex 129.276 28.5 -25.15
      vertex 129.589 28.5 -25.6177
    endloop
  endfacet
  facet normal 0 1 -0
    outer loop
      vertex 120.696 28.5 -37.6506
      vertex 28.3 28.5 -23
      vertex 120.753 28.5 -37.4834
    endloop
  endfacet
  facet normal 0 1 0
    outer loop
      vertex 122 28.5 -36.65
      vertex 129.589 28.5 -25.6177
      vertex 129.959 28.5 -26.0406
    endloop
  endfacet
  facet normal 0 1 0
    outer loop
      vertex 28.3 28.5 -23
      vertex 120.696 28.5 -37.6506
      vertex 28.2632 28.5 -23.5613
    endloop
  endfacet
  facet normal 0 1 0
    outer loop
      vertex 122 28.5 -36.65
      vertex 129.959 28.5 -26.0406
      vertex 130.382 28.5 -26.4114
    endloop
  endfacet
  facet normal 0 1 -0
    outer loop
      vertex 120.662 28.5 -37.8238
      vertex 28.2632 28.5 -23.5613
      vertex 120.696 28.5 -37.6506
    endloop
  endfacet
  facet normal 0 1 0
    outer loop
      vertex 122 28.5 -36.65
      vertex 130.382 28.5 -26.4114
      vertex 130.85 28.5 -26.7239
    endloop
  endfacet
  facet normal 0 1 0
    outer loop
      vertex 128.737 28.5 -22.4387
      vertex 121.178 28.5 -36.929
      vertex 121.045 28.5 -37.0454
    endloop
  endfacet
  facet normal 0 1 0
    outer loop
      vertex 122 28.5 -36.65
      vertex 130.85 28.5 -26.7239
      vertex 131.354 28.5 -26.9727
    endloop
  endfacet
  facet normal 0 1 0
    outer loop
      vertex 28.2632 28.5 -23.5613
      vertex 120.662 28.5 -37.8238
      vertex 28.1535 28.5 -24.1129
    endloop
  endfacet
  facet normal 0 1 0
    outer loop
      vertex 122 28.5 -36.65
      vertex 131.354 28.5 -26.9727
      vertex 131.887 28.5 -27.1535
    endloop
  endfacet
  facet normal 0 1 -0
    outer loop
      vertex 120.65 28.5 -38
      vertex 28.1535 28.5 -24.1129
      vertex 120.662 28.5 -37.8238
    endloop
  endfacet
  facet normal 0 1 0
    outer loop
      vertex 138 28.5 -36.65
      vertex 131.887 28.5 -27.1535
      vertex 132.439 28.5 -27.2632
    endloop
  endfacet
  facet normal 0 1 0
    outer loop
      vertex 28.1535 28.5 -24.1129
      vertex 120.65 28.5 -38
      vertex 27.9727 28.5 -24.6455
    endloop
  endfacet
  facet normal 0 1 0
    outer loop
      vertex 138 28.5 -36.65
      vertex 132.439 28.5 -27.2632
      vertex 133 28.5 -27.3
    endloop
  endfacet
  facet normal 0 1 0
    outer loop
      vertex 128.7 28.5 -23
      vertex 121.325 28.5 -36.8309
      vertex 121.178 28.5 -36.929
    endloop
  endfacet
  facet normal 0 1 0
    outer loop
      vertex 155.849 28.5 1.07059
      vertex 156.8 28.5 7.8
      vertex 156.06 28.5 1.14207
    endloop
  endfacet
  facet normal 0 1 0
    outer loop
      vertex 0.2 28.5 7.8
      vertex 0.721894 28.5 1.18546
      vertex 0.5 28.5 1.2
    endloop
  endfacet
  facet normal 0 1 0
    outer loop
      vertex 155.65 28.5 0.972242
      vertex 156.8 28.5 7.8
      vertex 155.849 28.5 1.07059
    endloop
  endfacet
  facet normal 0 1 0
    outer loop
      vertex 0.2 28.5 7.8
      vertex 0.939992 28.5 1.14207
      vertex 0.721894 28.5 1.18546
    endloop
  endfacet
  facet normal 0 1 0
    outer loop
      vertex 155.465 28.5 0.848701
      vertex 156.8 28.5 7.8
      vertex 155.65 28.5 0.972242
    endloop
  endfacet
  facet normal 0 1 0
    outer loop
      vertex 0.2 28.5 7.8
      vertex 1.15056 28.5 1.07059
      vertex 0.939992 28.5 1.14207
    endloop
  endfacet
  facet normal 0 1 0
    outer loop
      vertex 132.713 28.5 -10.8188
      vertex 156.8 28.5 7.8
      vertex 133 28.5 -10.8
    endloop
  endfacet
  facet normal 0 1 0
    outer loop
      vertex 0.2 28.5 7.8
      vertex 1.35 28.5 0.972242
      vertex 1.15056 28.5 1.07059
    endloop
  endfacet
  facet normal 0 1 0
    outer loop
      vertex 155.298 28.5 0.702081
      vertex 156.8 28.5 7.8
      vertex 155.465 28.5 0.848701
    endloop
  endfacet
  facet normal 0 1 0
    outer loop
      vertex 132.431 28.5 -10.875
      vertex 156.8 28.5 7.8
      vertex 132.713 28.5 -10.8188
    endloop
  endfacet
  facet normal 0 1 0
    outer loop
      vertex 155.151 28.5 0.534894
      vertex 156.8 28.5 7.8
      vertex 155.298 28.5 0.702081
    endloop
  endfacet
  facet normal 0 1 -0
    outer loop
      vertex 23.7128 28.5 -10.8188
      vertex 0.2 28.5 7.8
      vertex 24 28.5 -10.8
    endloop
  endfacet
  facet normal 0 1 0
    outer loop
      vertex 155.028 28.5 0.349999
      vertex 156.8 28.5 7.8
      vertex 155.151 28.5 0.534894
    endloop
  endfacet
  facet normal 0 1 0
    outer loop
      vertex 0.2 28.5 7.8
      vertex 1.53489 28.5 0.848701
      vertex 1.35 28.5 0.972242
    endloop
  endfacet
  facet normal 0 1 0
    outer loop
      vertex 154.929 28.5 0.150561
      vertex 156.8 28.5 7.8
      vertex 155.028 28.5 0.349999
    endloop
  endfacet
  facet normal 0 1 0
    outer loop
      vertex 0.2 28.5 7.8
      vertex 1.70208 28.5 0.702081
      vertex 1.53489 28.5 0.848701
    endloop
  endfacet
  facet normal 0 1 0
    outer loop
      vertex 156.8 28.5 7.8
      vertex 154.929 28.5 0.150561
      vertex 133.287 28.5 -10.8188
    endloop
  endfacet
  facet normal 0 1 0
    outer loop
      vertex 0.2 28.5 7.8
      vertex 1.8487 28.5 0.534894
      vertex 1.70208 28.5 0.702081
    endloop
  endfacet
  facet normal 0 1 0
    outer loop
      vertex 133.569 28.5 -10.875
      vertex 154.929 28.5 0.150561
      vertex 154.858 28.5 -0.0600071
    endloop
  endfacet
  facet normal 0 1 0
    outer loop
      vertex 0.2 28.5 7.8
      vertex 1.97224 28.5 0.349999
      vertex 1.8487 28.5 0.534894
    endloop
  endfacet
  facet normal 0 1 0
    outer loop
      vertex 133.842 28.5 -10.9675
      vertex 154.858 28.5 -0.0600071
      vertex 154.815 28.5 -0.278105
    endloop
  endfacet
  facet normal -0 1 -0
    outer loop
      vertex 2.07059 28.5 0.150561
      vertex 0.2 28.5 7.8
      vertex 23.7128 28.5 -10.8188
    endloop
  endfacet
  facet normal 0 1 0
    outer loop
      vertex 134.1 28.5 -11.0947
      vertex 154.815 28.5 -0.278105
      vertex 154.8 28.5 -0.5
    endloop
  endfacet
  facet normal 0 1 0
    outer loop
      vertex 0.2 28.5 7.8
      vertex 2.07059 28.5 0.150561
      vertex 1.97224 28.5 0.349999
    endloop
  endfacet
  facet normal 0 1 0
    outer loop
      vertex 134.339 28.5 -11.2546
      vertex 154.8 28.5 -0.5
      vertex 154.815 28.5 -0.721894
    endloop
  endfacet
  facet normal 0 1 -0
    outer loop
      vertex 23.4306 28.5 -10.875
      vertex 2.07059 28.5 0.150561
      vertex 23.7128 28.5 -10.8188
    endloop
  endfacet
  facet normal 0 1 0
    outer loop
      vertex 134.556 28.5 -11.4444
      vertex 154.815 28.5 -0.721894
      vertex 154.858 28.5 -0.939992
    endloop
  endfacet
  facet normal 0 1 0
    outer loop
      vertex 2.07059 28.5 0.150561
      vertex 23.4306 28.5 -10.875
      vertex 2.14207 28.5 -0.0600071
    endloop
  endfacet
  facet normal 0 1 0
    outer loop
      vertex 134.745 28.5 -11.6607
      vertex 154.858 28.5 -0.939992
      vertex 154.929 28.5 -1.15056
    endloop
  endfacet
  facet normal 0 1 -0
    outer loop
      vertex 23.1581 28.5 -10.9675
      vertex 2.14207 28.5 -0.0600071
      vertex 23.4306 28.5 -10.875
    endloop
  endfacet
  facet normal 0 1 0
    outer loop
      vertex 134.905 28.5 -11.9
      vertex 154.929 28.5 -1.15056
      vertex 155.028 28.5 -1.35
    endloop
  endfacet
  facet normal 0 1 0
    outer loop
      vertex 2.14207 28.5 -0.0600071
      vertex 23.1581 28.5 -10.9675
      vertex 2.18546 28.5 -0.278105
    endloop
  endfacet
  facet normal 0 1 0
    outer loop
      vertex 135.033 28.5 -12.1581
      vertex 155.028 28.5 -1.35
      vertex 155.151 28.5 -1.53489
    endloop
  endfacet
  facet normal 0 1 -0
    outer loop
      vertex 22.9 28.5 -11.0947
      vertex 2.18546 28.5 -0.278105
      vertex 23.1581 28.5 -10.9675
    endloop
  endfacet
  facet normal 0 1 0
    outer loop
      vertex 135.125 28.5 -12.4306
      vertex 155.151 28.5 -1.53489
      vertex 155.298 28.5 -1.70208
    endloop
  endfacet
  facet normal 0 1 0
    outer loop
      vertex 2.18546 28.5 -0.278105
      vertex 22.9 28.5 -11.0947
      vertex 2.2 28.5 -0.5
    endloop
  endfacet
  facet normal 0 1 0
    outer loop
      vertex 135.181 28.5 -12.7128
      vertex 155.298 28.5 -1.70208
      vertex 155.465 28.5 -1.8487
    endloop
  endfacet
  facet normal 0 1 -0
    outer loop
      vertex 22.6607 28.5 -11.2546
      vertex 2.2 28.5 -0.5
      vertex 22.9 28.5 -11.0947
    endloop
  endfacet
  facet normal 0 1 0
    outer loop
      vertex 135.2 28.5 -13
      vertex 155.465 28.5 -1.8487
      vertex 155.65 28.5 -1.97224
    endloop
  endfacet
  facet normal 0 1 0
    outer loop
      vertex 2.2 28.5 -0.5
      vertex 22.6607 28.5 -11.2546
      vertex 2.18546 28.5 -0.721894
    endloop
  endfacet
  facet normal 0 1 0
    outer loop
      vertex 136.724 28.5 -20.85
      vertex 155.65 28.5 -1.97224
      vertex 155.849 28.5 -2.07059
    endloop
  endfacet
  facet normal 0 1 -0
    outer loop
      vertex 22.4444 28.5 -11.4444
      vertex 2.18546 28.5 -0.721894
      vertex 22.6607 28.5 -11.2546
    endloop
  endfacet
  facet normal 0 1 0
    outer loop
      vertex 136.973 28.5 -21.3545
      vertex 155.849 28.5 -2.07059
      vertex 156.06 28.5 -2.14207
    endloop
  endfacet
  facet normal 0 1 0
    outer loop
      vertex 2.18546 28.5 -0.721894
      vertex 22.4444 28.5 -11.4444
      vertex 2.14207 28.5 -0.939992
    endloop
  endfacet
  facet normal 0 1 0
    outer loop
      vertex 137.153 28.5 -21.8871
      vertex 156.06 28.5 -2.14207
      vertex 156.278 28.5 -2.18546
    endloop
  endfacet
  facet normal 0 1 -0
    outer loop
      vertex 22.2546 28.5 -11.6607
      vertex 2.14207 28.5 -0.939992
      vertex 22.4444 28.5 -11.4444
    endloop
  endfacet
  facet normal 0 1 0
    outer loop
      vertex 137.263 28.5 -22.4387
      vertex 156.278 28.5 -2.18546
      vertex 156.5 28.5 -2.2
    endloop
  endfacet
  facet normal 0 1 0
    outer loop
      vertex 2.14207 28.5 -0.939992
      vertex 22.2546 28.5 -11.6607
      vertex 2.07059 28.5 -1.15056
    endloop
  endfacet
  facet normal 0 1 0
    outer loop
      vertex 156.722 28.5 1.18546
      vertex 156.8 28.5 7.8
      vertex 157.844 28.5 7.73156
    endloop
  endfacet
  facet normal 0 1 0
    outer loop
      vertex 156.278 28.5 1.18546
      vertex 156.8 28.5 7.8
      vertex 156.5 28.5 1.2
    endloop
  endfacet
  facet normal 0 1 0
    outer loop
      vertex 156.94 28.5 1.14207
      vertex 157.844 28.5 7.73156
      vertex 158.871 28.5 7.52741
    endloop
  endfacet
  facet normal 0 1 0
    outer loop
      vertex 156.06 28.5 1.14207
      vertex 156.8 28.5 7.8
      vertex 156.278 28.5 1.18546
    endloop
  endfacet
  facet normal 0 1 0
    outer loop
      vertex 157.151 28.5 1.07059
      vertex 158.871 28.5 7.52741
      vertex 159.861 28.5 7.19104
    endloop
  endfacet
  facet normal 0 1 -0
    outer loop
      vertex 0.278105 28.5 1.18546
      vertex 0.2 28.5 7.8
      vertex 0.5 28.5 1.2
    endloop
  endfacet
  facet normal 0 1 0
    outer loop
      vertex 157.35 28.5 0.972242
      vertex 159.861 28.5 7.19104
      vertex 160.8 28.5 6.7282
    endloop
  endfacet
  facet normal 0 1 0
    outer loop
      vertex 0.2 28.5 7.8
      vertex 0.278105 28.5 1.18546
      vertex -0.844209 28.5 7.73156
    endloop
  endfacet
  facet normal 0 1 0
    outer loop
      vertex 157.535 28.5 0.848701
      vertex 160.8 28.5 6.7282
      vertex 161.67 28.5 6.14683
    endloop
  endfacet
  facet normal 0 1 -0
    outer loop
      vertex 0.0600071 28.5 1.14207
      vertex -0.844209 28.5 7.73156
      vertex 0.278105 28.5 1.18546
    endloop
  endfacet
  facet normal 0 1 0
    outer loop
      vertex 157.535 28.5 0.848701
      vertex 161.67 28.5 6.14683
      vertex 162.457 28.5 5.45685
    endloop
  endfacet
  facet normal 0 1 0
    outer loop
      vertex -0.844209 28.5 7.73156
      vertex 0.0600071 28.5 1.14207
      vertex -1.87055 28.5 7.52741
    endloop
  endfacet
  facet normal 0 1 0
    outer loop
      vertex 157.702 28.5 0.702081
      vertex 162.457 28.5 5.45685
      vertex 163.147 28.5 4.67009
    endloop
  endfacet
  facet normal 0 1 -0
    outer loop
      vertex -0.150561 28.5 1.07059
      vertex -1.87055 28.5 7.52741
      vertex 0.0600071 28.5 1.14207
    endloop
  endfacet
  facet normal 0 1 0
    outer loop
      vertex 157.849 28.5 0.534894
      vertex 163.147 28.5 4.67009
      vertex 163.728 28.5 3.8
    endloop
  endfacet
  facet normal 0 1 0
    outer loop
      vertex -1.87055 28.5 7.52741
      vertex -0.150561 28.5 1.07059
      vertex -2.86147 28.5 7.19104
    endloop
  endfacet
  facet normal 0 1 0
    outer loop
      vertex 157.972 28.5 0.349999
      vertex 163.728 28.5 3.8
      vertex 164.191 28.5 2.86147
    endloop
  endfacet
  facet normal 0 1 -0
    outer loop
      vertex -0.349999 28.5 0.972242
      vertex -2.86147 28.5 7.19104
      vertex -0.150561 28.5 1.07059
    endloop
  endfacet
  facet normal 0 1 0
    outer loop
      vertex 158.071 28.5 0.150561
      vertex 164.191 28.5 2.86147
      vertex 164.527 28.5 1.87055
    endloop
  endfacet
  facet normal 0 1 0
    outer loop
      vertex -2.86147 28.5 7.19104
      vertex -0.349999 28.5 0.972242
      vertex -3.8 28.5 6.7282
    endloop
  endfacet
  facet normal 0 1 -0
    outer loop
      vertex -0.534894 28.5 0.848701
      vertex -3.8 28.5 6.7282
      vertex -0.349999 28.5 0.972242
    endloop
  endfacet
  facet normal 0 1 0
    outer loop
      vertex 156.8 28.5 7.8
      vertex 156.722 28.5 1.18546
      vertex 156.5 28.5 1.2
    endloop
  endfacet
  facet normal 0 1 0
    outer loop
      vertex 157.844 28.5 7.73156
      vertex 156.94 28.5 1.14207
      vertex 156.722 28.5 1.18546
    endloop
  endfacet
  facet normal 0 1 0
    outer loop
      vertex 158.871 28.5 7.52741
      vertex 157.151 28.5 1.07059
      vertex 156.94 28.5 1.14207
    endloop
  endfacet
  facet normal 0 1 0
    outer loop
      vertex 159.861 28.5 7.19104
      vertex 157.35 28.5 0.972242
      vertex 157.151 28.5 1.07059
    endloop
  endfacet
  facet normal 0 1 0
    outer loop
      vertex 160.8 28.5 6.7282
      vertex 157.535 28.5 0.848701
      vertex 157.35 28.5 0.972242
    endloop
  endfacet
  facet normal 0 1 0
    outer loop
      vertex 158.142 28.5 -0.0600071
      vertex 164.527 28.5 1.87055
      vertex 164.732 28.5 0.844209
    endloop
  endfacet
  facet normal 0 1 0
    outer loop
      vertex 162.457 28.5 5.45685
      vertex 157.702 28.5 0.702081
      vertex 157.535 28.5 0.848701
    endloop
  endfacet
  facet normal 0 1 0
    outer loop
      vertex 163.147 28.5 4.67009
      vertex 157.849 28.5 0.534894
      vertex 157.702 28.5 0.702081
    endloop
  endfacet
  facet normal 0 1 0
    outer loop
      vertex 163.728 28.5 3.8
      vertex 157.972 28.5 0.349999
      vertex 157.849 28.5 0.534894
    endloop
  endfacet
  facet normal 0 1 0
    outer loop
      vertex 164.191 28.5 2.86147
      vertex 158.071 28.5 0.150561
      vertex 157.972 28.5 0.349999
    endloop
  endfacet
  facet normal 0 1 0
    outer loop
      vertex 164.527 28.5 1.87055
      vertex 158.142 28.5 -0.0600071
      vertex 158.071 28.5 0.150561
    endloop
  endfacet
  facet normal 0 1 0
    outer loop
      vertex 158.185 28.5 -0.278105
      vertex 164.732 28.5 0.844209
      vertex 164.8 28.5 -0.2
    endloop
  endfacet
  facet normal 0 1 0
    outer loop
      vertex 164.732 28.5 0.844209
      vertex 158.185 28.5 -0.278105
      vertex 158.142 28.5 -0.0600071
    endloop
  endfacet
  facet normal 0 1 0
    outer loop
      vertex 164.8 28.5 -0.2
      vertex 158.2 28.5 -0.5
      vertex 158.185 28.5 -0.278105
    endloop
  endfacet
  facet normal 0 1 0
    outer loop
      vertex 164.8 28.5 -0.2
      vertex 158.185 28.5 -0.721894
      vertex 158.2 28.5 -0.5
    endloop
  endfacet
  facet normal 0 1 0
    outer loop
      vertex 164.8 28.5 -0.2
      vertex 158.142 28.5 -0.939992
      vertex 158.185 28.5 -0.721894
    endloop
  endfacet
  facet normal 0 1 0
    outer loop
      vertex 164.8 28.5 -0.2
      vertex 158.071 28.5 -1.15056
      vertex 158.142 28.5 -0.939992
    endloop
  endfacet
  facet normal 0 1 0
    outer loop
      vertex 164.8 28.5 -0.2
      vertex 157.972 28.5 -1.35
      vertex 158.071 28.5 -1.15056
    endloop
  endfacet
  facet normal 0 1 0
    outer loop
      vertex 164.8 28.5 -0.2
      vertex 157.849 28.5 -1.53489
      vertex 157.972 28.5 -1.35
    endloop
  endfacet
  facet normal 0 1 0
    outer loop
      vertex 164.8 28.5 -0.2
      vertex 157.702 28.5 -1.70208
      vertex 157.849 28.5 -1.53489
    endloop
  endfacet
  facet normal 0 1 0
    outer loop
      vertex 164.8 28.5 -0.2
      vertex 157.535 28.5 -1.8487
      vertex 157.702 28.5 -1.70208
    endloop
  endfacet
  facet normal 0 1 0
    outer loop
      vertex 164.8 28.5 -0.2
      vertex 157.35 28.5 -1.97224
      vertex 157.535 28.5 -1.8487
    endloop
  endfacet
  facet normal 0 1 0
    outer loop
      vertex 164.8 28.5 -0.2
      vertex 157.151 28.5 -2.07059
      vertex 157.35 28.5 -1.97224
    endloop
  endfacet
  facet normal 0 1 0
    outer loop
      vertex 139.304 28.5 -37.6506
      vertex 157.151 28.5 -2.07059
      vertex 164.8 28.5 -0.2
    endloop
  endfacet
  facet normal 0 1 -0
    outer loop
      vertex 22.0947 28.5 -11.9
      vertex 2.07059 28.5 -1.15056
      vertex 22.2546 28.5 -11.6607
    endloop
  endfacet
  facet normal 0 1 0
    outer loop
      vertex 137.3 28.5 -23
      vertex 156.5 28.5 -2.2
      vertex 156.722 28.5 -2.18546
    endloop
  endfacet
  facet normal 0 1 0
    outer loop
      vertex 137.263 28.5 -23.5613
      vertex 156.722 28.5 -2.18546
      vertex 156.94 28.5 -2.14207
    endloop
  endfacet
  facet normal 0 1 0
    outer loop
      vertex 157.151 28.5 -2.07059
      vertex 139.304 28.5 -37.6506
      vertex 156.94 28.5 -2.14207
    endloop
  endfacet
  facet normal 0 1 0
    outer loop
      vertex 156.8 28.5 7.8
      vertex 133.287 28.5 -10.8188
      vertex 133 28.5 -10.8
    endloop
  endfacet
  facet normal 0 1 0
    outer loop
      vertex 154.929 28.5 0.150561
      vertex 133.569 28.5 -10.875
      vertex 133.287 28.5 -10.8188
    endloop
  endfacet
  facet normal 0 1 0
    outer loop
      vertex 154.858 28.5 -0.0600071
      vertex 133.842 28.5 -10.9675
      vertex 133.569 28.5 -10.875
    endloop
  endfacet
  facet normal 0 1 0
    outer loop
      vertex 154.815 28.5 -0.278105
      vertex 134.1 28.5 -11.0947
      vertex 133.842 28.5 -10.9675
    endloop
  endfacet
  facet normal 0 1 0
    outer loop
      vertex 154.8 28.5 -0.5
      vertex 134.339 28.5 -11.2546
      vertex 134.1 28.5 -11.0947
    endloop
  endfacet
  facet normal 0 1 0
    outer loop
      vertex 154.815 28.5 -0.721894
      vertex 134.556 28.5 -11.4444
      vertex 134.339 28.5 -11.2546
    endloop
  endfacet
  facet normal 0 1 0
    outer loop
      vertex 154.858 28.5 -0.939992
      vertex 134.745 28.5 -11.6607
      vertex 134.556 28.5 -11.4444
    endloop
  endfacet
  facet normal 0 1 0
    outer loop
      vertex 154.929 28.5 -1.15056
      vertex 134.905 28.5 -11.9
      vertex 134.745 28.5 -11.6607
    endloop
  endfacet
  facet normal 0 1 0
    outer loop
      vertex 155.028 28.5 -1.35
      vertex 135.033 28.5 -12.1581
      vertex 134.905 28.5 -11.9
    endloop
  endfacet
  facet normal 0 1 0
    outer loop
      vertex 155.151 28.5 -1.53489
      vertex 135.125 28.5 -12.4306
      vertex 135.033 28.5 -12.1581
    endloop
  endfacet
  facet normal 0 1 0
    outer loop
      vertex 155.298 28.5 -1.70208
      vertex 135.181 28.5 -12.7128
      vertex 135.125 28.5 -12.4306
    endloop
  endfacet
  facet normal 0 1 0
    outer loop
      vertex 155.465 28.5 -1.8487
      vertex 135.2 28.5 -13
      vertex 135.181 28.5 -12.7128
    endloop
  endfacet
  facet normal 0 1 0
    outer loop
      vertex 155.849 28.5 -2.07059
      vertex 136.973 28.5 -21.3545
      vertex 136.724 28.5 -20.85
    endloop
  endfacet
  facet normal 0 1 0
    outer loop
      vertex 135.2 28.5 -13
      vertex 135.618 28.5 -19.5886
      vertex 135.2 28.5 -19.3095
    endloop
  endfacet
  facet normal 0 1 0
    outer loop
      vertex 135.2 28.5 -13
      vertex 136.041 28.5 -19.9594
      vertex 135.618 28.5 -19.5886
    endloop
  endfacet
  facet normal 0 1 0
    outer loop
      vertex 135.2 28.5 -13
      vertex 136.411 28.5 -20.3823
      vertex 136.041 28.5 -19.9594
    endloop
  endfacet
  facet normal 0 1 0
    outer loop
      vertex 135.2 28.5 -13
      vertex 136.724 28.5 -20.85
      vertex 136.411 28.5 -20.3823
    endloop
  endfacet
  facet normal 0 1 0
    outer loop
      vertex 155.65 28.5 -1.97224
      vertex 136.724 28.5 -20.85
      vertex 135.2 28.5 -13
    endloop
  endfacet
  facet normal 0 1 0
    outer loop
      vertex 156.06 28.5 -2.14207
      vertex 137.153 28.5 -21.8871
      vertex 136.973 28.5 -21.3545
    endloop
  endfacet
  facet normal 0 1 0
    outer loop
      vertex 156.278 28.5 -2.18546
      vertex 137.263 28.5 -22.4387
      vertex 137.153 28.5 -21.8871
    endloop
  endfacet
  facet normal 0 1 0
    outer loop
      vertex 156.5 28.5 -2.2
      vertex 137.3 28.5 -23
      vertex 137.263 28.5 -22.4387
    endloop
  endfacet
  facet normal 0 1 0
    outer loop
      vertex 156.722 28.5 -2.18546
      vertex 137.263 28.5 -23.5613
      vertex 137.3 28.5 -23
    endloop
  endfacet
  facet normal 0 1 0
    outer loop
      vertex 156.94 28.5 -2.14207
      vertex 139.247 28.5 -37.4834
      vertex 137.263 28.5 -23.5613
    endloop
  endfacet
  facet normal -0 1 -0
    outer loop
      vertex 139.169 28.5 -37.325
      vertex 137.263 28.5 -23.5613
      vertex 139.247 28.5 -37.4834
    endloop
  endfacet
  facet normal 0 1 0
    outer loop
      vertex 137.263 28.5 -23.5613
      vertex 139.169 28.5 -37.325
      vertex 137.153 28.5 -24.1129
    endloop
  endfacet
  facet normal -0 1 -0
    outer loop
      vertex 139.071 28.5 -37.1782
      vertex 137.153 28.5 -24.1129
      vertex 139.169 28.5 -37.325
    endloop
  endfacet
  facet normal -0 1 -0
    outer loop
      vertex 138.955 28.5 -37.0454
      vertex 136.973 28.5 -24.6455
      vertex 139.071 28.5 -37.1782
    endloop
  endfacet
  facet normal 0 1 0
    outer loop
      vertex 131.887 28.5 -27.1535
      vertex 138 28.5 -36.65
      vertex 122 28.5 -36.65
    endloop
  endfacet
  facet normal 0 1 0
    outer loop
      vertex 133.561 28.5 -27.2632
      vertex 138 28.5 -36.65
      vertex 133 28.5 -27.3
    endloop
  endfacet
  facet normal 0 1 0
    outer loop
      vertex 134.113 28.5 -27.1535
      vertex 138 28.5 -36.65
      vertex 133.561 28.5 -27.2632
    endloop
  endfacet
  facet normal 0 1 0
    outer loop
      vertex 134.646 28.5 -26.9727
      vertex 138 28.5 -36.65
      vertex 134.113 28.5 -27.1535
    endloop
  endfacet
  facet normal 0 1 0
    outer loop
      vertex 135.15 28.5 -26.7239
      vertex 138 28.5 -36.65
      vertex 134.646 28.5 -26.9727
    endloop
  endfacet
  facet normal 0 1 0
    outer loop
      vertex 135.618 28.5 -26.4114
      vertex 138 28.5 -36.65
      vertex 135.15 28.5 -26.7239
    endloop
  endfacet
  facet normal 0 1 0
    outer loop
      vertex 138.349 28.5 -36.696
      vertex 135.618 28.5 -26.4114
      vertex 136.041 28.5 -26.0406
    endloop
  endfacet
  facet normal 0 1 0
    outer loop
      vertex 136.973 28.5 -24.6455
      vertex 138.955 28.5 -37.0454
      vertex 136.724 28.5 -25.15
    endloop
  endfacet
  facet normal 0 1 0
    outer loop
      vertex 135.618 28.5 -26.4114
      vertex 138.176 28.5 -36.6615
      vertex 138 28.5 -36.65
    endloop
  endfacet
  facet normal 0 1 0
    outer loop
      vertex 135.618 28.5 -26.4114
      vertex 138.349 28.5 -36.696
      vertex 138.176 28.5 -36.6615
    endloop
  endfacet
  facet normal 0 1 0
    outer loop
      vertex 136.041 28.5 -26.0406
      vertex 138.517 28.5 -36.7528
      vertex 138.349 28.5 -36.696
    endloop
  endfacet
  facet normal 0 1 0
    outer loop
      vertex 136.411 28.5 -25.6177
      vertex 138.517 28.5 -36.7528
      vertex 136.041 28.5 -26.0406
    endloop
  endfacet
  facet normal -0 1 -0
    outer loop
      vertex 138.517 28.5 -36.7528
      vertex 136.411 28.5 -25.6177
      vertex 138.675 28.5 -36.8309
    endloop
  endfacet
  facet normal -0 1 -0
    outer loop
      vertex 138.675 28.5 -36.8309
      vertex 136.411 28.5 -25.6177
      vertex 138.822 28.5 -36.929
    endloop
  endfacet
  facet normal 0 1 0
    outer loop
      vertex 136.724 28.5 -25.15
      vertex 138.822 28.5 -36.929
      vertex 136.411 28.5 -25.6177
    endloop
  endfacet
  facet normal -0 1 -0
    outer loop
      vertex 138.822 28.5 -36.929
      vertex 136.724 28.5 -25.15
      vertex 138.955 28.5 -37.0454
    endloop
  endfacet
  facet normal 0 1 0
    outer loop
      vertex 137.153 28.5 -24.1129
      vertex 139.071 28.5 -37.1782
      vertex 136.973 28.5 -24.6455
    endloop
  endfacet
  facet normal 0 1 0
    outer loop
      vertex 156.94 28.5 -2.14207
      vertex 139.304 28.5 -37.6506
      vertex 139.247 28.5 -37.4834
    endloop
  endfacet
  facet normal 0 1 0
    outer loop
      vertex 164.8 28.5 -0.2
      vertex 139.338 28.5 -37.8238
      vertex 139.304 28.5 -37.6506
    endloop
  endfacet
  facet normal 0 1 0
    outer loop
      vertex 164.8 28.5 -0.2
      vertex 139.35 28.5 -38
      vertex 139.338 28.5 -37.8238
    endloop
  endfacet
  facet normal 0 1 0
    outer loop
      vertex 164.8 28.5 -0.2
      vertex 139.338 28.5 -38.1762
      vertex 139.35 28.5 -38
    endloop
  endfacet
  facet normal 0 1 0
    outer loop
      vertex 139.338 28.5 -46.8238
      vertex 139.338 28.5 -38.1762
      vertex 164.8 28.5 -0.2
    endloop
  endfacet
  facet normal 0 1 0
    outer loop
      vertex 139.338 28.5 -38.1762
      vertex 139.338 28.5 -46.8238
      vertex 139.304 28.5 -38.3494
    endloop
  endfacet
  facet normal -0 1 0
    outer loop
      vertex 139.304 28.5 -46.6506
      vertex 139.304 28.5 -38.3494
      vertex 139.338 28.5 -46.8238
    endloop
  endfacet
  facet normal 0 1 0
    outer loop
      vertex 138 28.5 -39.35
      vertex 138 28.5 -45.65
      vertex 122 28.5 -39.35
    endloop
  endfacet
  facet normal 0 1 0
    outer loop
      vertex 138.176 28.5 -39.3385
      vertex 138 28.5 -45.65
      vertex 138 28.5 -39.35
    endloop
  endfacet
  facet normal 0 1 0
    outer loop
      vertex 138.176 28.5 -45.6615
      vertex 138.176 28.5 -39.3385
      vertex 138.349 28.5 -39.304
    endloop
  endfacet
  facet normal 0 1 0
    outer loop
      vertex 138.349 28.5 -45.696
      vertex 138.349 28.5 -39.304
      vertex 138.517 28.5 -39.2472
    endloop
  endfacet
  facet normal 0 1 0
    outer loop
      vertex 138.517 28.5 -45.7528
      vertex 138.517 28.5 -39.2472
      vertex 138.675 28.5 -39.1691
    endloop
  endfacet
  facet normal 0 1 0
    outer loop
      vertex 138.675 28.5 -45.8309
      vertex 138.675 28.5 -39.1691
      vertex 138.822 28.5 -39.071
    endloop
  endfacet
  facet normal 0 1 0
    outer loop
      vertex 138.822 28.5 -45.929
      vertex 138.822 28.5 -39.071
      vertex 138.955 28.5 -38.9546
    endloop
  endfacet
  facet normal 0 1 0
    outer loop
      vertex 138.955 28.5 -46.0454
      vertex 138.955 28.5 -38.9546
      vertex 139.071 28.5 -38.8218
    endloop
  endfacet
  facet normal 0 1 0
    outer loop
      vertex 139.071 28.5 -46.1782
      vertex 139.071 28.5 -38.8218
      vertex 139.169 28.5 -38.675
    endloop
  endfacet
  facet normal 0 1 0
    outer loop
      vertex 139.304 28.5 -38.3494
      vertex 139.304 28.5 -46.6506
      vertex 139.247 28.5 -38.5166
    endloop
  endfacet
  facet normal 0 1 0
    outer loop
      vertex 138.176 28.5 -39.3385
      vertex 138.176 28.5 -45.6615
      vertex 138 28.5 -45.65
    endloop
  endfacet
  facet normal 0 1 0
    outer loop
      vertex 138.349 28.5 -39.304
      vertex 138.349 28.5 -45.696
      vertex 138.176 28.5 -45.6615
    endloop
  endfacet
  facet normal 0 1 0
    outer loop
      vertex 138.517 28.5 -39.2472
      vertex 138.517 28.5 -45.7528
      vertex 138.349 28.5 -45.696
    endloop
  endfacet
  facet normal 0 1 0
    outer loop
      vertex 138.675 28.5 -39.1691
      vertex 138.675 28.5 -45.8309
      vertex 138.517 28.5 -45.7528
    endloop
  endfacet
  facet normal 0 1 0
    outer loop
      vertex 138.822 28.5 -39.071
      vertex 138.822 28.5 -45.929
      vertex 138.675 28.5 -45.8309
    endloop
  endfacet
  facet normal 0 1 0
    outer loop
      vertex 138.955 28.5 -38.9546
      vertex 138.955 28.5 -46.0454
      vertex 138.822 28.5 -45.929
    endloop
  endfacet
  facet normal 0 1 0
    outer loop
      vertex 139.071 28.5 -38.8218
      vertex 139.071 28.5 -46.1782
      vertex 138.955 28.5 -46.0454
    endloop
  endfacet
  facet normal 0 1 0
    outer loop
      vertex 139.169 28.5 -38.675
      vertex 139.169 28.5 -46.325
      vertex 139.071 28.5 -46.1782
    endloop
  endfacet
  facet normal 0 1 0
    outer loop
      vertex 139.169 28.5 -38.675
      vertex 139.247 28.5 -46.4834
      vertex 139.169 28.5 -46.325
    endloop
  endfacet
  facet normal 0 1 0
    outer loop
      vertex 139.247 28.5 -38.5166
      vertex 139.247 28.5 -46.4834
      vertex 139.169 28.5 -38.675
    endloop
  endfacet
  facet normal -0 1 0
    outer loop
      vertex 139.247 28.5 -46.4834
      vertex 139.247 28.5 -38.5166
      vertex 139.304 28.5 -46.6506
    endloop
  endfacet
  facet normal 0 1 0
    outer loop
      vertex 164.8 28.5 -0.2
      vertex 139.35 28.5 -47
      vertex 139.338 28.5 -46.8238
    endloop
  endfacet
  facet normal 0 1 0
    outer loop
      vertex 164.8 28.5 -0.2
      vertex 139.338 28.5 -47.1762
      vertex 139.35 28.5 -47
    endloop
  endfacet
  facet normal 0 1 0
    outer loop
      vertex 139.338 28.5 -55.8238
      vertex 139.338 28.5 -47.1762
      vertex 164.8 28.5 -0.2
    endloop
  endfacet
  facet normal 0 1 0
    outer loop
      vertex 139.338 28.5 -47.1762
      vertex 139.338 28.5 -55.8238
      vertex 139.304 28.5 -47.3494
    endloop
  endfacet
  facet normal -0 1 0
    outer loop
      vertex 139.304 28.5 -55.6506
      vertex 139.304 28.5 -47.3494
      vertex 139.338 28.5 -55.8238
    endloop
  endfacet
  facet normal 0 1 0
    outer loop
      vertex 138 28.5 -48.35
      vertex 138 28.5 -54.65
      vertex 122 28.5 -48.35
    endloop
  endfacet
  facet normal 0 1 0
    outer loop
      vertex 138.176 28.5 -48.3385
      vertex 138 28.5 -54.65
      vertex 138 28.5 -48.35
    endloop
  endfacet
  facet normal 0 1 0
    outer loop
      vertex 138.176 28.5 -54.6615
      vertex 138.176 28.5 -48.3385
      vertex 138.349 28.5 -48.304
    endloop
  endfacet
  facet normal 0 1 0
    outer loop
      vertex 138.349 28.5 -54.696
      vertex 138.349 28.5 -48.304
      vertex 138.517 28.5 -48.2472
    endloop
  endfacet
  facet normal 0 1 0
    outer loop
      vertex 138.517 28.5 -54.7528
      vertex 138.517 28.5 -48.2472
      vertex 138.675 28.5 -48.1691
    endloop
  endfacet
  facet normal 0 1 0
    outer loop
      vertex 138.675 28.5 -54.8309
      vertex 138.675 28.5 -48.1691
      vertex 138.822 28.5 -48.071
    endloop
  endfacet
  facet normal 0 1 0
    outer loop
      vertex 138.822 28.5 -54.929
      vertex 138.822 28.5 -48.071
      vertex 138.955 28.5 -47.9546
    endloop
  endfacet
  facet normal 0 1 0
    outer loop
      vertex 138.955 28.5 -55.0454
      vertex 138.955 28.5 -47.9546
      vertex 139.071 28.5 -47.8218
    endloop
  endfacet
  facet normal 0 1 0
    outer loop
      vertex 139.071 28.5 -55.1782
      vertex 139.071 28.5 -47.8218
      vertex 139.169 28.5 -47.675
    endloop
  endfacet
  facet normal 0 1 0
    outer loop
      vertex 139.304 28.5 -47.3494
      vertex 139.304 28.5 -55.6506
      vertex 139.247 28.5 -47.5166
    endloop
  endfacet
  facet normal 0 1 0
    outer loop
      vertex 138.176 28.5 -48.3385
      vertex 138.176 28.5 -54.6615
      vertex 138 28.5 -54.65
    endloop
  endfacet
  facet normal 0 1 0
    outer loop
      vertex 138.349 28.5 -48.304
      vertex 138.349 28.5 -54.696
      vertex 138.176 28.5 -54.6615
    endloop
  endfacet
  facet normal 0 1 0
    outer loop
      vertex 138.517 28.5 -48.2472
      vertex 138.517 28.5 -54.7528
      vertex 138.349 28.5 -54.696
    endloop
  endfacet
  facet normal 0 1 0
    outer loop
      vertex 138.675 28.5 -48.1691
      vertex 138.675 28.5 -54.8309
      vertex 138.517 28.5 -54.7528
    endloop
  endfacet
  facet normal 0 1 0
    outer loop
      vertex 138.822 28.5 -48.071
      vertex 138.822 28.5 -54.929
      vertex 138.675 28.5 -54.8309
    endloop
  endfacet
  facet normal 0 1 0
    outer loop
      vertex 138.955 28.5 -47.9546
      vertex 138.955 28.5 -55.0454
      vertex 138.822 28.5 -54.929
    endloop
  endfacet
  facet normal 0 1 0
    outer loop
      vertex 139.071 28.5 -47.8218
      vertex 139.071 28.5 -55.1782
      vertex 138.955 28.5 -55.0454
    endloop
  endfacet
  facet normal 0 1 0
    outer loop
      vertex 139.169 28.5 -47.675
      vertex 139.169 28.5 -55.325
      vertex 139.071 28.5 -55.1782
    endloop
  endfacet
  facet normal 0 1 0
    outer loop
      vertex 139.169 28.5 -47.675
      vertex 139.247 28.5 -55.4834
      vertex 139.169 28.5 -55.325
    endloop
  endfacet
  facet normal 0 1 0
    outer loop
      vertex 139.247 28.5 -47.5166
      vertex 139.247 28.5 -55.4834
      vertex 139.169 28.5 -47.675
    endloop
  endfacet
  facet normal -0 1 0
    outer loop
      vertex 139.247 28.5 -55.4834
      vertex 139.247 28.5 -47.5166
      vertex 139.304 28.5 -55.6506
    endloop
  endfacet
  facet normal 0 1 0
    outer loop
      vertex 164.8 28.5 -0.2
      vertex 139.35 28.5 -56
      vertex 139.338 28.5 -55.8238
    endloop
  endfacet
  facet normal 0 1 -0
    outer loop
      vertex 164.8 28.5 -114.8
      vertex 139.35 28.5 -56
      vertex 164.8 28.5 -0.2
    endloop
  endfacet
  facet normal 0 1 0
    outer loop
      vertex 139.35 28.5 -56
      vertex 164.8 28.5 -114.8
      vertex 139.338 28.5 -56.1762
    endloop
  endfacet
  facet normal -0 1 0
    outer loop
      vertex 139.338 28.5 -64.8238
      vertex 139.338 28.5 -56.1762
      vertex 164.8 28.5 -114.8
    endloop
  endfacet
  facet normal 0 1 0
    outer loop
      vertex 138 28.5 -57.35
      vertex 138 28.5 -63.65
      vertex 122 28.5 -57.35
    endloop
  endfacet
  facet normal 0 1 0
    outer loop
      vertex 138.176 28.5 -57.3385
      vertex 138 28.5 -63.65
      vertex 138 28.5 -57.35
    endloop
  endfacet
  facet normal 0 1 0
    outer loop
      vertex 138.176 28.5 -63.6615
      vertex 138.176 28.5 -57.3385
      vertex 138.349 28.5 -57.304
    endloop
  endfacet
  facet normal 0 1 0
    outer loop
      vertex 138.349 28.5 -63.696
      vertex 138.349 28.5 -57.304
      vertex 138.517 28.5 -57.2472
    endloop
  endfacet
  facet normal 0 1 0
    outer loop
      vertex 138.517 28.5 -63.7528
      vertex 138.517 28.5 -57.2472
      vertex 138.675 28.5 -57.1691
    endloop
  endfacet
  facet normal 0 1 0
    outer loop
      vertex 138.675 28.5 -63.8309
      vertex 138.675 28.5 -57.1691
      vertex 138.822 28.5 -57.071
    endloop
  endfacet
  facet normal 0 1 0
    outer loop
      vertex 138.822 28.5 -63.929
      vertex 138.822 28.5 -57.071
      vertex 138.955 28.5 -56.9546
    endloop
  endfacet
  facet normal 0 1 0
    outer loop
      vertex 138.955 28.5 -64.0454
      vertex 138.955 28.5 -56.9546
      vertex 139.071 28.5 -56.8218
    endloop
  endfacet
  facet normal 0 1 0
    outer loop
      vertex 139.071 28.5 -64.1782
      vertex 139.071 28.5 -56.8218
      vertex 139.169 28.5 -56.675
    endloop
  endfacet
  facet normal 0 1 0
    outer loop
      vertex 139.169 28.5 -64.325
      vertex 139.169 28.5 -56.675
      vertex 139.247 28.5 -56.5166
    endloop
  endfacet
  facet normal 0 1 0
    outer loop
      vertex 139.338 28.5 -56.1762
      vertex 139.338 28.5 -64.8238
      vertex 139.304 28.5 -56.3494
    endloop
  endfacet
  facet normal 0 1 0
    outer loop
      vertex 138.176 28.5 -57.3385
      vertex 138.176 28.5 -63.6615
      vertex 138 28.5 -63.65
    endloop
  endfacet
  facet normal 0 1 0
    outer loop
      vertex 138.349 28.5 -57.304
      vertex 138.349 28.5 -63.696
      vertex 138.176 28.5 -63.6615
    endloop
  endfacet
  facet normal 0 1 0
    outer loop
      vertex 138.517 28.5 -57.2472
      vertex 138.517 28.5 -63.7528
      vertex 138.349 28.5 -63.696
    endloop
  endfacet
  facet normal 0 1 0
    outer loop
      vertex 138.675 28.5 -57.1691
      vertex 138.675 28.5 -63.8309
      vertex 138.517 28.5 -63.7528
    endloop
  endfacet
  facet normal 0 1 0
    outer loop
      vertex 138.822 28.5 -57.071
      vertex 138.822 28.5 -63.929
      vertex 138.675 28.5 -63.8309
    endloop
  endfacet
  facet normal 0 1 0
    outer loop
      vertex 138.955 28.5 -56.9546
      vertex 138.955 28.5 -64.0454
      vertex 138.822 28.5 -63.929
    endloop
  endfacet
  facet normal 0 1 0
    outer loop
      vertex 139.071 28.5 -56.8218
      vertex 139.071 28.5 -64.1782
      vertex 138.955 28.5 -64.0454
    endloop
  endfacet
  facet normal 0 1 0
    outer loop
      vertex 139.169 28.5 -56.675
      vertex 139.169 28.5 -64.325
      vertex 139.071 28.5 -64.1782
    endloop
  endfacet
  facet normal 0 1 0
    outer loop
      vertex 139.247 28.5 -56.5166
      vertex 139.247 28.5 -64.4834
      vertex 139.169 28.5 -64.325
    endloop
  endfacet
  facet normal 0 1 0
    outer loop
      vertex 139.247 28.5 -56.5166
      vertex 139.304 28.5 -64.6506
      vertex 139.247 28.5 -64.4834
    endloop
  endfacet
  facet normal 0 1 0
    outer loop
      vertex 139.304 28.5 -56.3494
      vertex 139.304 28.5 -64.6506
      vertex 139.247 28.5 -56.5166
    endloop
  endfacet
  facet normal -0 1 0
    outer loop
      vertex 139.304 28.5 -64.6506
      vertex 139.304 28.5 -56.3494
      vertex 139.338 28.5 -64.8238
    endloop
  endfacet
  facet normal 0 1 0
    outer loop
      vertex 139.338 28.5 -64.8238
      vertex 164.8 28.5 -114.8
      vertex 139.35 28.5 -65
    endloop
  endfacet
  facet normal 0 1 0
    outer loop
      vertex 139.35 28.5 -65
      vertex 164.8 28.5 -114.8
      vertex 139.338 28.5 -65.1762
    endloop
  endfacet
  facet normal -0 1 0
    outer loop
      vertex 139.338 28.5 -73.8238
      vertex 139.338 28.5 -65.1762
      vertex 164.8 28.5 -114.8
    endloop
  endfacet
  facet normal 0 1 0
    outer loop
      vertex 138 28.5 -66.35
      vertex 138 28.5 -72.65
      vertex 122 28.5 -66.35
    endloop
  endfacet
  facet normal 0 1 0
    outer loop
      vertex 138.176 28.5 -66.3384
      vertex 138 28.5 -72.65
      vertex 138 28.5 -66.35
    endloop
  endfacet
  facet normal 0 1 0
    outer loop
      vertex 138.176 28.5 -72.6615
      vertex 138.176 28.5 -66.3384
      vertex 138.349 28.5 -66.304
    endloop
  endfacet
  facet normal 0 1 0
    outer loop
      vertex 138.349 28.5 -72.696
      vertex 138.349 28.5 -66.304
      vertex 138.517 28.5 -66.2472
    endloop
  endfacet
  facet normal 0 1 0
    outer loop
      vertex 138.517 28.5 -72.7528
      vertex 138.517 28.5 -66.2472
      vertex 138.675 28.5 -66.1691
    endloop
  endfacet
  facet normal 0 1 0
    outer loop
      vertex 138.675 28.5 -72.8309
      vertex 138.675 28.5 -66.1691
      vertex 138.822 28.5 -66.071
    endloop
  endfacet
  facet normal 0 1 0
    outer loop
      vertex 138.822 28.5 -72.929
      vertex 138.822 28.5 -66.071
      vertex 138.955 28.5 -65.9546
    endloop
  endfacet
  facet normal 0 1 0
    outer loop
      vertex 138.955 28.5 -73.0454
      vertex 138.955 28.5 -65.9546
      vertex 139.071 28.5 -65.8218
    endloop
  endfacet
  facet normal 0 1 0
    outer loop
      vertex 139.071 28.5 -73.1782
      vertex 139.071 28.5 -65.8218
      vertex 139.169 28.5 -65.675
    endloop
  endfacet
  facet normal 0 1 0
    outer loop
      vertex 139.169 28.5 -73.325
      vertex 139.169 28.5 -65.675
      vertex 139.247 28.5 -65.5166
    endloop
  endfacet
  facet normal 0 1 0
    outer loop
      vertex 139.338 28.5 -65.1762
      vertex 139.338 28.5 -73.8238
      vertex 139.304 28.5 -65.3494
    endloop
  endfacet
  facet normal 0 1 0
    outer loop
      vertex 138.176 28.5 -66.3384
      vertex 138.176 28.5 -72.6615
      vertex 138 28.5 -72.65
    endloop
  endfacet
  facet normal 0 1 0
    outer loop
      vertex 138.349 28.5 -66.304
      vertex 138.349 28.5 -72.696
      vertex 138.176 28.5 -72.6615
    endloop
  endfacet
  facet normal 0 1 0
    outer loop
      vertex 138.517 28.5 -66.2472
      vertex 138.517 28.5 -72.7528
      vertex 138.349 28.5 -72.696
    endloop
  endfacet
  facet normal 0 1 0
    outer loop
      vertex 138.675 28.5 -66.1691
      vertex 138.675 28.5 -72.8309
      vertex 138.517 28.5 -72.7528
    endloop
  endfacet
  facet normal 0 1 0
    outer loop
      vertex 138.822 28.5 -66.071
      vertex 138.822 28.5 -72.929
      vertex 138.675 28.5 -72.8309
    endloop
  endfacet
  facet normal 0 1 0
    outer loop
      vertex 138.955 28.5 -65.9546
      vertex 138.955 28.5 -73.0454
      vertex 138.822 28.5 -72.929
    endloop
  endfacet
  facet normal 0 1 0
    outer loop
      vertex 139.071 28.5 -65.8218
      vertex 139.071 28.5 -73.1782
      vertex 138.955 28.5 -73.0454
    endloop
  endfacet
  facet normal 0 1 0
    outer loop
      vertex 139.169 28.5 -65.675
      vertex 139.169 28.5 -73.325
      vertex 139.071 28.5 -73.1782
    endloop
  endfacet
  facet normal 0 1 0
    outer loop
      vertex 139.247 28.5 -65.5166
      vertex 139.247 28.5 -73.4834
      vertex 139.169 28.5 -73.325
    endloop
  endfacet
  facet normal 0 1 0
    outer loop
      vertex 139.247 28.5 -65.5166
      vertex 139.304 28.5 -73.6506
      vertex 139.247 28.5 -73.4834
    endloop
  endfacet
  facet normal -0 1 0
    outer loop
      vertex 139.304 28.5 -73.6506
      vertex 139.304 28.5 -65.3494
      vertex 139.338 28.5 -73.8238
    endloop
  endfacet
  facet normal 0 1 0
    outer loop
      vertex 139.304 28.5 -65.3494
      vertex 139.304 28.5 -73.6506
      vertex 139.247 28.5 -65.5166
    endloop
  endfacet
  facet normal 0 1 0
    outer loop
      vertex 139.338 28.5 -73.8238
      vertex 164.8 28.5 -114.8
      vertex 139.35 28.5 -74
    endloop
  endfacet
  facet normal 0 1 0
    outer loop
      vertex 139.35 28.5 -74
      vertex 164.8 28.5 -114.8
      vertex 139.338 28.5 -74.1762
    endloop
  endfacet
  facet normal -0 1 0
    outer loop
      vertex 139.338 28.5 -82.8238
      vertex 139.338 28.5 -74.1762
      vertex 164.8 28.5 -114.8
    endloop
  endfacet
  facet normal 0 1 0
    outer loop
      vertex 138 28.5 -75.35
      vertex 138 28.5 -81.65
      vertex 122 28.5 -75.35
    endloop
  endfacet
  facet normal 0 1 0
    outer loop
      vertex 138.176 28.5 -75.3384
      vertex 138 28.5 -81.65
      vertex 138 28.5 -75.35
    endloop
  endfacet
  facet normal 0 1 0
    outer loop
      vertex 138.176 28.5 -81.6615
      vertex 138.176 28.5 -75.3384
      vertex 138.349 28.5 -75.304
    endloop
  endfacet
  facet normal 0 1 0
    outer loop
      vertex 138.349 28.5 -81.696
      vertex 138.349 28.5 -75.304
      vertex 138.517 28.5 -75.2472
    endloop
  endfacet
  facet normal 0 1 0
    outer loop
      vertex 138.517 28.5 -81.7528
      vertex 138.517 28.5 -75.2472
      vertex 138.675 28.5 -75.1691
    endloop
  endfacet
  facet normal 0 1 0
    outer loop
      vertex 138.675 28.5 -81.8309
      vertex 138.675 28.5 -75.1691
      vertex 138.822 28.5 -75.071
    endloop
  endfacet
  facet normal 0 1 0
    outer loop
      vertex 138.822 28.5 -81.929
      vertex 138.822 28.5 -75.071
      vertex 138.955 28.5 -74.9546
    endloop
  endfacet
  facet normal 0 1 0
    outer loop
      vertex 138.955 28.5 -82.0454
      vertex 138.955 28.5 -74.9546
      vertex 139.071 28.5 -74.8218
    endloop
  endfacet
  facet normal 0 1 0
    outer loop
      vertex 139.071 28.5 -82.1782
      vertex 139.071 28.5 -74.8218
      vertex 139.169 28.5 -74.675
    endloop
  endfacet
  facet normal 0 1 0
    outer loop
      vertex 139.169 28.5 -82.325
      vertex 139.169 28.5 -74.675
      vertex 139.247 28.5 -74.5166
    endloop
  endfacet
  facet normal 0 1 0
    outer loop
      vertex 139.338 28.5 -74.1762
      vertex 139.338 28.5 -82.8238
      vertex 139.304 28.5 -74.3494
    endloop
  endfacet
  facet normal 0 1 0
    outer loop
      vertex 138.176 28.5 -75.3384
      vertex 138.176 28.5 -81.6615
      vertex 138 28.5 -81.65
    endloop
  endfacet
  facet normal 0 1 0
    outer loop
      vertex 138.349 28.5 -75.304
      vertex 138.349 28.5 -81.696
      vertex 138.176 28.5 -81.6615
    endloop
  endfacet
  facet normal 0 1 0
    outer loop
      vertex 138.517 28.5 -75.2472
      vertex 138.517 28.5 -81.7528
      vertex 138.349 28.5 -81.696
    endloop
  endfacet
  facet normal 0 1 0
    outer loop
      vertex 138.675 28.5 -75.1691
      vertex 138.675 28.5 -81.8309
      vertex 138.517 28.5 -81.7528
    endloop
  endfacet
  facet normal 0 1 0
    outer loop
      vertex 138.822 28.5 -75.071
      vertex 138.822 28.5 -81.929
      vertex 138.675 28.5 -81.8309
    endloop
  endfacet
  facet normal 0 1 0
    outer loop
      vertex 138.955 28.5 -74.9546
      vertex 138.955 28.5 -82.0454
      vertex 138.822 28.5 -81.929
    endloop
  endfacet
  facet normal 0 1 0
    outer loop
      vertex 139.071 28.5 -74.8218
      vertex 139.071 28.5 -82.1782
      vertex 138.955 28.5 -82.0454
    endloop
  endfacet
  facet normal 0 1 0
    outer loop
      vertex 139.169 28.5 -74.675
      vertex 139.169 28.5 -82.325
      vertex 139.071 28.5 -82.1782
    endloop
  endfacet
  facet normal 0 1 0
    outer loop
      vertex 139.247 28.5 -74.5166
      vertex 139.247 28.5 -82.4834
      vertex 139.169 28.5 -82.325
    endloop
  endfacet
  facet normal -0 1 0
    outer loop
      vertex 139.304 28.5 -82.6506
      vertex 139.304 28.5 -74.3494
      vertex 139.338 28.5 -82.8238
    endloop
  endfacet
  facet normal 0 1 0
    outer loop
      vertex 139.247 28.5 -74.5166
      vertex 139.304 28.5 -82.6506
      vertex 139.247 28.5 -82.4834
    endloop
  endfacet
  facet normal 0 1 0
    outer loop
      vertex 139.304 28.5 -74.3494
      vertex 139.304 28.5 -82.6506
      vertex 139.247 28.5 -74.5166
    endloop
  endfacet
  facet normal 0 1 0
    outer loop
      vertex 139.338 28.5 -82.8238
      vertex 164.8 28.5 -114.8
      vertex 139.35 28.5 -83
    endloop
  endfacet
  facet normal 0 1 0
    outer loop
      vertex 139.35 28.5 -83
      vertex 164.8 28.5 -114.8
      vertex 139.338 28.5 -83.1762
    endloop
  endfacet
  facet normal 0 1 0
    outer loop
      vertex 138 28.5 -84.35
      vertex 138 28.5 -90.65
      vertex 122 28.5 -84.35
    endloop
  endfacet
  facet normal 0 1 0
    outer loop
      vertex 138.176 28.5 -84.3384
      vertex 138 28.5 -90.65
      vertex 138 28.5 -84.35
    endloop
  endfacet
  facet normal 0 1 0
    outer loop
      vertex 138.176 28.5 -90.6615
      vertex 138.176 28.5 -84.3384
      vertex 138.349 28.5 -84.304
    endloop
  endfacet
  facet normal 0 1 0
    outer loop
      vertex 138.349 28.5 -90.696
      vertex 138.349 28.5 -84.304
      vertex 138.517 28.5 -84.2472
    endloop
  endfacet
  facet normal 0 1 0
    outer loop
      vertex 138.517 28.5 -90.7528
      vertex 138.517 28.5 -84.2472
      vertex 138.675 28.5 -84.1691
    endloop
  endfacet
  facet normal 0 1 0
    outer loop
      vertex 138.675 28.5 -90.8309
      vertex 138.675 28.5 -84.1691
      vertex 138.822 28.5 -84.071
    endloop
  endfacet
  facet normal 0 1 0
    outer loop
      vertex 138.822 28.5 -90.929
      vertex 138.822 28.5 -84.071
      vertex 138.955 28.5 -83.9546
    endloop
  endfacet
  facet normal 0 1 0
    outer loop
      vertex 138.955 28.5 -91.0454
      vertex 138.955 28.5 -83.9546
      vertex 139.071 28.5 -83.8218
    endloop
  endfacet
  facet normal 0 1 0
    outer loop
      vertex 139.071 28.5 -91.1782
      vertex 139.071 28.5 -83.8218
      vertex 139.169 28.5 -83.675
    endloop
  endfacet
  facet normal 0 1 0
    outer loop
      vertex 139.169 28.5 -91.325
      vertex 139.169 28.5 -83.675
      vertex 139.247 28.5 -83.5166
    endloop
  endfacet
  facet normal 0 1 0
    outer loop
      vertex 139.247 28.5 -91.4834
      vertex 139.247 28.5 -83.5166
      vertex 139.304 28.5 -83.3494
    endloop
  endfacet
  facet normal -0 1 -0
    outer loop
      vertex 157.151 28.5 -112.929
      vertex 139.338 28.5 -83.1762
      vertex 164.8 28.5 -114.8
    endloop
  endfacet
  facet normal 0 1 0
    outer loop
      vertex 138.176 28.5 -84.3384
      vertex 138.176 28.5 -90.6615
      vertex 138 28.5 -90.65
    endloop
  endfacet
  facet normal 0 1 0
    outer loop
      vertex 138.349 28.5 -84.304
      vertex 138.349 28.5 -90.696
      vertex 138.176 28.5 -90.6615
    endloop
  endfacet
  facet normal 0 1 0
    outer loop
      vertex 138.517 28.5 -84.2472
      vertex 138.517 28.5 -90.7528
      vertex 138.349 28.5 -90.696
    endloop
  endfacet
  facet normal 0 1 0
    outer loop
      vertex 138.675 28.5 -84.1691
      vertex 138.675 28.5 -90.8309
      vertex 138.517 28.5 -90.7528
    endloop
  endfacet
  facet normal 0 1 0
    outer loop
      vertex 138.822 28.5 -84.071
      vertex 138.822 28.5 -90.929
      vertex 138.675 28.5 -90.8309
    endloop
  endfacet
  facet normal 0 1 0
    outer loop
      vertex 138.955 28.5 -83.9546
      vertex 138.955 28.5 -91.0454
      vertex 138.822 28.5 -90.929
    endloop
  endfacet
  facet normal 0 1 0
    outer loop
      vertex 139.071 28.5 -83.8218
      vertex 139.071 28.5 -91.1782
      vertex 138.955 28.5 -91.0454
    endloop
  endfacet
  facet normal 0 1 0
    outer loop
      vertex 139.169 28.5 -83.675
      vertex 139.169 28.5 -91.325
      vertex 139.071 28.5 -91.1782
    endloop
  endfacet
  facet normal -0 1 0
    outer loop
      vertex 139.338 28.5 -91.8238
      vertex 139.338 28.5 -83.1762
      vertex 157.151 28.5 -112.929
    endloop
  endfacet
  facet normal 0 1 0
    outer loop
      vertex 139.247 28.5 -83.5166
      vertex 139.247 28.5 -91.4834
      vertex 139.169 28.5 -91.325
    endloop
  endfacet
  facet normal 0 1 0
    outer loop
      vertex 139.304 28.5 -83.3494
      vertex 139.304 28.5 -91.6506
      vertex 139.247 28.5 -91.4834
    endloop
  endfacet
  facet normal 0 1 0
    outer loop
      vertex 139.304 28.5 -83.3494
      vertex 139.338 28.5 -91.8238
      vertex 139.304 28.5 -91.6506
    endloop
  endfacet
  facet normal 0 1 0
    outer loop
      vertex 139.338 28.5 -83.1762
      vertex 139.338 28.5 -91.8238
      vertex 139.304 28.5 -83.3494
    endloop
  endfacet
  facet normal -0 1 -0
    outer loop
      vertex 156.94 28.5 -112.858
      vertex 139.338 28.5 -91.8238
      vertex 157.151 28.5 -112.929
    endloop
  endfacet
  facet normal 0 1 0
    outer loop
      vertex 138 28.5 -93.35
      vertex 138 28.5 -99.65
      vertex 122 28.5 -93.35
    endloop
  endfacet
  facet normal 0 1 0
    outer loop
      vertex 138.176 28.5 -93.3384
      vertex 138 28.5 -99.65
      vertex 138 28.5 -93.35
    endloop
  endfacet
  facet normal 0 1 0
    outer loop
      vertex 138.176 28.5 -99.6615
      vertex 138.176 28.5 -93.3384
      vertex 138.349 28.5 -93.304
    endloop
  endfacet
  facet normal 0 1 0
    outer loop
      vertex 138.349 28.5 -99.696
      vertex 138.349 28.5 -93.304
      vertex 138.517 28.5 -93.2472
    endloop
  endfacet
  facet normal 0 1 0
    outer loop
      vertex 138.517 28.5 -99.7528
      vertex 138.517 28.5 -93.2472
      vertex 138.675 28.5 -93.1691
    endloop
  endfacet
  facet normal 0 1 0
    outer loop
      vertex 138.675 28.5 -99.8309
      vertex 138.675 28.5 -93.1691
      vertex 138.822 28.5 -93.071
    endloop
  endfacet
  facet normal 0 1 0
    outer loop
      vertex 138.822 28.5 -99.929
      vertex 138.822 28.5 -93.071
      vertex 138.955 28.5 -92.9546
    endloop
  endfacet
  facet normal 0 1 0
    outer loop
      vertex 138.955 28.5 -100.045
      vertex 138.955 28.5 -92.9546
      vertex 139.071 28.5 -92.8218
    endloop
  endfacet
  facet normal 0 1 0
    outer loop
      vertex 139.071 28.5 -100.178
      vertex 139.071 28.5 -92.8218
      vertex 139.169 28.5 -92.675
    endloop
  endfacet
  facet normal 0 1 0
    outer loop
      vertex 139.169 28.5 -100.325
      vertex 139.169 28.5 -92.675
      vertex 139.247 28.5 -92.5166
    endloop
  endfacet
  facet normal 0 1 0
    outer loop
      vertex 139.247 28.5 -100.483
      vertex 139.247 28.5 -92.5166
      vertex 139.304 28.5 -92.3494
    endloop
  endfacet
  facet normal 0 1 0
    outer loop
      vertex 139.338 28.5 -91.8238
      vertex 156.94 28.5 -112.858
      vertex 139.35 28.5 -92
    endloop
  endfacet
  facet normal 0 1 0
    outer loop
      vertex 138.176 28.5 -93.3384
      vertex 138.176 28.5 -99.6615
      vertex 138 28.5 -99.65
    endloop
  endfacet
  facet normal 0 1 0
    outer loop
      vertex 138.349 28.5 -93.304
      vertex 138.349 28.5 -99.696
      vertex 138.176 28.5 -99.6615
    endloop
  endfacet
  facet normal 0 1 0
    outer loop
      vertex 138.517 28.5 -93.2472
      vertex 138.517 28.5 -99.7528
      vertex 138.349 28.5 -99.696
    endloop
  endfacet
  facet normal 0 1 0
    outer loop
      vertex 138.675 28.5 -93.1691
      vertex 138.675 28.5 -99.8309
      vertex 138.517 28.5 -99.7528
    endloop
  endfacet
  facet normal 0 1 0
    outer loop
      vertex 138.822 28.5 -93.071
      vertex 138.822 28.5 -99.929
      vertex 138.675 28.5 -99.8309
    endloop
  endfacet
  facet normal 0 1 0
    outer loop
      vertex 138.955 28.5 -92.9546
      vertex 138.955 28.5 -100.045
      vertex 138.822 28.5 -99.929
    endloop
  endfacet
  facet normal -0 1 -0
    outer loop
      vertex 156.722 28.5 -112.815
      vertex 139.35 28.5 -92
      vertex 156.94 28.5 -112.858
    endloop
  endfacet
  facet normal 0 1 0
    outer loop
      vertex 139.071 28.5 -92.8218
      vertex 139.071 28.5 -100.178
      vertex 138.955 28.5 -100.045
    endloop
  endfacet
  facet normal 0 1 0
    outer loop
      vertex 139.35 28.5 -92
      vertex 156.722 28.5 -112.815
      vertex 139.338 28.5 -92.1762
    endloop
  endfacet
  facet normal -0 1 -0
    outer loop
      vertex 156.5 28.5 -112.8
      vertex 139.338 28.5 -92.1762
      vertex 156.722 28.5 -112.815
    endloop
  endfacet
  facet normal 0 1 0
    outer loop
      vertex 139.169 28.5 -92.675
      vertex 139.169 28.5 -100.325
      vertex 139.071 28.5 -100.178
    endloop
  endfacet
  facet normal 0 1 0
    outer loop
      vertex 139.338 28.5 -92.1762
      vertex 156.5 28.5 -112.8
      vertex 139.304 28.5 -92.3494
    endloop
  endfacet
  facet normal 0 1 0
    outer loop
      vertex 139.247 28.5 -92.5166
      vertex 139.247 28.5 -100.483
      vertex 139.169 28.5 -100.325
    endloop
  endfacet
  facet normal 0 1 0
    outer loop
      vertex 139.304 28.5 -92.3494
      vertex 139.304 28.5 -100.651
      vertex 139.247 28.5 -100.483
    endloop
  endfacet
  facet normal 0 1 -0
    outer loop
      vertex 155.028 28.5 -113.65
      vertex 139.071 28.5 -101.822
      vertex 155.151 28.5 -113.465
    endloop
  endfacet
  facet normal 0 1 0
    outer loop
      vertex 139.169 28.5 -101.675
      vertex 155.151 28.5 -113.465
      vertex 139.071 28.5 -101.822
    endloop
  endfacet
  facet normal 0 1 -0
    outer loop
      vertex 155.151 28.5 -113.465
      vertex 139.169 28.5 -101.675
      vertex 155.298 28.5 -113.298
    endloop
  endfacet
  facet normal 0 1 0
    outer loop
      vertex 139.247 28.5 -101.517
      vertex 155.298 28.5 -113.298
      vertex 139.169 28.5 -101.675
    endloop
  endfacet
  facet normal 0 1 -0
    outer loop
      vertex 155.298 28.5 -113.298
      vertex 139.247 28.5 -101.517
      vertex 155.465 28.5 -113.151
    endloop
  endfacet
  facet normal 0 1 0
    outer loop
      vertex 139.304 28.5 -101.349
      vertex 155.465 28.5 -113.151
      vertex 139.247 28.5 -101.517
    endloop
  endfacet
  facet normal 0 1 -0
    outer loop
      vertex 155.465 28.5 -113.151
      vertex 139.304 28.5 -101.349
      vertex 155.65 28.5 -113.028
    endloop
  endfacet
  facet normal 0 1 0
    outer loop
      vertex 139.338 28.5 -101.176
      vertex 155.65 28.5 -113.028
      vertex 139.304 28.5 -101.349
    endloop
  endfacet
  facet normal 0 1 -0
    outer loop
      vertex 155.65 28.5 -113.028
      vertex 139.338 28.5 -101.176
      vertex 155.849 28.5 -112.929
    endloop
  endfacet
  facet normal 0 1 0
    outer loop
      vertex 139.35 28.5 -101
      vertex 155.849 28.5 -112.929
      vertex 139.338 28.5 -101.176
    endloop
  endfacet
  facet normal 0 1 -0
    outer loop
      vertex 155.849 28.5 -112.929
      vertex 139.35 28.5 -101
      vertex 156.06 28.5 -112.858
    endloop
  endfacet
  facet normal 0 1 0
    outer loop
      vertex 139.304 28.5 -92.3494
      vertex 156.278 28.5 -112.815
      vertex 139.304 28.5 -100.651
    endloop
  endfacet
  facet normal 0 1 0
    outer loop
      vertex 139.338 28.5 -100.824
      vertex 156.06 28.5 -112.858
      vertex 139.35 28.5 -101
    endloop
  endfacet
  facet normal 0 1 -0
    outer loop
      vertex 156.06 28.5 -112.858
      vertex 139.338 28.5 -100.824
      vertex 156.278 28.5 -112.815
    endloop
  endfacet
  facet normal 0 1 0
    outer loop
      vertex 139.304 28.5 -100.651
      vertex 156.278 28.5 -112.815
      vertex 139.338 28.5 -100.824
    endloop
  endfacet
  facet normal 0 1 -0
    outer loop
      vertex 156.278 28.5 -112.815
      vertex 139.304 28.5 -92.3494
      vertex 156.5 28.5 -112.8
    endloop
  endfacet
  facet normal 0 1 0
    outer loop
      vertex 157.151 28.5 -112.929
      vertex 164.8 28.5 -114.8
      vertex 157.35 28.5 -113.028
    endloop
  endfacet
  facet normal 0 1 0
    outer loop
      vertex 157.35 28.5 -113.028
      vertex 164.8 28.5 -114.8
      vertex 157.535 28.5 -113.151
    endloop
  endfacet
  facet normal 0 1 0
    outer loop
      vertex 157.535 28.5 -113.151
      vertex 164.8 28.5 -114.8
      vertex 157.702 28.5 -113.298
    endloop
  endfacet
  facet normal 0 1 0
    outer loop
      vertex 157.702 28.5 -113.298
      vertex 164.8 28.5 -114.8
      vertex 157.849 28.5 -113.465
    endloop
  endfacet
  facet normal 0 1 0
    outer loop
      vertex 157.849 28.5 -113.465
      vertex 164.8 28.5 -114.8
      vertex 157.972 28.5 -113.65
    endloop
  endfacet
  facet normal 0 1 0
    outer loop
      vertex 157.972 28.5 -113.65
      vertex 164.8 28.5 -114.8
      vertex 158.071 28.5 -113.849
    endloop
  endfacet
  facet normal 0 1 0
    outer loop
      vertex 158.071 28.5 -113.849
      vertex 164.8 28.5 -114.8
      vertex 158.142 28.5 -114.06
    endloop
  endfacet
  facet normal 0 1 0
    outer loop
      vertex 158.142 28.5 -114.06
      vertex 164.8 28.5 -114.8
      vertex 158.185 28.5 -114.278
    endloop
  endfacet
  facet normal 0 1 0
    outer loop
      vertex 158.185 28.5 -114.278
      vertex 164.8 28.5 -114.8
      vertex 158.2 28.5 -114.5
    endloop
  endfacet
  facet normal 0 1 0
    outer loop
      vertex 164.8 28.5 -114.8
      vertex 158.185 28.5 -114.722
      vertex 158.2 28.5 -114.5
    endloop
  endfacet
  facet normal 0 1 -0
    outer loop
      vertex 164.732 28.5 -115.844
      vertex 158.185 28.5 -114.722
      vertex 164.8 28.5 -114.8
    endloop
  endfacet
  facet normal 0 1 0
    outer loop
      vertex 158.185 28.5 -114.722
      vertex 164.732 28.5 -115.844
      vertex 158.142 28.5 -114.94
    endloop
  endfacet
  facet normal 0 1 -0
    outer loop
      vertex 164.527 28.5 -116.871
      vertex 158.142 28.5 -114.94
      vertex 164.732 28.5 -115.844
    endloop
  endfacet
  facet normal 0 1 0
    outer loop
      vertex 158.142 28.5 -114.94
      vertex 164.527 28.5 -116.871
      vertex 158.071 28.5 -115.151
    endloop
  endfacet
  facet normal 0 1 -0
    outer loop
      vertex 164.191 28.5 -117.861
      vertex 158.071 28.5 -115.151
      vertex 164.527 28.5 -116.871
    endloop
  endfacet
  facet normal 0 1 0
    outer loop
      vertex 158.071 28.5 -115.151
      vertex 164.191 28.5 -117.861
      vertex 157.972 28.5 -115.35
    endloop
  endfacet
  facet normal 0 1 -0
    outer loop
      vertex 163.728 28.5 -118.8
      vertex 157.972 28.5 -115.35
      vertex 164.191 28.5 -117.861
    endloop
  endfacet
  facet normal 0 1 0
    outer loop
      vertex 157.972 28.5 -115.35
      vertex 163.728 28.5 -118.8
      vertex 157.849 28.5 -115.535
    endloop
  endfacet
  facet normal 0 1 -0
    outer loop
      vertex 163.147 28.5 -119.67
      vertex 157.849 28.5 -115.535
      vertex 163.728 28.5 -118.8
    endloop
  endfacet
  facet normal 0 1 0
    outer loop
      vertex 157.849 28.5 -115.535
      vertex 163.147 28.5 -119.67
      vertex 157.702 28.5 -115.702
    endloop
  endfacet
  facet normal 0 1 -0
    outer loop
      vertex 162.457 28.5 -120.457
      vertex 157.702 28.5 -115.702
      vertex 163.147 28.5 -119.67
    endloop
  endfacet
  facet normal 0 1 0
    outer loop
      vertex 157.702 28.5 -115.702
      vertex 162.457 28.5 -120.457
      vertex 157.535 28.5 -115.849
    endloop
  endfacet
  facet normal 0 1 -0
    outer loop
      vertex 160.8 28.5 -121.728
      vertex 157.535 28.5 -115.849
      vertex 161.67 28.5 -121.147
    endloop
  endfacet
  facet normal 0 1 -0
    outer loop
      vertex 161.67 28.5 -121.147
      vertex 157.535 28.5 -115.849
      vertex 162.457 28.5 -120.457
    endloop
  endfacet
  facet normal 0 1 0
    outer loop
      vertex -3.8 28.5 6.7282
      vertex -0.534894 28.5 0.848701
      vertex -4.67009 28.5 6.14683
    endloop
  endfacet
  facet normal 0 1 0
    outer loop
      vertex -4.67009 28.5 6.14683
      vertex -0.534894 28.5 0.848701
      vertex -5.45685 28.5 5.45685
    endloop
  endfacet
  facet normal 0 1 -0
    outer loop
      vertex -0.702081 28.5 0.702081
      vertex -5.45685 28.5 5.45685
      vertex -0.534894 28.5 0.848701
    endloop
  endfacet
  facet normal 0 1 0
    outer loop
      vertex -5.45685 28.5 5.45685
      vertex -0.702081 28.5 0.702081
      vertex -6.14683 28.5 4.67009
    endloop
  endfacet
  facet normal 0 1 -0
    outer loop
      vertex -0.848701 28.5 0.534894
      vertex -6.14683 28.5 4.67009
      vertex -0.702081 28.5 0.702081
    endloop
  endfacet
  facet normal 0 1 0
    outer loop
      vertex -6.14683 28.5 4.67009
      vertex -0.848701 28.5 0.534894
      vertex -6.7282 28.5 3.8
    endloop
  endfacet
  facet normal 0 1 -0
    outer loop
      vertex -0.972242 28.5 0.349999
      vertex -6.7282 28.5 3.8
      vertex -0.848701 28.5 0.534894
    endloop
  endfacet
  facet normal 0 1 0
    outer loop
      vertex -6.7282 28.5 3.8
      vertex -0.972242 28.5 0.349999
      vertex -7.19104 28.5 2.86147
    endloop
  endfacet
  facet normal 0 1 -0
    outer loop
      vertex -1.07059 28.5 0.150561
      vertex -7.19104 28.5 2.86147
      vertex -0.972242 28.5 0.349999
    endloop
  endfacet
  facet normal 0 1 0
    outer loop
      vertex -7.19104 28.5 2.86147
      vertex -1.07059 28.5 0.150561
      vertex -7.52741 28.5 1.87055
    endloop
  endfacet
  facet normal 0 1 -0
    outer loop
      vertex -1.14207 28.5 -0.0600071
      vertex -7.52741 28.5 1.87055
      vertex -1.07059 28.5 0.150561
    endloop
  endfacet
  facet normal 0 1 0
    outer loop
      vertex -7.52741 28.5 1.87055
      vertex -1.14207 28.5 -0.0600071
      vertex -7.73156 28.5 0.844209
    endloop
  endfacet
  facet normal 0 1 -0
    outer loop
      vertex -1.18546 28.5 -0.278105
      vertex -7.73156 28.5 0.844209
      vertex -1.14207 28.5 -0.0600071
    endloop
  endfacet
  facet normal 0 1 0
    outer loop
      vertex -7.73156 28.5 0.844209
      vertex -1.18546 28.5 -0.278105
      vertex -7.8 28.5 -0.2
    endloop
  endfacet
  facet normal 0 1 -0
    outer loop
      vertex -1.2 28.5 -0.5
      vertex -7.8 28.5 -0.2
      vertex -1.18546 28.5 -0.278105
    endloop
  endfacet
  facet normal 0 1 0
    outer loop
      vertex -1.18546 28.5 -0.721894
      vertex -7.8 28.5 -0.2
      vertex -1.2 28.5 -0.5
    endloop
  endfacet
  facet normal 0 1 0
    outer loop
      vertex -1.14207 28.5 -0.939992
      vertex -7.8 28.5 -0.2
      vertex -1.18546 28.5 -0.721894
    endloop
  endfacet
  facet normal 0 1 0
    outer loop
      vertex -1.07059 28.5 -1.15056
      vertex -7.8 28.5 -0.2
      vertex -1.14207 28.5 -0.939992
    endloop
  endfacet
  facet normal 0 1 0
    outer loop
      vertex -0.972242 28.5 -1.35
      vertex -7.8 28.5 -0.2
      vertex -1.07059 28.5 -1.15056
    endloop
  endfacet
  facet normal 0 1 0
    outer loop
      vertex -0.848701 28.5 -1.53489
      vertex -7.8 28.5 -0.2
      vertex -0.972242 28.5 -1.35
    endloop
  endfacet
  facet normal 0 1 0
    outer loop
      vertex -0.702081 28.5 -1.70208
      vertex -7.8 28.5 -0.2
      vertex -0.848701 28.5 -1.53489
    endloop
  endfacet
  facet normal 0 1 0
    outer loop
      vertex -0.534894 28.5 -1.8487
      vertex -7.8 28.5 -0.2
      vertex -0.702081 28.5 -1.70208
    endloop
  endfacet
  facet normal 0 1 0
    outer loop
      vertex -0.349999 28.5 -1.97224
      vertex -7.8 28.5 -0.2
      vertex -0.534894 28.5 -1.8487
    endloop
  endfacet
  facet normal 0 1 0
    outer loop
      vertex -0.150561 28.5 -2.07059
      vertex -7.8 28.5 -0.2
      vertex -0.349999 28.5 -1.97224
    endloop
  endfacet
  facet normal 0 1 0
    outer loop
      vertex 19.8465 28.5 -24.1129
      vertex -0.150561 28.5 -2.07059
      vertex 0.0600071 28.5 -2.14207
    endloop
  endfacet
  facet normal 0 1 0
    outer loop
      vertex 2.07059 28.5 -1.15056
      vertex 22.0947 28.5 -11.9
      vertex 1.97224 28.5 -1.35
    endloop
  endfacet
  facet normal 0 1 -0
    outer loop
      vertex 21.9675 28.5 -12.1581
      vertex 1.97224 28.5 -1.35
      vertex 22.0947 28.5 -11.9
    endloop
  endfacet
  facet normal 0 1 0
    outer loop
      vertex 1.97224 28.5 -1.35
      vertex 21.9675 28.5 -12.1581
      vertex 1.8487 28.5 -1.53489
    endloop
  endfacet
  facet normal 0 1 -0
    outer loop
      vertex 21.875 28.5 -12.4306
      vertex 1.8487 28.5 -1.53489
      vertex 21.9675 28.5 -12.1581
    endloop
  endfacet
  facet normal 0 1 0
    outer loop
      vertex 1.8487 28.5 -1.53489
      vertex 21.875 28.5 -12.4306
      vertex 1.70208 28.5 -1.70208
    endloop
  endfacet
  facet normal 0 1 -0
    outer loop
      vertex 21.8188 28.5 -12.7128
      vertex 1.70208 28.5 -1.70208
      vertex 21.875 28.5 -12.4306
    endloop
  endfacet
  facet normal 0 1 0
    outer loop
      vertex 1.70208 28.5 -1.70208
      vertex 21.8188 28.5 -12.7128
      vertex 1.53489 28.5 -1.8487
    endloop
  endfacet
  facet normal 0 1 -0
    outer loop
      vertex 21.8 28.5 -13
      vertex 1.53489 28.5 -1.8487
      vertex 21.8188 28.5 -12.7128
    endloop
  endfacet
  facet normal 0 1 0
    outer loop
      vertex 1.53489 28.5 -1.8487
      vertex 21.8 28.5 -13
      vertex 1.35 28.5 -1.97224
    endloop
  endfacet
  facet normal 0 1 -0
    outer loop
      vertex 20.2761 28.5 -20.85
      vertex 1.35 28.5 -1.97224
      vertex 21.8 28.5 -13
    endloop
  endfacet
  facet normal 0 1 0
    outer loop
      vertex 1.35 28.5 -1.97224
      vertex 20.2761 28.5 -20.85
      vertex 1.15056 28.5 -2.07059
    endloop
  endfacet
  facet normal 0 1 -0
    outer loop
      vertex 20.0273 28.5 -21.3545
      vertex 1.15056 28.5 -2.07059
      vertex 20.2761 28.5 -20.85
    endloop
  endfacet
  facet normal 0 1 0
    outer loop
      vertex 1.15056 28.5 -2.07059
      vertex 20.0273 28.5 -21.3545
      vertex 0.939992 28.5 -2.14207
    endloop
  endfacet
  facet normal 0 1 -0
    outer loop
      vertex 19.8465 28.5 -21.8871
      vertex 0.939992 28.5 -2.14207
      vertex 20.0273 28.5 -21.3545
    endloop
  endfacet
  facet normal 0 1 0
    outer loop
      vertex 0.939992 28.5 -2.14207
      vertex 19.8465 28.5 -21.8871
      vertex 0.721894 28.5 -2.18546
    endloop
  endfacet
  facet normal 0 1 -0
    outer loop
      vertex 19.7368 28.5 -22.4387
      vertex 0.721894 28.5 -2.18546
      vertex 19.8465 28.5 -21.8871
    endloop
  endfacet
  facet normal 0 1 0
    outer loop
      vertex 21.3823 28.5 -19.5886
      vertex 21.8 28.5 -13
      vertex 21.8 28.5 -19.3095
    endloop
  endfacet
  facet normal 0 1 0
    outer loop
      vertex 20.9594 28.5 -19.9594
      vertex 21.8 28.5 -13
      vertex 21.3823 28.5 -19.5886
    endloop
  endfacet
  facet normal 0 1 0
    outer loop
      vertex 20.5886 28.5 -20.3823
      vertex 21.8 28.5 -13
      vertex 20.9594 28.5 -19.9594
    endloop
  endfacet
  facet normal 0 1 0
    outer loop
      vertex 20.2761 28.5 -20.85
      vertex 21.8 28.5 -13
      vertex 20.5886 28.5 -20.3823
    endloop
  endfacet
  facet normal 0 1 0
    outer loop
      vertex 0.721894 28.5 -2.18546
      vertex 19.7368 28.5 -22.4387
      vertex 0.5 28.5 -2.2
    endloop
  endfacet
  facet normal 0 1 -0
    outer loop
      vertex 19.7 28.5 -23
      vertex 0.5 28.5 -2.2
      vertex 19.7368 28.5 -22.4387
    endloop
  endfacet
  facet normal 0 1 0
    outer loop
      vertex 0.5 28.5 -2.2
      vertex 19.7 28.5 -23
      vertex 0.278105 28.5 -2.18546
    endloop
  endfacet
  facet normal 0 1 0
    outer loop
      vertex 19.7368 28.5 -23.5613
      vertex 0.278105 28.5 -2.18546
      vertex 19.7 28.5 -23
    endloop
  endfacet
  facet normal 0 1 0
    outer loop
      vertex 0.278105 28.5 -2.18546
      vertex 19.7368 28.5 -23.5613
      vertex 0.0600071 28.5 -2.14207
    endloop
  endfacet
  facet normal 0 1 0
    outer loop
      vertex 19.8465 28.5 -24.1129
      vertex 0.0600071 28.5 -2.14207
      vertex 19.7368 28.5 -23.5613
    endloop
  endfacet
  facet normal 0 1 0
    outer loop
      vertex -0.150561 28.5 -2.07059
      vertex 19.8465 28.5 -24.1129
      vertex -7.8 28.5 -0.2
    endloop
  endfacet
  facet normal 0 1 0
    outer loop
      vertex 20.0273 28.5 -24.6455
      vertex -7.8 28.5 -0.2
      vertex 19.8465 28.5 -24.1129
    endloop
  endfacet
  facet normal 0 1 0
    outer loop
      vertex 20.2761 28.5 -25.15
      vertex -7.8 28.5 -0.2
      vertex 20.0273 28.5 -24.6455
    endloop
  endfacet
  facet normal 0 1 0
    outer loop
      vertex -7.8 28.5 -114.8
      vertex 20.2761 28.5 -25.15
      vertex 20.5886 28.5 -25.6177
    endloop
  endfacet
  facet normal 0 1 0
    outer loop
      vertex -7.8 28.5 -114.8
      vertex 20.5886 28.5 -25.6177
      vertex 20.9594 28.5 -26.0406
    endloop
  endfacet
  facet normal 0 1 0
    outer loop
      vertex 129.027 28.5 -24.6455
      vertex 122 28.5 -36.65
      vertex 121.824 28.5 -36.6615
    endloop
  endfacet
  facet normal 0 1 0
    outer loop
      vertex 128.847 28.5 -24.1129
      vertex 121.824 28.5 -36.6615
      vertex 121.651 28.5 -36.696
    endloop
  endfacet
  facet normal 0 1 0
    outer loop
      vertex 128.847 28.5 -24.1129
      vertex 121.651 28.5 -36.696
      vertex 121.483 28.5 -36.7528
    endloop
  endfacet
  facet normal 0 1 0
    outer loop
      vertex 128.737 28.5 -23.5613
      vertex 121.483 28.5 -36.7528
      vertex 121.325 28.5 -36.8309
    endloop
  endfacet
  facet normal 0 1 0
    outer loop
      vertex 120.662 28.5 -38.1762
      vertex 27.9727 28.5 -24.6455
      vertex 120.65 28.5 -38
    endloop
  endfacet
  facet normal 0 1 -0
    outer loop
      vertex 120.662 28.5 -46.8238
      vertex 27.9727 28.5 -24.6455
      vertex 120.662 28.5 -38.1762
    endloop
  endfacet
  facet normal 0 1 -0
    outer loop
      vertex 120.65 28.5 -47
      vertex 27.9727 28.5 -24.6455
      vertex 120.662 28.5 -46.8238
    endloop
  endfacet
  facet normal 0 1 0
    outer loop
      vertex 27.9727 28.5 -24.6455
      vertex 120.65 28.5 -47
      vertex 27.7239 28.5 -25.15
    endloop
  endfacet
  facet normal 0 1 0
    outer loop
      vertex 120.662 28.5 -47.1762
      vertex 27.7239 28.5 -25.15
      vertex 120.65 28.5 -47
    endloop
  endfacet
  facet normal 0 1 -0
    outer loop
      vertex 120.662 28.5 -55.8238
      vertex 27.7239 28.5 -25.15
      vertex 120.662 28.5 -47.1762
    endloop
  endfacet
  facet normal 0 1 -0
    outer loop
      vertex 120.65 28.5 -56
      vertex 27.7239 28.5 -25.15
      vertex 120.662 28.5 -55.8238
    endloop
  endfacet
  facet normal 0 1 0
    outer loop
      vertex 27.7239 28.5 -25.15
      vertex 120.65 28.5 -56
      vertex 27.4114 28.5 -25.6177
    endloop
  endfacet
  facet normal 0 1 0
    outer loop
      vertex 120.662 28.5 -56.1762
      vertex 27.4114 28.5 -25.6177
      vertex 120.65 28.5 -56
    endloop
  endfacet
  facet normal 0 1 -0
    outer loop
      vertex 120.662 28.5 -64.8238
      vertex 27.4114 28.5 -25.6177
      vertex 120.662 28.5 -56.1762
    endloop
  endfacet
  facet normal 0 1 0
    outer loop
      vertex 27.4114 28.5 -25.6177
      vertex 120.662 28.5 -64.8238
      vertex 27.0406 28.5 -26.0406
    endloop
  endfacet
  facet normal 0 1 0
    outer loop
      vertex 120.662 28.5 -46.8238
      vertex 120.662 28.5 -38.1762
      vertex 120.696 28.5 -38.3494
    endloop
  endfacet
  facet normal 0 1 0
    outer loop
      vertex 120.696 28.5 -46.6506
      vertex 120.696 28.5 -38.3494
      vertex 120.753 28.5 -38.5166
    endloop
  endfacet
  facet normal 0 1 0
    outer loop
      vertex 120.753 28.5 -46.4834
      vertex 120.753 28.5 -38.5166
      vertex 120.831 28.5 -38.675
    endloop
  endfacet
  facet normal 0 1 0
    outer loop
      vertex 120.831 28.5 -46.325
      vertex 120.831 28.5 -38.675
      vertex 120.929 28.5 -38.8218
    endloop
  endfacet
  facet normal 0 1 0
    outer loop
      vertex 120.929 28.5 -46.1782
      vertex 120.929 28.5 -38.8218
      vertex 121.045 28.5 -38.9546
    endloop
  endfacet
  facet normal 0 1 0
    outer loop
      vertex 121.045 28.5 -46.0454
      vertex 121.045 28.5 -38.9546
      vertex 121.178 28.5 -39.071
    endloop
  endfacet
  facet normal 0 1 0
    outer loop
      vertex 121.178 28.5 -45.929
      vertex 121.178 28.5 -39.071
      vertex 121.325 28.5 -39.1691
    endloop
  endfacet
  facet normal 0 1 0
    outer loop
      vertex 121.325 28.5 -45.8309
      vertex 121.325 28.5 -39.1691
      vertex 121.483 28.5 -39.2472
    endloop
  endfacet
  facet normal 0 1 0
    outer loop
      vertex 121.483 28.5 -45.7528
      vertex 121.483 28.5 -39.2472
      vertex 121.651 28.5 -39.304
    endloop
  endfacet
  facet normal 0 1 0
    outer loop
      vertex 121.651 28.5 -45.696
      vertex 121.651 28.5 -39.304
      vertex 121.824 28.5 -39.3385
    endloop
  endfacet
  facet normal 0 1 0
    outer loop
      vertex 122 28.5 -45.65
      vertex 122 28.5 -39.35
      vertex 138 28.5 -45.65
    endloop
  endfacet
  facet normal 0 1 0
    outer loop
      vertex 122 28.5 -39.35
      vertex 122 28.5 -45.65
      vertex 121.824 28.5 -39.3385
    endloop
  endfacet
  facet normal 0 1 0
    outer loop
      vertex 121.824 28.5 -45.6615
      vertex 121.824 28.5 -39.3385
      vertex 122 28.5 -45.65
    endloop
  endfacet
  facet normal 0 1 0
    outer loop
      vertex 121.651 28.5 -45.696
      vertex 121.824 28.5 -39.3385
      vertex 121.824 28.5 -45.6615
    endloop
  endfacet
  facet normal 0 1 0
    outer loop
      vertex 121.651 28.5 -39.304
      vertex 121.651 28.5 -45.696
      vertex 121.483 28.5 -45.7528
    endloop
  endfacet
  facet normal 0 1 0
    outer loop
      vertex 121.483 28.5 -39.2472
      vertex 121.483 28.5 -45.7528
      vertex 121.325 28.5 -45.8309
    endloop
  endfacet
  facet normal 0 1 0
    outer loop
      vertex 121.325 28.5 -39.1691
      vertex 121.325 28.5 -45.8309
      vertex 121.178 28.5 -45.929
    endloop
  endfacet
  facet normal 0 1 0
    outer loop
      vertex 121.178 28.5 -39.071
      vertex 121.178 28.5 -45.929
      vertex 121.045 28.5 -46.0454
    endloop
  endfacet
  facet normal 0 1 0
    outer loop
      vertex 121.045 28.5 -38.9546
      vertex 121.045 28.5 -46.0454
      vertex 120.929 28.5 -46.1782
    endloop
  endfacet
  facet normal 0 1 0
    outer loop
      vertex 120.929 28.5 -38.8218
      vertex 120.929 28.5 -46.1782
      vertex 120.831 28.5 -46.325
    endloop
  endfacet
  facet normal 0 1 0
    outer loop
      vertex 120.831 28.5 -38.675
      vertex 120.831 28.5 -46.325
      vertex 120.753 28.5 -46.4834
    endloop
  endfacet
  facet normal 0 1 0
    outer loop
      vertex 120.753 28.5 -38.5166
      vertex 120.753 28.5 -46.4834
      vertex 120.696 28.5 -46.6506
    endloop
  endfacet
  facet normal 0 1 0
    outer loop
      vertex 120.696 28.5 -38.3494
      vertex 120.696 28.5 -46.6506
      vertex 120.662 28.5 -46.8238
    endloop
  endfacet
  facet normal 0 1 -0
    outer loop
      vertex 120.65 28.5 -65
      vertex 27.0406 28.5 -26.0406
      vertex 120.662 28.5 -64.8238
    endloop
  endfacet
  facet normal 0 1 0
    outer loop
      vertex 27.0406 28.5 -26.0406
      vertex 120.65 28.5 -65
      vertex 26.6177 28.5 -26.4114
    endloop
  endfacet
  facet normal 0 1 0
    outer loop
      vertex 120.662 28.5 -65.1762
      vertex 26.6177 28.5 -26.4114
      vertex 120.65 28.5 -65
    endloop
  endfacet
  facet normal 0 1 -0
    outer loop
      vertex 120.662 28.5 -73.8238
      vertex 26.6177 28.5 -26.4114
      vertex 120.662 28.5 -65.1762
    endloop
  endfacet
  facet normal 0 1 0
    outer loop
      vertex 120.662 28.5 -55.8238
      vertex 120.662 28.5 -47.1762
      vertex 120.696 28.5 -47.3494
    endloop
  endfacet
  facet normal 0 1 0
    outer loop
      vertex 120.696 28.5 -55.6506
      vertex 120.696 28.5 -47.3494
      vertex 120.753 28.5 -47.5166
    endloop
  endfacet
  facet normal 0 1 0
    outer loop
      vertex 120.753 28.5 -55.4834
      vertex 120.753 28.5 -47.5166
      vertex 120.831 28.5 -47.675
    endloop
  endfacet
  facet normal 0 1 0
    outer loop
      vertex 120.831 28.5 -55.325
      vertex 120.831 28.5 -47.675
      vertex 120.929 28.5 -47.8218
    endloop
  endfacet
  facet normal 0 1 0
    outer loop
      vertex 120.929 28.5 -55.1782
      vertex 120.929 28.5 -47.8218
      vertex 121.045 28.5 -47.9546
    endloop
  endfacet
  facet normal 0 1 0
    outer loop
      vertex 121.045 28.5 -55.0454
      vertex 121.045 28.5 -47.9546
      vertex 121.178 28.5 -48.071
    endloop
  endfacet
  facet normal 0 1 0
    outer loop
      vertex 121.178 28.5 -54.929
      vertex 121.178 28.5 -48.071
      vertex 121.325 28.5 -48.1691
    endloop
  endfacet
  facet normal 0 1 0
    outer loop
      vertex 121.325 28.5 -54.8309
      vertex 121.325 28.5 -48.1691
      vertex 121.483 28.5 -48.2472
    endloop
  endfacet
  facet normal 0 1 0
    outer loop
      vertex 121.483 28.5 -54.7528
      vertex 121.483 28.5 -48.2472
      vertex 121.651 28.5 -48.304
    endloop
  endfacet
  facet normal 0 1 0
    outer loop
      vertex 122 28.5 -54.65
      vertex 122 28.5 -48.35
      vertex 138 28.5 -54.65
    endloop
  endfacet
  facet normal 0 1 0
    outer loop
      vertex 122 28.5 -48.35
      vertex 122 28.5 -54.65
      vertex 121.824 28.5 -48.3385
    endloop
  endfacet
  facet normal 0 1 0
    outer loop
      vertex 121.824 28.5 -54.6615
      vertex 121.824 28.5 -48.3385
      vertex 122 28.5 -54.65
    endloop
  endfacet
  facet normal 0 1 0
    outer loop
      vertex 121.824 28.5 -48.3385
      vertex 121.824 28.5 -54.6615
      vertex 121.651 28.5 -48.304
    endloop
  endfacet
  facet normal 0 1 0
    outer loop
      vertex 121.651 28.5 -54.696
      vertex 121.651 28.5 -48.304
      vertex 121.824 28.5 -54.6615
    endloop
  endfacet
  facet normal 0 1 0
    outer loop
      vertex 121.483 28.5 -54.7528
      vertex 121.651 28.5 -48.304
      vertex 121.651 28.5 -54.696
    endloop
  endfacet
  facet normal 0 1 0
    outer loop
      vertex 121.483 28.5 -48.2472
      vertex 121.483 28.5 -54.7528
      vertex 121.325 28.5 -54.8309
    endloop
  endfacet
  facet normal 0 1 0
    outer loop
      vertex 121.325 28.5 -48.1691
      vertex 121.325 28.5 -54.8309
      vertex 121.178 28.5 -54.929
    endloop
  endfacet
  facet normal 0 1 0
    outer loop
      vertex 121.178 28.5 -48.071
      vertex 121.178 28.5 -54.929
      vertex 121.045 28.5 -55.0454
    endloop
  endfacet
  facet normal 0 1 0
    outer loop
      vertex 121.045 28.5 -47.9546
      vertex 121.045 28.5 -55.0454
      vertex 120.929 28.5 -55.1782
    endloop
  endfacet
  facet normal 0 1 0
    outer loop
      vertex 120.929 28.5 -47.8218
      vertex 120.929 28.5 -55.1782
      vertex 120.831 28.5 -55.325
    endloop
  endfacet
  facet normal 0 1 0
    outer loop
      vertex 120.831 28.5 -47.675
      vertex 120.831 28.5 -55.325
      vertex 120.753 28.5 -55.4834
    endloop
  endfacet
  facet normal 0 1 0
    outer loop
      vertex 120.753 28.5 -47.5166
      vertex 120.753 28.5 -55.4834
      vertex 120.696 28.5 -55.6506
    endloop
  endfacet
  facet normal 0 1 0
    outer loop
      vertex 120.696 28.5 -47.3494
      vertex 120.696 28.5 -55.6506
      vertex 120.662 28.5 -55.8238
    endloop
  endfacet
  facet normal 0 1 -0
    outer loop
      vertex 120.65 28.5 -74
      vertex 26.6177 28.5 -26.4114
      vertex 120.662 28.5 -73.8238
    endloop
  endfacet
  facet normal 0 1 0
    outer loop
      vertex 26.6177 28.5 -26.4114
      vertex 120.65 28.5 -74
      vertex 26.15 28.5 -26.7239
    endloop
  endfacet
  facet normal 0 1 0
    outer loop
      vertex 120.662 28.5 -74.1762
      vertex 26.15 28.5 -26.7239
      vertex 120.65 28.5 -74
    endloop
  endfacet
  facet normal 0 1 0
    outer loop
      vertex 120.662 28.5 -64.8238
      vertex 120.662 28.5 -56.1762
      vertex 120.696 28.5 -56.3494
    endloop
  endfacet
  facet normal 0 1 0
    outer loop
      vertex 120.696 28.5 -64.6506
      vertex 120.696 28.5 -56.3494
      vertex 120.753 28.5 -56.5166
    endloop
  endfacet
  facet normal 0 1 0
    outer loop
      vertex 120.753 28.5 -64.4834
      vertex 120.753 28.5 -56.5166
      vertex 120.831 28.5 -56.675
    endloop
  endfacet
  facet normal 0 1 0
    outer loop
      vertex 120.831 28.5 -64.325
      vertex 120.831 28.5 -56.675
      vertex 120.929 28.5 -56.8218
    endloop
  endfacet
  facet normal 0 1 0
    outer loop
      vertex 120.929 28.5 -64.1782
      vertex 120.929 28.5 -56.8218
      vertex 121.045 28.5 -56.9546
    endloop
  endfacet
  facet normal 0 1 0
    outer loop
      vertex 121.045 28.5 -64.0454
      vertex 121.045 28.5 -56.9546
      vertex 121.178 28.5 -57.071
    endloop
  endfacet
  facet normal 0 1 0
    outer loop
      vertex 121.178 28.5 -63.929
      vertex 121.178 28.5 -57.071
      vertex 121.325 28.5 -57.1691
    endloop
  endfacet
  facet normal 0 1 0
    outer loop
      vertex 121.325 28.5 -63.8309
      vertex 121.325 28.5 -57.1691
      vertex 121.483 28.5 -57.2472
    endloop
  endfacet
  facet normal 0 1 0
    outer loop
      vertex 121.483 28.5 -63.7528
      vertex 121.483 28.5 -57.2472
      vertex 121.651 28.5 -57.304
    endloop
  endfacet
  facet normal 0 1 0
    outer loop
      vertex 122 28.5 -63.65
      vertex 122 28.5 -57.35
      vertex 138 28.5 -63.65
    endloop
  endfacet
  facet normal 0 1 0
    outer loop
      vertex 122 28.5 -57.35
      vertex 122 28.5 -63.65
      vertex 121.824 28.5 -57.3385
    endloop
  endfacet
  facet normal 0 1 0
    outer loop
      vertex 121.824 28.5 -63.6615
      vertex 121.824 28.5 -57.3385
      vertex 122 28.5 -63.65
    endloop
  endfacet
  facet normal 0 1 0
    outer loop
      vertex 121.824 28.5 -57.3385
      vertex 121.824 28.5 -63.6615
      vertex 121.651 28.5 -57.304
    endloop
  endfacet
  facet normal 0 1 0
    outer loop
      vertex 121.651 28.5 -63.696
      vertex 121.651 28.5 -57.304
      vertex 121.824 28.5 -63.6615
    endloop
  endfacet
  facet normal 0 1 0
    outer loop
      vertex 121.483 28.5 -63.7528
      vertex 121.651 28.5 -57.304
      vertex 121.651 28.5 -63.696
    endloop
  endfacet
  facet normal 0 1 0
    outer loop
      vertex 121.483 28.5 -57.2472
      vertex 121.483 28.5 -63.7528
      vertex 121.325 28.5 -63.8309
    endloop
  endfacet
  facet normal 0 1 0
    outer loop
      vertex 121.325 28.5 -57.1691
      vertex 121.325 28.5 -63.8309
      vertex 121.178 28.5 -63.929
    endloop
  endfacet
  facet normal 0 1 0
    outer loop
      vertex 121.178 28.5 -57.071
      vertex 121.178 28.5 -63.929
      vertex 121.045 28.5 -64.0454
    endloop
  endfacet
  facet normal 0 1 0
    outer loop
      vertex 121.045 28.5 -56.9546
      vertex 121.045 28.5 -64.0454
      vertex 120.929 28.5 -64.1782
    endloop
  endfacet
  facet normal 0 1 0
    outer loop
      vertex 120.929 28.5 -56.8218
      vertex 120.929 28.5 -64.1782
      vertex 120.831 28.5 -64.325
    endloop
  endfacet
  facet normal 0 1 0
    outer loop
      vertex 120.831 28.5 -56.675
      vertex 120.831 28.5 -64.325
      vertex 120.753 28.5 -64.4834
    endloop
  endfacet
  facet normal 0 1 0
    outer loop
      vertex 120.753 28.5 -56.5166
      vertex 120.753 28.5 -64.4834
      vertex 120.696 28.5 -64.6506
    endloop
  endfacet
  facet normal 0 1 0
    outer loop
      vertex 120.696 28.5 -56.3494
      vertex 120.696 28.5 -64.6506
      vertex 120.662 28.5 -64.8238
    endloop
  endfacet
  facet normal 0 1 -0
    outer loop
      vertex 120.662 28.5 -82.8238
      vertex 26.15 28.5 -26.7239
      vertex 120.662 28.5 -74.1762
    endloop
  endfacet
  facet normal 0 1 -0
    outer loop
      vertex 120.65 28.5 -83
      vertex 26.15 28.5 -26.7239
      vertex 120.662 28.5 -82.8238
    endloop
  endfacet
  facet normal 0 1 0
    outer loop
      vertex 0.5 28.5 -112.8
      vertex 26.15 28.5 -26.7239
      vertex 120.65 28.5 -83
    endloop
  endfacet
  facet normal 0 1 0
    outer loop
      vertex 26.15 28.5 -26.7239
      vertex 0.5 28.5 -112.8
      vertex 25.6455 28.5 -26.9727
    endloop
  endfacet
  facet normal 0 1 0
    outer loop
      vertex 120.662 28.5 -73.8238
      vertex 120.662 28.5 -65.1762
      vertex 120.696 28.5 -65.3494
    endloop
  endfacet
  facet normal 0 1 0
    outer loop
      vertex 120.696 28.5 -73.6506
      vertex 120.696 28.5 -65.3494
      vertex 120.753 28.5 -65.5166
    endloop
  endfacet
  facet normal 0 1 0
    outer loop
      vertex 120.753 28.5 -73.4834
      vertex 120.753 28.5 -65.5166
      vertex 120.831 28.5 -65.675
    endloop
  endfacet
  facet normal 0 1 0
    outer loop
      vertex 120.831 28.5 -73.325
      vertex 120.831 28.5 -65.675
      vertex 120.929 28.5 -65.8218
    endloop
  endfacet
  facet normal 0 1 0
    outer loop
      vertex 120.929 28.5 -73.1782
      vertex 120.929 28.5 -65.8218
      vertex 121.045 28.5 -65.9546
    endloop
  endfacet
  facet normal 0 1 0
    outer loop
      vertex 121.045 28.5 -73.0454
      vertex 121.045 28.5 -65.9546
      vertex 121.178 28.5 -66.071
    endloop
  endfacet
  facet normal 0 1 0
    outer loop
      vertex 121.178 28.5 -72.929
      vertex 121.178 28.5 -66.071
      vertex 121.325 28.5 -66.1691
    endloop
  endfacet
  facet normal 0 1 0
    outer loop
      vertex 121.325 28.5 -72.8309
      vertex 121.325 28.5 -66.1691
      vertex 121.483 28.5 -66.2472
    endloop
  endfacet
  facet normal 0 1 0
    outer loop
      vertex 122 28.5 -72.65
      vertex 122 28.5 -66.35
      vertex 138 28.5 -72.65
    endloop
  endfacet
  facet normal 0 1 0
    outer loop
      vertex 122 28.5 -66.35
      vertex 122 28.5 -72.65
      vertex 121.824 28.5 -66.3384
    endloop
  endfacet
  facet normal 0 1 0
    outer loop
      vertex 121.824 28.5 -72.6615
      vertex 121.824 28.5 -66.3384
      vertex 122 28.5 -72.65
    endloop
  endfacet
  facet normal 0 1 0
    outer loop
      vertex 121.824 28.5 -66.3384
      vertex 121.824 28.5 -72.6615
      vertex 121.651 28.5 -66.304
    endloop
  endfacet
  facet normal 0 1 0
    outer loop
      vertex 121.651 28.5 -72.696
      vertex 121.651 28.5 -66.304
      vertex 121.824 28.5 -72.6615
    endloop
  endfacet
  facet normal 0 1 0
    outer loop
      vertex 121.651 28.5 -66.304
      vertex 121.651 28.5 -72.696
      vertex 121.483 28.5 -66.2472
    endloop
  endfacet
  facet normal 0 1 0
    outer loop
      vertex 121.483 28.5 -72.7528
      vertex 121.483 28.5 -66.2472
      vertex 121.651 28.5 -72.696
    endloop
  endfacet
  facet normal 0 1 0
    outer loop
      vertex 121.325 28.5 -72.8309
      vertex 121.483 28.5 -66.2472
      vertex 121.483 28.5 -72.7528
    endloop
  endfacet
  facet normal 0 1 0
    outer loop
      vertex 121.325 28.5 -66.1691
      vertex 121.325 28.5 -72.8309
      vertex 121.178 28.5 -72.929
    endloop
  endfacet
  facet normal 0 1 0
    outer loop
      vertex 121.178 28.5 -66.071
      vertex 121.178 28.5 -72.929
      vertex 121.045 28.5 -73.0454
    endloop
  endfacet
  facet normal 0 1 0
    outer loop
      vertex 121.045 28.5 -65.9546
      vertex 121.045 28.5 -73.0454
      vertex 120.929 28.5 -73.1782
    endloop
  endfacet
  facet normal 0 1 0
    outer loop
      vertex 120.929 28.5 -65.8218
      vertex 120.929 28.5 -73.1782
      vertex 120.831 28.5 -73.325
    endloop
  endfacet
  facet normal 0 1 0
    outer loop
      vertex 120.831 28.5 -65.675
      vertex 120.831 28.5 -73.325
      vertex 120.753 28.5 -73.4834
    endloop
  endfacet
  facet normal 0 1 0
    outer loop
      vertex 120.753 28.5 -65.5166
      vertex 120.753 28.5 -73.4834
      vertex 120.696 28.5 -73.6506
    endloop
  endfacet
  facet normal 0 1 0
    outer loop
      vertex 120.696 28.5 -65.3494
      vertex 120.696 28.5 -73.6506
      vertex 120.662 28.5 -73.8238
    endloop
  endfacet
  facet normal 0 1 0
    outer loop
      vertex 25.6455 28.5 -26.9727
      vertex 0.5 28.5 -112.8
      vertex 25.1129 28.5 -27.1535
    endloop
  endfacet
  facet normal 0 1 0
    outer loop
      vertex 25.1129 28.5 -27.1535
      vertex 0.5 28.5 -112.8
      vertex 24.5613 28.5 -27.2632
    endloop
  endfacet
  facet normal 0 1 0
    outer loop
      vertex 24.5613 28.5 -27.2632
      vertex 0.5 28.5 -112.8
      vertex 24 28.5 -27.3
    endloop
  endfacet
  facet normal 0 1 0
    outer loop
      vertex 120.662 28.5 -82.8238
      vertex 120.662 28.5 -74.1762
      vertex 120.696 28.5 -74.3494
    endloop
  endfacet
  facet normal 0 1 0
    outer loop
      vertex 120.696 28.5 -82.6506
      vertex 120.696 28.5 -74.3494
      vertex 120.753 28.5 -74.5166
    endloop
  endfacet
  facet normal 0 1 0
    outer loop
      vertex 120.753 28.5 -82.4834
      vertex 120.753 28.5 -74.5166
      vertex 120.831 28.5 -74.675
    endloop
  endfacet
  facet normal 0 1 0
    outer loop
      vertex 120.831 28.5 -82.325
      vertex 120.831 28.5 -74.675
      vertex 120.929 28.5 -74.8218
    endloop
  endfacet
  facet normal 0 1 0
    outer loop
      vertex 120.929 28.5 -82.1782
      vertex 120.929 28.5 -74.8218
      vertex 121.045 28.5 -74.9546
    endloop
  endfacet
  facet normal 0 1 0
    outer loop
      vertex 121.045 28.5 -82.0454
      vertex 121.045 28.5 -74.9546
      vertex 121.178 28.5 -75.071
    endloop
  endfacet
  facet normal 0 1 0
    outer loop
      vertex 121.178 28.5 -81.929
      vertex 121.178 28.5 -75.071
      vertex 121.325 28.5 -75.1691
    endloop
  endfacet
  facet normal 0 1 0
    outer loop
      vertex 121.325 28.5 -81.8309
      vertex 121.325 28.5 -75.1691
      vertex 121.483 28.5 -75.2472
    endloop
  endfacet
  facet normal 0 1 0
    outer loop
      vertex 122 28.5 -81.65
      vertex 122 28.5 -75.35
      vertex 138 28.5 -81.65
    endloop
  endfacet
  facet normal 0 1 0
    outer loop
      vertex 122 28.5 -75.35
      vertex 122 28.5 -81.65
      vertex 121.824 28.5 -75.3384
    endloop
  endfacet
  facet normal 0 1 0
    outer loop
      vertex 121.824 28.5 -81.6615
      vertex 121.824 28.5 -75.3384
      vertex 122 28.5 -81.65
    endloop
  endfacet
  facet normal 0 1 0
    outer loop
      vertex 121.824 28.5 -75.3384
      vertex 121.824 28.5 -81.6615
      vertex 121.651 28.5 -75.304
    endloop
  endfacet
  facet normal 0 1 0
    outer loop
      vertex 121.651 28.5 -81.696
      vertex 121.651 28.5 -75.304
      vertex 121.824 28.5 -81.6615
    endloop
  endfacet
  facet normal 0 1 0
    outer loop
      vertex 121.651 28.5 -75.304
      vertex 121.651 28.5 -81.696
      vertex 121.483 28.5 -75.2472
    endloop
  endfacet
  facet normal 0 1 0
    outer loop
      vertex 121.483 28.5 -81.7528
      vertex 121.483 28.5 -75.2472
      vertex 121.651 28.5 -81.696
    endloop
  endfacet
  facet normal 0 1 0
    outer loop
      vertex 121.325 28.5 -81.8309
      vertex 121.483 28.5 -75.2472
      vertex 121.483 28.5 -81.7528
    endloop
  endfacet
  facet normal 0 1 0
    outer loop
      vertex 121.325 28.5 -75.1691
      vertex 121.325 28.5 -81.8309
      vertex 121.178 28.5 -81.929
    endloop
  endfacet
  facet normal 0 1 0
    outer loop
      vertex 121.178 28.5 -75.071
      vertex 121.178 28.5 -81.929
      vertex 121.045 28.5 -82.0454
    endloop
  endfacet
  facet normal 0 1 0
    outer loop
      vertex 121.045 28.5 -74.9546
      vertex 121.045 28.5 -82.0454
      vertex 120.929 28.5 -82.1782
    endloop
  endfacet
  facet normal 0 1 0
    outer loop
      vertex 120.929 28.5 -74.8218
      vertex 120.929 28.5 -82.1782
      vertex 120.831 28.5 -82.325
    endloop
  endfacet
  facet normal 0 1 0
    outer loop
      vertex 120.831 28.5 -74.675
      vertex 120.831 28.5 -82.325
      vertex 120.753 28.5 -82.4834
    endloop
  endfacet
  facet normal 0 1 0
    outer loop
      vertex 120.753 28.5 -74.5166
      vertex 120.753 28.5 -82.4834
      vertex 120.696 28.5 -82.6506
    endloop
  endfacet
  facet normal 0 1 0
    outer loop
      vertex 120.696 28.5 -74.3494
      vertex 120.696 28.5 -82.6506
      vertex 120.662 28.5 -82.8238
    endloop
  endfacet
  facet normal 0 1 0
    outer loop
      vertex 24 28.5 -27.3
      vertex 0.5 28.5 -112.8
      vertex 23.4387 28.5 -27.2632
    endloop
  endfacet
  facet normal 0 1 0
    outer loop
      vertex 23.4387 28.5 -27.2632
      vertex 0.5 28.5 -112.8
      vertex 22.8871 28.5 -27.1535
    endloop
  endfacet
  facet normal 0 1 0
    outer loop
      vertex 22.8871 28.5 -27.1535
      vertex 0.5 28.5 -112.8
      vertex 22.3545 28.5 -26.9727
    endloop
  endfacet
  facet normal 0 1 0
    outer loop
      vertex 0.5 28.5 -112.8
      vertex 120.65 28.5 -83
      vertex 120.662 28.5 -83.1762
    endloop
  endfacet
  facet normal 0 1 0
    outer loop
      vertex 120.662 28.5 -91.8238
      vertex 120.662 28.5 -83.1762
      vertex 120.696 28.5 -83.3494
    endloop
  endfacet
  facet normal 0 1 0
    outer loop
      vertex 120.696 28.5 -91.6506
      vertex 120.696 28.5 -83.3494
      vertex 120.753 28.5 -83.5166
    endloop
  endfacet
  facet normal 0 1 0
    outer loop
      vertex 120.753 28.5 -91.4834
      vertex 120.753 28.5 -83.5166
      vertex 120.831 28.5 -83.675
    endloop
  endfacet
  facet normal 0 1 0
    outer loop
      vertex 120.831 28.5 -91.325
      vertex 120.831 28.5 -83.675
      vertex 120.929 28.5 -83.8218
    endloop
  endfacet
  facet normal 0 1 0
    outer loop
      vertex 120.929 28.5 -91.1782
      vertex 120.929 28.5 -83.8218
      vertex 121.045 28.5 -83.9546
    endloop
  endfacet
  facet normal 0 1 0
    outer loop
      vertex 121.045 28.5 -91.0454
      vertex 121.045 28.5 -83.9546
      vertex 121.178 28.5 -84.071
    endloop
  endfacet
  facet normal 0 1 0
    outer loop
      vertex 121.178 28.5 -90.929
      vertex 121.178 28.5 -84.071
      vertex 121.325 28.5 -84.1691
    endloop
  endfacet
  facet normal 0 1 0
    outer loop
      vertex 122 28.5 -90.65
      vertex 122 28.5 -84.35
      vertex 138 28.5 -90.65
    endloop
  endfacet
  facet normal 0 1 0
    outer loop
      vertex 122 28.5 -84.35
      vertex 122 28.5 -90.65
      vertex 121.824 28.5 -84.3384
    endloop
  endfacet
  facet normal 0 1 0
    outer loop
      vertex 121.824 28.5 -90.6615
      vertex 121.824 28.5 -84.3384
      vertex 122 28.5 -90.65
    endloop
  endfacet
  facet normal 0 1 0
    outer loop
      vertex 121.824 28.5 -84.3384
      vertex 121.824 28.5 -90.6615
      vertex 121.651 28.5 -84.304
    endloop
  endfacet
  facet normal 0 1 0
    outer loop
      vertex 121.651 28.5 -90.696
      vertex 121.651 28.5 -84.304
      vertex 121.824 28.5 -90.6615
    endloop
  endfacet
  facet normal 0 1 0
    outer loop
      vertex 121.651 28.5 -84.304
      vertex 121.651 28.5 -90.696
      vertex 121.483 28.5 -84.2472
    endloop
  endfacet
  facet normal 0 1 0
    outer loop
      vertex 121.483 28.5 -90.7528
      vertex 121.483 28.5 -84.2472
      vertex 121.651 28.5 -90.696
    endloop
  endfacet
  facet normal 0 1 0
    outer loop
      vertex 121.483 28.5 -84.2472
      vertex 121.483 28.5 -90.7528
      vertex 121.325 28.5 -84.1691
    endloop
  endfacet
  facet normal 0 1 0
    outer loop
      vertex 121.325 28.5 -90.8309
      vertex 121.325 28.5 -84.1691
      vertex 121.483 28.5 -90.7528
    endloop
  endfacet
  facet normal 0 1 0
    outer loop
      vertex 121.178 28.5 -90.929
      vertex 121.325 28.5 -84.1691
      vertex 121.325 28.5 -90.8309
    endloop
  endfacet
  facet normal 0 1 0
    outer loop
      vertex 121.178 28.5 -84.071
      vertex 121.178 28.5 -90.929
      vertex 121.045 28.5 -91.0454
    endloop
  endfacet
  facet normal 0 1 0
    outer loop
      vertex 121.045 28.5 -83.9546
      vertex 121.045 28.5 -91.0454
      vertex 120.929 28.5 -91.1782
    endloop
  endfacet
  facet normal 0 1 0
    outer loop
      vertex 120.929 28.5 -83.8218
      vertex 120.929 28.5 -91.1782
      vertex 120.831 28.5 -91.325
    endloop
  endfacet
  facet normal 0 1 0
    outer loop
      vertex 120.831 28.5 -83.675
      vertex 120.831 28.5 -91.325
      vertex 120.753 28.5 -91.4834
    endloop
  endfacet
  facet normal 0 1 0
    outer loop
      vertex 120.753 28.5 -83.5166
      vertex 120.753 28.5 -91.4834
      vertex 120.696 28.5 -91.6506
    endloop
  endfacet
  facet normal 0 1 0
    outer loop
      vertex 120.696 28.5 -83.3494
      vertex 120.696 28.5 -91.6506
      vertex 120.662 28.5 -91.8238
    endloop
  endfacet
  facet normal 0 1 0
    outer loop
      vertex 120.662 28.5 -83.1762
      vertex 120.662 28.5 -91.8238
      vertex 0.5 28.5 -112.8
    endloop
  endfacet
  facet normal 0 1 0
    outer loop
      vertex 0.5 28.5 -112.8
      vertex 120.662 28.5 -91.8238
      vertex 120.65 28.5 -92
    endloop
  endfacet
  facet normal 0 1 0
    outer loop
      vertex 0.5 28.5 -112.8
      vertex 120.65 28.5 -92
      vertex 120.662 28.5 -92.1762
    endloop
  endfacet
  facet normal 0 1 0
    outer loop
      vertex 120.662 28.5 -100.824
      vertex 120.662 28.5 -92.1762
      vertex 120.696 28.5 -92.3494
    endloop
  endfacet
  facet normal 0 1 0
    outer loop
      vertex 120.696 28.5 -100.651
      vertex 120.696 28.5 -92.3494
      vertex 120.753 28.5 -92.5166
    endloop
  endfacet
  facet normal 0 1 0
    outer loop
      vertex 120.753 28.5 -100.483
      vertex 120.753 28.5 -92.5166
      vertex 120.831 28.5 -92.675
    endloop
  endfacet
  facet normal 0 1 0
    outer loop
      vertex 120.831 28.5 -100.325
      vertex 120.831 28.5 -92.675
      vertex 120.929 28.5 -92.8218
    endloop
  endfacet
  facet normal 0 1 0
    outer loop
      vertex 120.929 28.5 -100.178
      vertex 120.929 28.5 -92.8218
      vertex 121.045 28.5 -92.9546
    endloop
  endfacet
  facet normal 0 1 0
    outer loop
      vertex 121.045 28.5 -100.045
      vertex 121.045 28.5 -92.9546
      vertex 121.178 28.5 -93.071
    endloop
  endfacet
  facet normal 0 1 0
    outer loop
      vertex 121.178 28.5 -99.929
      vertex 121.178 28.5 -93.071
      vertex 121.325 28.5 -93.1691
    endloop
  endfacet
  facet normal 0 1 0
    outer loop
      vertex 122 28.5 -99.65
      vertex 122 28.5 -93.35
      vertex 138 28.5 -99.65
    endloop
  endfacet
  facet normal 0 1 0
    outer loop
      vertex 122 28.5 -93.35
      vertex 122 28.5 -99.65
      vertex 121.824 28.5 -93.3384
    endloop
  endfacet
  facet normal 0 1 0
    outer loop
      vertex 121.824 28.5 -99.6615
      vertex 121.824 28.5 -93.3384
      vertex 122 28.5 -99.65
    endloop
  endfacet
  facet normal 0 1 0
    outer loop
      vertex 121.824 28.5 -93.3384
      vertex 121.824 28.5 -99.6615
      vertex 121.651 28.5 -93.304
    endloop
  endfacet
  facet normal 0 1 0
    outer loop
      vertex 121.651 28.5 -99.696
      vertex 121.651 28.5 -93.304
      vertex 121.824 28.5 -99.6615
    endloop
  endfacet
  facet normal 0 1 0
    outer loop
      vertex 121.651 28.5 -93.304
      vertex 121.651 28.5 -99.696
      vertex 121.483 28.5 -93.2472
    endloop
  endfacet
  facet normal 0 1 0
    outer loop
      vertex 121.483 28.5 -99.7528
      vertex 121.483 28.5 -93.2472
      vertex 121.651 28.5 -99.696
    endloop
  endfacet
  facet normal 0 1 0
    outer loop
      vertex 121.483 28.5 -93.2472
      vertex 121.483 28.5 -99.7528
      vertex 121.325 28.5 -93.1691
    endloop
  endfacet
  facet normal 0 1 0
    outer loop
      vertex 121.325 28.5 -99.8309
      vertex 121.325 28.5 -93.1691
      vertex 121.483 28.5 -99.7528
    endloop
  endfacet
  facet normal 0 1 0
    outer loop
      vertex 121.178 28.5 -99.929
      vertex 121.325 28.5 -93.1691
      vertex 121.325 28.5 -99.8309
    endloop
  endfacet
  facet normal 0 1 0
    outer loop
      vertex 121.178 28.5 -93.071
      vertex 121.178 28.5 -99.929
      vertex 121.045 28.5 -100.045
    endloop
  endfacet
  facet normal 0 1 0
    outer loop
      vertex 121.045 28.5 -92.9546
      vertex 121.045 28.5 -100.045
      vertex 120.929 28.5 -100.178
    endloop
  endfacet
  facet normal 0 1 0
    outer loop
      vertex 120.929 28.5 -92.8218
      vertex 120.929 28.5 -100.178
      vertex 120.831 28.5 -100.325
    endloop
  endfacet
  facet normal 0 1 0
    outer loop
      vertex 120.831 28.5 -92.675
      vertex 120.831 28.5 -100.325
      vertex 120.753 28.5 -100.483
    endloop
  endfacet
  facet normal 0 1 0
    outer loop
      vertex 120.753 28.5 -92.5166
      vertex 120.753 28.5 -100.483
      vertex 120.696 28.5 -100.651
    endloop
  endfacet
  facet normal 0 1 0
    outer loop
      vertex 120.696 28.5 -92.3494
      vertex 120.696 28.5 -100.651
      vertex 120.662 28.5 -100.824
    endloop
  endfacet
  facet normal 0 1 0
    outer loop
      vertex 22.3545 28.5 -26.9727
      vertex 0.5 28.5 -112.8
      vertex 21.85 28.5 -26.7239
    endloop
  endfacet
  facet normal 0 1 0
    outer loop
      vertex 120.662 28.5 -92.1762
      vertex 120.662 28.5 -100.824
      vertex 0.5 28.5 -112.8
    endloop
  endfacet
  facet normal 0 1 0
    outer loop
      vertex 0.5 28.5 -112.8
      vertex 120.662 28.5 -100.824
      vertex 120.65 28.5 -101
    endloop
  endfacet
  facet normal 0 1 0
    outer loop
      vertex 0.5 28.5 -112.8
      vertex 120.65 28.5 -101
      vertex 120.662 28.5 -101.176
    endloop
  endfacet
  facet normal 0 1 0
    outer loop
      vertex 0.5 28.5 -112.8
      vertex 120.662 28.5 -101.176
      vertex 120.696 28.5 -101.349
    endloop
  endfacet
  facet normal 0 1 0
    outer loop
      vertex 0.5 28.5 -112.8
      vertex 120.696 28.5 -101.349
      vertex 120.753 28.5 -101.517
    endloop
  endfacet
  facet normal 0 1 0
    outer loop
      vertex 0.5 28.5 -112.8
      vertex 120.753 28.5 -101.517
      vertex 120.831 28.5 -101.675
    endloop
  endfacet
  facet normal 0 1 0
    outer loop
      vertex 0.5 28.5 -112.8
      vertex 120.831 28.5 -101.675
      vertex 120.929 28.5 -101.822
    endloop
  endfacet
  facet normal 0 1 0
    outer loop
      vertex 0.5 28.5 -112.8
      vertex 120.929 28.5 -101.822
      vertex 121.045 28.5 -101.955
    endloop
  endfacet
  facet normal 0 1 0
    outer loop
      vertex 0.5 28.5 -112.8
      vertex 121.045 28.5 -101.955
      vertex 121.178 28.5 -102.071
    endloop
  endfacet
  facet normal 0 1 0
    outer loop
      vertex 139.071 28.5 -101.822
      vertex 155.028 28.5 -113.65
      vertex 138.955 28.5 -101.955
    endloop
  endfacet
  facet normal 0 1 -0
    outer loop
      vertex 154.929 28.5 -113.849
      vertex 138.955 28.5 -101.955
      vertex 155.028 28.5 -113.65
    endloop
  endfacet
  facet normal 0 1 0
    outer loop
      vertex 138.955 28.5 -101.955
      vertex 154.929 28.5 -113.849
      vertex 138.822 28.5 -102.071
    endloop
  endfacet
  facet normal 0 1 0
    outer loop
      vertex 0.5 28.5 -112.8
      vertex 121.483 28.5 -102.247
      vertex 121.651 28.5 -102.304
    endloop
  endfacet
  facet normal 0 1 0
    outer loop
      vertex 0.5 28.5 -112.8
      vertex 121.325 28.5 -102.169
      vertex 121.483 28.5 -102.247
    endloop
  endfacet
  facet normal 0 1 0
    outer loop
      vertex 0.5 28.5 -112.8
      vertex 121.178 28.5 -102.071
      vertex 121.325 28.5 -102.169
    endloop
  endfacet
  facet normal 0 1 0
    outer loop
      vertex 0.278105 28.5 -112.815
      vertex 21.85 28.5 -26.7239
      vertex 0.5 28.5 -112.8
    endloop
  endfacet
  facet normal 0 1 0
    outer loop
      vertex 21.85 28.5 -26.7239
      vertex 0.278105 28.5 -112.815
      vertex 21.3823 28.5 -26.4114
    endloop
  endfacet
  facet normal 0 1 0
    outer loop
      vertex 0.0600071 28.5 -112.858
      vertex 21.3823 28.5 -26.4114
      vertex 0.278105 28.5 -112.815
    endloop
  endfacet
  facet normal 0 1 0
    outer loop
      vertex 21.3823 28.5 -26.4114
      vertex 0.0600071 28.5 -112.858
      vertex 20.9594 28.5 -26.0406
    endloop
  endfacet
  facet normal 0 1 0
    outer loop
      vertex -7.8 28.5 -114.8
      vertex 20.9594 28.5 -26.0406
      vertex 0.0600071 28.5 -112.858
    endloop
  endfacet
  facet normal 0 1 0
    outer loop
      vertex -7.8 28.5 -114.8
      vertex 0.0600071 28.5 -112.858
      vertex -0.150561 28.5 -112.929
    endloop
  endfacet
  facet normal 0 1 0
    outer loop
      vertex -7.8 28.5 -114.8
      vertex -0.150561 28.5 -112.929
      vertex -0.349999 28.5 -113.028
    endloop
  endfacet
  facet normal 0 1 0
    outer loop
      vertex -7.8 28.5 -114.8
      vertex -0.349999 28.5 -113.028
      vertex -0.534894 28.5 -113.151
    endloop
  endfacet
  facet normal 0 1 0
    outer loop
      vertex -7.8 28.5 -114.8
      vertex -0.534894 28.5 -113.151
      vertex -0.702081 28.5 -113.298
    endloop
  endfacet
  facet normal 0 1 0
    outer loop
      vertex -7.8 28.5 -114.8
      vertex -0.702081 28.5 -113.298
      vertex -0.848701 28.5 -113.465
    endloop
  endfacet
  facet normal 0 1 0
    outer loop
      vertex -7.8 28.5 -114.8
      vertex -0.848701 28.5 -113.465
      vertex -0.972242 28.5 -113.65
    endloop
  endfacet
  facet normal 0 1 0
    outer loop
      vertex -7.8 28.5 -114.8
      vertex -0.972242 28.5 -113.65
      vertex -1.07059 28.5 -113.849
    endloop
  endfacet
  facet normal 0 1 0
    outer loop
      vertex -7.8 28.5 -114.8
      vertex -1.07059 28.5 -113.849
      vertex -1.14207 28.5 -114.06
    endloop
  endfacet
  facet normal 0 1 0
    outer loop
      vertex -7.8 28.5 -114.8
      vertex -1.14207 28.5 -114.06
      vertex -1.18546 28.5 -114.278
    endloop
  endfacet
  facet normal 0 1 0
    outer loop
      vertex -7.8 28.5 -114.8
      vertex -1.18546 28.5 -114.278
      vertex -1.2 28.5 -114.5
    endloop
  endfacet
  facet normal 0 1 0
    outer loop
      vertex 20.2761 28.5 -25.15
      vertex -7.8 28.5 -114.8
      vertex -7.8 28.5 -0.2
    endloop
  endfacet
  facet normal 0 1 0
    outer loop
      vertex -1.18546 28.5 -114.722
      vertex -7.8 28.5 -114.8
      vertex -1.2 28.5 -114.5
    endloop
  endfacet
  facet normal 0 1 0
    outer loop
      vertex -7.73156 28.5 -115.844
      vertex -1.18546 28.5 -114.722
      vertex -1.14207 28.5 -114.94
    endloop
  endfacet
  facet normal 0 1 0
    outer loop
      vertex -7.52741 28.5 -116.871
      vertex -1.14207 28.5 -114.94
      vertex -1.07059 28.5 -115.151
    endloop
  endfacet
  facet normal 0 1 0
    outer loop
      vertex -7.19104 28.5 -117.861
      vertex -1.07059 28.5 -115.151
      vertex -0.972242 28.5 -115.35
    endloop
  endfacet
  facet normal 0 1 0
    outer loop
      vertex -6.7282 28.5 -118.8
      vertex -0.972242 28.5 -115.35
      vertex -0.848701 28.5 -115.535
    endloop
  endfacet
  facet normal 0 1 0
    outer loop
      vertex -6.14683 28.5 -119.67
      vertex -0.848701 28.5 -115.535
      vertex -0.702081 28.5 -115.702
    endloop
  endfacet
  facet normal 0 1 0
    outer loop
      vertex -1.18546 28.5 -114.722
      vertex -7.73156 28.5 -115.844
      vertex -7.8 28.5 -114.8
    endloop
  endfacet
  facet normal 0 1 0
    outer loop
      vertex -5.45685 28.5 -120.457
      vertex -0.702081 28.5 -115.702
      vertex -0.534894 28.5 -115.849
    endloop
  endfacet
  facet normal 0 1 0
    outer loop
      vertex -3.8 28.5 -121.728
      vertex -0.534894 28.5 -115.849
      vertex -0.349999 28.5 -115.972
    endloop
  endfacet
  facet normal 0 1 0
    outer loop
      vertex -2.86147 28.5 -122.191
      vertex -0.349999 28.5 -115.972
      vertex -0.150561 28.5 -116.071
    endloop
  endfacet
  facet normal 0 1 0
    outer loop
      vertex -1.87055 28.5 -122.527
      vertex -0.150561 28.5 -116.071
      vertex 0.0600071 28.5 -116.142
    endloop
  endfacet
  facet normal 0 1 0
    outer loop
      vertex -0.844209 28.5 -122.732
      vertex 0.0600071 28.5 -116.142
      vertex 0.278105 28.5 -116.185
    endloop
  endfacet
  facet normal 0 1 0
    outer loop
      vertex 0.2 28.5 -122.8
      vertex 0.278105 28.5 -116.185
      vertex 0.5 28.5 -116.2
    endloop
  endfacet
  facet normal 0 1 0
    outer loop
      vertex -1.14207 28.5 -114.94
      vertex -7.52741 28.5 -116.871
      vertex -7.73156 28.5 -115.844
    endloop
  endfacet
  facet normal 0 1 0
    outer loop
      vertex 0.939992 28.5 -116.142
      vertex 0.2 28.5 -122.8
      vertex 0.721894 28.5 -116.185
    endloop
  endfacet
  facet normal 0 1 0
    outer loop
      vertex 157.535 28.5 -115.849
      vertex 160.8 28.5 -121.728
      vertex 157.35 28.5 -115.972
    endloop
  endfacet
  facet normal 0 1 0
    outer loop
      vertex 0.721894 28.5 -116.185
      vertex 0.2 28.5 -122.8
      vertex 0.5 28.5 -116.2
    endloop
  endfacet
  facet normal 0 1 -0
    outer loop
      vertex 159.861 28.5 -122.191
      vertex 157.35 28.5 -115.972
      vertex 160.8 28.5 -121.728
    endloop
  endfacet
  facet normal 0 1 0
    outer loop
      vertex 0.278105 28.5 -116.185
      vertex 0.2 28.5 -122.8
      vertex -0.844209 28.5 -122.732
    endloop
  endfacet
  facet normal 0 1 0
    outer loop
      vertex 157.35 28.5 -115.972
      vertex 159.861 28.5 -122.191
      vertex 157.151 28.5 -116.071
    endloop
  endfacet
  facet normal 0 1 0
    outer loop
      vertex -1.07059 28.5 -115.151
      vertex -7.19104 28.5 -117.861
      vertex -7.52741 28.5 -116.871
    endloop
  endfacet
  facet normal 0 1 -0
    outer loop
      vertex 158.871 28.5 -122.527
      vertex 157.151 28.5 -116.071
      vertex 159.861 28.5 -122.191
    endloop
  endfacet
  facet normal 0 1 0
    outer loop
      vertex -0.972242 28.5 -115.35
      vertex -6.7282 28.5 -118.8
      vertex -7.19104 28.5 -117.861
    endloop
  endfacet
  facet normal 0 1 0
    outer loop
      vertex 157.151 28.5 -116.071
      vertex 158.871 28.5 -122.527
      vertex 156.94 28.5 -116.142
    endloop
  endfacet
  facet normal 0 1 0
    outer loop
      vertex -0.848701 28.5 -115.535
      vertex -6.14683 28.5 -119.67
      vertex -6.7282 28.5 -118.8
    endloop
  endfacet
  facet normal 0 1 -0
    outer loop
      vertex 157.844 28.5 -122.732
      vertex 156.94 28.5 -116.142
      vertex 158.871 28.5 -122.527
    endloop
  endfacet
  facet normal 0 1 0
    outer loop
      vertex -0.702081 28.5 -115.702
      vertex -5.45685 28.5 -120.457
      vertex -6.14683 28.5 -119.67
    endloop
  endfacet
  facet normal 0 1 0
    outer loop
      vertex 156.94 28.5 -116.142
      vertex 157.844 28.5 -122.732
      vertex 156.722 28.5 -116.185
    endloop
  endfacet
  facet normal 0 1 0
    outer loop
      vertex -0.534894 28.5 -115.849
      vertex -4.67009 28.5 -121.147
      vertex -5.45685 28.5 -120.457
    endloop
  endfacet
  facet normal 0 1 -0
    outer loop
      vertex 156.8 28.5 -122.8
      vertex 156.722 28.5 -116.185
      vertex 157.844 28.5 -122.732
    endloop
  endfacet
  facet normal 0 1 0
    outer loop
      vertex -0.534894 28.5 -115.849
      vertex -3.8 28.5 -121.728
      vertex -4.67009 28.5 -121.147
    endloop
  endfacet
  facet normal 0 1 0
    outer loop
      vertex 156.722 28.5 -116.185
      vertex 156.8 28.5 -122.8
      vertex 156.5 28.5 -116.2
    endloop
  endfacet
  facet normal 0 1 0
    outer loop
      vertex -0.349999 28.5 -115.972
      vertex -2.86147 28.5 -122.191
      vertex -3.8 28.5 -121.728
    endloop
  endfacet
  facet normal 0 1 0
    outer loop
      vertex -0.150561 28.5 -116.071
      vertex -1.87055 28.5 -122.527
      vertex -2.86147 28.5 -122.191
    endloop
  endfacet
  facet normal 0 1 0
    outer loop
      vertex 0.0600071 28.5 -116.142
      vertex -0.844209 28.5 -122.732
      vertex -1.87055 28.5 -122.527
    endloop
  endfacet
  facet normal -0.659351 0 0.751835
    outer loop
      vertex -5.45685 28.5 5.45685
      vertex -4.67009 25.5 6.14683
      vertex -4.67009 28.5 6.14683
    endloop
  endfacet
  facet normal -0.659351 0 0.751835
    outer loop
      vertex -4.67009 25.5 6.14683
      vertex -5.45685 28.5 5.45685
      vertex -5.45685 25.5 5.45685
    endloop
  endfacet
  facet normal -0.442295 0 0.89687
    outer loop
      vertex -3.8 28.5 6.7282
      vertex -2.86147 25.5 7.19104
      vertex -2.86147 28.5 7.19104
    endloop
  endfacet
  facet normal -0.442295 0 0.89687
    outer loop
      vertex -2.86147 25.5 7.19104
      vertex -3.8 28.5 6.7282
      vertex -3.8 25.5 6.7282
    endloop
  endfacet
  facet normal -0.321438 0 0.946931
    outer loop
      vertex -2.86147 28.5 7.19104
      vertex -1.87055 25.5 7.52741
      vertex -1.87055 28.5 7.52741
    endloop
  endfacet
  facet normal -0.321438 0 0.946931
    outer loop
      vertex -1.87055 25.5 7.52741
      vertex -2.86147 28.5 7.19104
      vertex -2.86147 25.5 7.19104
    endloop
  endfacet
  facet normal -0.831472 0 0.555567
    outer loop
      vertex -6.7282 25.5 3.8
      vertex -6.14683 28.5 4.67009
      vertex -6.7282 28.5 3.8
    endloop
  endfacet
  facet normal -0.831472 0 0.555567
    outer loop
      vertex -6.14683 28.5 4.67009
      vertex -6.7282 25.5 3.8
      vertex -6.14683 25.5 4.67009
    endloop
  endfacet
  facet normal 0.321706 0 0.94684
    outer loop
      vertex 158.871 28.5 7.52741
      vertex 159.861 25.5 7.19104
      vertex 159.861 28.5 7.19104
    endloop
  endfacet
  facet normal 0.321706 0 0.94684
    outer loop
      vertex 159.861 25.5 7.19104
      vertex 158.871 28.5 7.52741
      vertex 158.871 25.5 7.52741
    endloop
  endfacet
  facet normal 0.194968 0 0.98081
    outer loop
      vertex 157.844 28.5 7.73156
      vertex 158.871 25.5 7.52741
      vertex 158.871 28.5 7.52741
    endloop
  endfacet
  facet normal 0.194968 0 0.98081
    outer loop
      vertex 158.871 25.5 7.52741
      vertex 157.844 28.5 7.73156
      vertex 157.844 25.5 7.73156
    endloop
  endfacet
  facet normal 0.0654151 0 0.997858
    outer loop
      vertex 156.8 28.5 7.8
      vertex 157.844 25.5 7.73156
      vertex 157.844 28.5 7.73156
    endloop
  endfacet
  facet normal 0.0654151 0 0.997858
    outer loop
      vertex 157.844 25.5 7.73156
      vertex 156.8 28.5 7.8
      vertex 156.8 25.5 7.8
    endloop
  endfacet
  facet normal 0.98063 -0 0.19587
    outer loop
      vertex 164.527 25.5 1.87055
      vertex 164.732 28.5 0.844209
      vertex 164.527 28.5 1.87055
    endloop
  endfacet
  facet normal 0.98063 0 0.19587
    outer loop
      vertex 164.732 28.5 0.844209
      vertex 164.527 25.5 1.87055
      vertex 164.732 25.5 0.844209
    endloop
  endfacet
  facet normal 0.751826 -0 0.659362
    outer loop
      vertex 162.457 25.5 5.45685
      vertex 163.147 28.5 4.67009
      vertex 162.457 28.5 5.45685
    endloop
  endfacet
  facet normal 0.751826 0 0.659362
    outer loop
      vertex 163.147 28.5 4.67009
      vertex 162.457 25.5 5.45685
      vertex 163.147 25.5 4.67009
    endloop
  endfacet
  facet normal 0.659238 0 0.751935
    outer loop
      vertex 161.67 28.5 6.14683
      vertex 162.457 25.5 5.45685
      vertex 162.457 28.5 5.45685
    endloop
  endfacet
  facet normal 0.659238 0 0.751935
    outer loop
      vertex 162.457 25.5 5.45685
      vertex 161.67 28.5 6.14683
      vertex 161.67 25.5 6.14683
    endloop
  endfacet
  facet normal -0.896957 0 -0.442117
    outer loop
      vertex -6.7282 25.5 -118.8
      vertex -7.19104 28.5 -117.861
      vertex -6.7282 28.5 -118.8
    endloop
  endfacet
  facet normal -0.896957 -0 -0.442117
    outer loop
      vertex -7.19104 28.5 -117.861
      vertex -6.7282 25.5 -118.8
      vertex -7.19104 25.5 -117.861
    endloop
  endfacet
  facet normal -0.831446 0 -0.555606
    outer loop
      vertex -6.14683 25.5 -119.67
      vertex -6.7282 28.5 -118.8
      vertex -6.14683 28.5 -119.67
    endloop
  endfacet
  facet normal -0.831446 -0 -0.555606
    outer loop
      vertex -6.7282 28.5 -118.8
      vertex -6.14683 25.5 -119.67
      vertex -6.7282 25.5 -118.8
    endloop
  endfacet
  facet normal -0.442418 0 -0.896809
    outer loop
      vertex -3.8 25.5 -121.728
      vertex -2.86147 28.5 -122.191
      vertex -2.86147 25.5 -122.191
    endloop
  endfacet
  facet normal -0.442418 0 -0.896809
    outer loop
      vertex -2.86147 28.5 -122.191
      vertex -3.8 25.5 -121.728
      vertex -3.8 28.5 -121.728
    endloop
  endfacet
  facet normal -0.321121 0 -0.947038
    outer loop
      vertex -2.86147 25.5 -122.191
      vertex -1.87055 28.5 -122.527
      vertex -1.87055 25.5 -122.527
    endloop
  endfacet
  facet normal -0.321121 0 -0.947038
    outer loop
      vertex -1.87055 28.5 -122.527
      vertex -2.86147 25.5 -122.191
      vertex -2.86147 28.5 -122.191
    endloop
  endfacet
  facet normal -0.0649834 0 -0.997886
    outer loop
      vertex -0.844209 25.5 -122.732
      vertex 0.2 28.5 -122.8
      vertex 0.2 25.5 -122.8
    endloop
  endfacet
  facet normal -0.0649834 0 -0.997886
    outer loop
      vertex 0.2 28.5 -122.8
      vertex -0.844209 25.5 -122.732
      vertex -0.844209 28.5 -122.732
    endloop
  endfacet
  facet normal -0.94684 0 -0.321706
    outer loop
      vertex -7.19104 25.5 -117.861
      vertex -7.52741 28.5 -116.871
      vertex -7.19104 28.5 -117.861
    endloop
  endfacet
  facet normal -0.94684 -0 -0.321706
    outer loop
      vertex -7.52741 28.5 -116.871
      vertex -7.19104 25.5 -117.861
      vertex -7.52741 25.5 -116.871
    endloop
  endfacet
  facet normal 0.555362 0 -0.831609
    outer loop
      vertex 160.8 25.5 -121.728
      vertex 161.67 28.5 -121.147
      vertex 161.67 25.5 -121.147
    endloop
  endfacet
  facet normal 0.555362 0 -0.831609
    outer loop
      vertex 161.67 28.5 -121.147
      vertex 160.8 25.5 -121.728
      vertex 160.8 28.5 -121.728
    endloop
  endfacet
  facet normal 0.659248 0 -0.751925
    outer loop
      vertex 161.67 25.5 -121.147
      vertex 162.457 28.5 -120.457
      vertex 162.457 25.5 -120.457
    endloop
  endfacet
  facet normal 0.659248 0 -0.751925
    outer loop
      vertex 162.457 28.5 -120.457
      vertex 161.67 25.5 -121.147
      vertex 161.67 28.5 -121.147
    endloop
  endfacet
  facet normal -0.555567 0 0.831472
    outer loop
      vertex -4.67009 28.5 6.14683
      vertex -3.8 25.5 6.7282
      vertex -3.8 28.5 6.7282
    endloop
  endfacet
  facet normal -0.555567 0 0.831472
    outer loop
      vertex -3.8 25.5 6.7282
      vertex -4.67009 28.5 6.14683
      vertex -4.67009 25.5 6.14683
    endloop
  endfacet
  facet normal -0.195089 0 0.980786
    outer loop
      vertex -1.87055 28.5 7.52741
      vertex -0.844209 25.5 7.73156
      vertex -0.844209 28.5 7.73156
    endloop
  endfacet
  facet normal -0.195089 0 0.980786
    outer loop
      vertex -0.844209 25.5 7.73156
      vertex -1.87055 28.5 7.52741
      vertex -1.87055 25.5 7.52741
    endloop
  endfacet
  facet normal -0.946931 0 0.321438
    outer loop
      vertex -7.52741 25.5 1.87055
      vertex -7.19104 28.5 2.86147
      vertex -7.52741 28.5 1.87055
    endloop
  endfacet
  facet normal -0.946931 0 0.321438
    outer loop
      vertex -7.19104 28.5 2.86147
      vertex -7.52741 25.5 1.87055
      vertex -7.19104 25.5 2.86147
    endloop
  endfacet
  facet normal -0.751835 0 0.659351
    outer loop
      vertex -6.14683 25.5 4.67009
      vertex -5.45685 28.5 5.45685
      vertex -6.14683 28.5 4.67009
    endloop
  endfacet
  facet normal -0.751835 0 0.659351
    outer loop
      vertex -5.45685 28.5 5.45685
      vertex -6.14683 25.5 4.67009
      vertex -5.45685 25.5 5.45685
    endloop
  endfacet
  facet normal -0.555322 0 -0.831635
    outer loop
      vertex -4.67009 25.5 -121.147
      vertex -3.8 28.5 -121.728
      vertex -3.8 25.5 -121.728
    endloop
  endfacet
  facet normal -0.555322 0 -0.831635
    outer loop
      vertex -3.8 28.5 -121.728
      vertex -4.67009 25.5 -121.147
      vertex -4.67009 28.5 -121.147
    endloop
  endfacet
  facet normal -0.19587 0 -0.98063
    outer loop
      vertex -1.87055 25.5 -122.527
      vertex -0.844209 28.5 -122.732
      vertex -0.844209 25.5 -122.732
    endloop
  endfacet
  facet normal -0.19587 0 -0.98063
    outer loop
      vertex -0.844209 28.5 -122.732
      vertex -1.87055 25.5 -122.527
      vertex -1.87055 28.5 -122.527
    endloop
  endfacet
  facet normal -0.831621 0 0.555343
    outer loop
      vertex 1.8487 25.5 -115.535
      vertex 1.97224 28.5 -115.35
      vertex 1.8487 28.5 -115.535
    endloop
  endfacet
  facet normal -0.831621 0 0.555343
    outer loop
      vertex 1.97224 28.5 -115.35
      vertex 1.8487 25.5 -115.535
      vertex 1.97224 25.5 -115.35
    endloop
  endfacet
  facet normal -0.319509 0 0.947583
    outer loop
      vertex 0.939992 28.5 -116.142
      vertex 1.15056 25.5 -116.071
      vertex 1.15056 28.5 -116.071
    endloop
  endfacet
  facet normal -0.319509 0 0.947583
    outer loop
      vertex 1.15056 25.5 -116.071
      vertex 0.939992 28.5 -116.142
      vertex 0.939992 25.5 -116.142
    endloop
  endfacet
  facet normal 0.444628 0 0.895715
    outer loop
      vertex -0.349999 28.5 -115.972
      vertex -0.150561 25.5 -116.071
      vertex -0.150561 28.5 -116.071
    endloop
  endfacet
  facet normal 0.444628 0 0.895715
    outer loop
      vertex -0.150561 25.5 -116.071
      vertex -0.349999 28.5 -115.972
      vertex -0.349999 25.5 -115.972
    endloop
  endfacet
  facet normal 0.947128 -0 0.320856
    outer loop
      vertex -1.14207 25.5 -114.94
      vertex -1.07059 28.5 -115.151
      vertex -1.14207 28.5 -114.94
    endloop
  endfacet
  facet normal 0.947128 0 0.320856
    outer loop
      vertex -1.07059 28.5 -115.151
      vertex -1.14207 25.5 -114.94
      vertex -1.07059 25.5 -115.151
    endloop
  endfacet
  facet normal -0.980762 0 -0.195208
    outer loop
      vertex 2.18546 25.5 -114.278
      vertex 2.14207 28.5 -114.06
      vertex 2.18546 28.5 -114.278
    endloop
  endfacet
  facet normal -0.980762 -0 -0.195208
    outer loop
      vertex 2.14207 28.5 -114.06
      vertex 2.18546 25.5 -114.278
      vertex 2.14207 25.5 -114.06
    endloop
  endfacet
  facet normal 0.0674456 0 0.997723
    outer loop
      vertex 0.278105 28.5 -116.185
      vertex 0.5 25.5 -116.2
      vertex 0.5 28.5 -116.2
    endloop
  endfacet
  facet normal 0.0674456 0 0.997723
    outer loop
      vertex 0.5 25.5 -116.2
      vertex 0.278105 28.5 -116.185
      vertex 0.278105 25.5 -116.185
    endloop
  endfacet
  facet normal -0.444625 0 0.895717
    outer loop
      vertex 1.15056 28.5 -116.071
      vertex 1.35 25.5 -115.972
      vertex 1.35 28.5 -115.972
    endloop
  endfacet
  facet normal -0.444625 0 0.895717
    outer loop
      vertex 1.35 25.5 -115.972
      vertex 1.15056 28.5 -116.071
      vertex 1.15056 25.5 -116.071
    endloop
  endfacet
  facet normal 0.997862 0 -0.0653555
    outer loop
      vertex -1.18546 25.5 -114.278
      vertex -1.2 28.5 -114.5
      vertex -1.18546 28.5 -114.278
    endloop
  endfacet
  facet normal 0.997862 0 -0.0653555
    outer loop
      vertex -1.2 28.5 -114.5
      vertex -1.18546 25.5 -114.278
      vertex -1.2 25.5 -114.5
    endloop
  endfacet
  facet normal 0.831619 -0 0.555346
    outer loop
      vertex -0.972242 25.5 -115.35
      vertex -0.848701 28.5 -115.535
      vertex -0.972242 28.5 -115.35
    endloop
  endfacet
  facet normal 0.831619 0 0.555346
    outer loop
      vertex -0.848701 28.5 -115.535
      vertex -0.972242 25.5 -115.35
      vertex -0.848701 25.5 -115.535
    endloop
  endfacet
  facet normal 0.553879 0 0.832597
    outer loop
      vertex -0.534894 28.5 -115.849
      vertex -0.349999 25.5 -115.972
      vertex -0.349999 28.5 -115.972
    endloop
  endfacet
  facet normal 0.553879 0 0.832597
    outer loop
      vertex -0.349999 25.5 -115.972
      vertex -0.534894 28.5 -115.849
      vertex -0.534894 25.5 -115.849
    endloop
  endfacet
  facet normal 0.193435 0 0.981113
    outer loop
      vertex 0.0600071 28.5 -116.142
      vertex 0.278105 25.5 -116.185
      vertex 0.278105 28.5 -116.185
    endloop
  endfacet
  facet normal 0.193435 0 0.981113
    outer loop
      vertex 0.278105 25.5 -116.185
      vertex 0.0600071 28.5 -116.142
      vertex 0.0600071 25.5 -116.142
    endloop
  endfacet
  facet normal -0.997862 0 0.0653555
    outer loop
      vertex 2.18546 25.5 -114.722
      vertex 2.2 28.5 -114.5
      vertex 2.18546 28.5 -114.722
    endloop
  endfacet
  facet normal -0.997862 0 0.0653555
    outer loop
      vertex 2.2 28.5 -114.5
      vertex 2.18546 25.5 -114.722
      vertex 2.2 25.5 -114.5
    endloop
  endfacet
  facet normal -0.947128 0 -0.320856
    outer loop
      vertex 2.14207 25.5 -114.06
      vertex 2.07059 28.5 -113.849
      vertex 2.14207 28.5 -114.06
    endloop
  endfacet
  facet normal -0.947128 -0 -0.320856
    outer loop
      vertex 2.07059 28.5 -113.849
      vertex 2.14207 25.5 -114.06
      vertex 2.07059 25.5 -113.849
    endloop
  endfacet
  facet normal 0.553879 0 -0.832597
    outer loop
      vertex -0.534894 25.5 -113.151
      vertex -0.349999 28.5 -113.028
      vertex -0.349999 25.5 -113.028
    endloop
  endfacet
  facet normal 0.553879 0 -0.832597
    outer loop
      vertex -0.349999 28.5 -113.028
      vertex -0.534894 25.5 -113.151
      vertex -0.534894 28.5 -113.151
    endloop
  endfacet
  facet normal 0.831619 0 -0.555346
    outer loop
      vertex -0.848701 25.5 -113.465
      vertex -0.972242 28.5 -113.65
      vertex -0.848701 28.5 -113.465
    endloop
  endfacet
  facet normal 0.831619 0 -0.555346
    outer loop
      vertex -0.972242 28.5 -113.65
      vertex -0.848701 25.5 -113.465
      vertex -0.972242 25.5 -113.65
    endloop
  endfacet
  facet normal -0.553889 0 -0.83259
    outer loop
      vertex 1.35 25.5 -113.028
      vertex 1.53489 28.5 -113.151
      vertex 1.53489 25.5 -113.151
    endloop
  endfacet
  facet normal -0.553889 0 -0.83259
    outer loop
      vertex 1.53489 28.5 -113.151
      vertex 1.35 25.5 -113.028
      vertex 1.35 28.5 -113.028
    endloop
  endfacet
  facet normal -0.660306 0 0.750997
    outer loop
      vertex 1.53489 28.5 -115.849
      vertex 1.70208 25.5 -115.702
      vertex 1.70208 28.5 -115.702
    endloop
  endfacet
  facet normal -0.660306 0 0.750997
    outer loop
      vertex 1.70208 25.5 -115.702
      vertex 1.53489 28.5 -115.849
      vertex 1.53489 25.5 -115.849
    endloop
  endfacet
  facet normal -0.751472 0 0.659765
    outer loop
      vertex 1.70208 25.5 -115.702
      vertex 1.8487 28.5 -115.535
      vertex 1.70208 28.5 -115.702
    endloop
  endfacet
  facet normal -0.751472 0 0.659765
    outer loop
      vertex 1.8487 28.5 -115.535
      vertex 1.70208 25.5 -115.702
      vertex 1.8487 25.5 -115.535
    endloop
  endfacet
  facet normal -0.193435 0 0.981113
    outer loop
      vertex 0.721894 28.5 -116.185
      vertex 0.939992 25.5 -116.142
      vertex 0.939992 28.5 -116.142
    endloop
  endfacet
  facet normal -0.193435 0 0.981113
    outer loop
      vertex 0.939992 25.5 -116.142
      vertex 0.721894 28.5 -116.185
      vertex 0.721894 25.5 -116.185
    endloop
  endfacet
  facet normal -0.0674459 0 0.997723
    outer loop
      vertex 0.5 28.5 -116.2
      vertex 0.721894 25.5 -116.185
      vertex 0.721894 28.5 -116.185
    endloop
  endfacet
  facet normal -0.0674459 0 0.997723
    outer loop
      vertex 0.721894 25.5 -116.185
      vertex 0.5 28.5 -116.2
      vertex 0.5 25.5 -116.2
    endloop
  endfacet
  facet normal -0.553889 0 0.83259
    outer loop
      vertex 1.35 28.5 -115.972
      vertex 1.53489 25.5 -115.849
      vertex 1.53489 28.5 -115.849
    endloop
  endfacet
  facet normal -0.553889 0 0.83259
    outer loop
      vertex 1.53489 25.5 -115.849
      vertex 1.35 28.5 -115.972
      vertex 1.35 25.5 -115.972
    endloop
  endfacet
  facet normal 0.980762 -0 0.195208
    outer loop
      vertex -1.18546 25.5 -114.722
      vertex -1.14207 28.5 -114.94
      vertex -1.18546 28.5 -114.722
    endloop
  endfacet
  facet normal 0.980762 0 0.195208
    outer loop
      vertex -1.14207 28.5 -114.94
      vertex -1.18546 25.5 -114.722
      vertex -1.14207 25.5 -114.94
    endloop
  endfacet
  facet normal 0.997862 -0 0.0653555
    outer loop
      vertex -1.2 25.5 -114.5
      vertex -1.18546 28.5 -114.722
      vertex -1.2 28.5 -114.5
    endloop
  endfacet
  facet normal 0.997862 0 0.0653555
    outer loop
      vertex -1.18546 28.5 -114.722
      vertex -1.2 25.5 -114.5
      vertex -1.18546 25.5 -114.722
    endloop
  endfacet
  facet normal 0.896493 -0 0.443057
    outer loop
      vertex -1.07059 25.5 -115.151
      vertex -0.972242 28.5 -115.35
      vertex -1.07059 28.5 -115.151
    endloop
  endfacet
  facet normal 0.896493 0 0.443057
    outer loop
      vertex -0.972242 28.5 -115.35
      vertex -1.07059 25.5 -115.151
      vertex -0.972242 25.5 -115.35
    endloop
  endfacet
  facet normal 0.319509 0 0.947583
    outer loop
      vertex -0.150561 28.5 -116.071
      vertex 0.0600071 25.5 -116.142
      vertex 0.0600071 28.5 -116.142
    endloop
  endfacet
  facet normal 0.319509 0 0.947583
    outer loop
      vertex 0.0600071 25.5 -116.142
      vertex -0.150561 28.5 -116.071
      vertex -0.150561 25.5 -116.071
    endloop
  endfacet
  facet normal 0.660313 0 0.750991
    outer loop
      vertex -0.702081 28.5 -115.702
      vertex -0.534894 25.5 -115.849
      vertex -0.534894 28.5 -115.849
    endloop
  endfacet
  facet normal 0.660313 0 0.750991
    outer loop
      vertex -0.534894 25.5 -115.849
      vertex -0.702081 28.5 -115.702
      vertex -0.702081 25.5 -115.702
    endloop
  endfacet
  facet normal 0.751472 -0 0.659765
    outer loop
      vertex -0.848701 25.5 -115.535
      vertex -0.702081 28.5 -115.702
      vertex -0.848701 28.5 -115.535
    endloop
  endfacet
  facet normal 0.751472 0 0.659765
    outer loop
      vertex -0.702081 28.5 -115.702
      vertex -0.848701 25.5 -115.535
      vertex -0.702081 25.5 -115.702
    endloop
  endfacet
  facet normal -0.997862 0 -0.0653555
    outer loop
      vertex 2.2 25.5 -114.5
      vertex 2.18546 28.5 -114.278
      vertex 2.2 28.5 -114.5
    endloop
  endfacet
  facet normal -0.997862 -0 -0.0653555
    outer loop
      vertex 2.18546 28.5 -114.278
      vertex 2.2 25.5 -114.5
      vertex 2.18546 25.5 -114.278
    endloop
  endfacet
  facet normal -0.831621 0 -0.555343
    outer loop
      vertex 1.97224 25.5 -113.65
      vertex 1.8487 28.5 -113.465
      vertex 1.97224 28.5 -113.65
    endloop
  endfacet
  facet normal -0.831621 -0 -0.555343
    outer loop
      vertex 1.8487 28.5 -113.465
      vertex 1.97224 25.5 -113.65
      vertex 1.8487 25.5 -113.465
    endloop
  endfacet
  facet normal -0.0674459 0 -0.997723
    outer loop
      vertex 0.5 25.5 -112.8
      vertex 0.721894 28.5 -112.815
      vertex 0.721894 25.5 -112.815
    endloop
  endfacet
  facet normal -0.0674459 0 -0.997723
    outer loop
      vertex 0.721894 28.5 -112.815
      vertex 0.5 25.5 -112.8
      vertex 0.5 28.5 -112.8
    endloop
  endfacet
  facet normal 0.980762 0 -0.195208
    outer loop
      vertex -1.14207 25.5 -114.06
      vertex -1.18546 28.5 -114.278
      vertex -1.14207 28.5 -114.06
    endloop
  endfacet
  facet normal 0.980762 0 -0.195208
    outer loop
      vertex -1.18546 28.5 -114.278
      vertex -1.14207 25.5 -114.06
      vertex -1.18546 25.5 -114.278
    endloop
  endfacet
  facet normal 0.751472 0 -0.659765
    outer loop
      vertex -0.702081 25.5 -113.298
      vertex -0.848701 28.5 -113.465
      vertex -0.702081 28.5 -113.298
    endloop
  endfacet
  facet normal 0.751472 0 -0.659765
    outer loop
      vertex -0.848701 28.5 -113.465
      vertex -0.702081 25.5 -113.298
      vertex -0.848701 25.5 -113.465
    endloop
  endfacet
  facet normal -0.193435 0 -0.981113
    outer loop
      vertex 0.721894 25.5 -112.815
      vertex 0.939992 28.5 -112.858
      vertex 0.939992 25.5 -112.858
    endloop
  endfacet
  facet normal -0.193435 0 -0.981113
    outer loop
      vertex 0.939992 28.5 -112.858
      vertex 0.721894 25.5 -112.815
      vertex 0.721894 28.5 -112.815
    endloop
  endfacet
  facet normal -0.751472 0 -0.659765
    outer loop
      vertex 1.8487 25.5 -113.465
      vertex 1.70208 28.5 -113.298
      vertex 1.8487 28.5 -113.465
    endloop
  endfacet
  facet normal -0.751472 -0 -0.659765
    outer loop
      vertex 1.70208 28.5 -113.298
      vertex 1.8487 25.5 -113.465
      vertex 1.70208 25.5 -113.298
    endloop
  endfacet
  facet normal -0.89649 0 0.443064
    outer loop
      vertex 1.97224 25.5 -115.35
      vertex 2.07059 28.5 -115.151
      vertex 1.97224 28.5 -115.35
    endloop
  endfacet
  facet normal -0.89649 0 0.443064
    outer loop
      vertex 2.07059 28.5 -115.151
      vertex 1.97224 25.5 -115.35
      vertex 2.07059 25.5 -115.151
    endloop
  endfacet
  facet normal -0.947128 0 0.320856
    outer loop
      vertex 2.07059 25.5 -115.151
      vertex 2.14207 28.5 -114.94
      vertex 2.07059 28.5 -115.151
    endloop
  endfacet
  facet normal -0.947128 0 0.320856
    outer loop
      vertex 2.14207 28.5 -114.94
      vertex 2.07059 25.5 -115.151
      vertex 2.14207 25.5 -114.94
    endloop
  endfacet
  facet normal -0.980762 0 0.195208
    outer loop
      vertex 2.14207 25.5 -114.94
      vertex 2.18546 28.5 -114.722
      vertex 2.14207 28.5 -114.94
    endloop
  endfacet
  facet normal -0.980762 0 0.195208
    outer loop
      vertex 2.18546 28.5 -114.722
      vertex 2.14207 25.5 -114.94
      vertex 2.18546 25.5 -114.722
    endloop
  endfacet
  facet normal 0.193435 0 -0.981113
    outer loop
      vertex 0.0600071 25.5 -112.858
      vertex 0.278105 28.5 -112.815
      vertex 0.278105 25.5 -112.815
    endloop
  endfacet
  facet normal 0.193435 0 -0.981113
    outer loop
      vertex 0.278105 28.5 -112.815
      vertex 0.0600071 25.5 -112.858
      vertex 0.0600071 28.5 -112.858
    endloop
  endfacet
  facet normal 0.896493 0 -0.443057
    outer loop
      vertex -0.972242 25.5 -113.65
      vertex -1.07059 28.5 -113.849
      vertex -0.972242 28.5 -113.65
    endloop
  endfacet
  facet normal 0.896493 0 -0.443057
    outer loop
      vertex -1.07059 28.5 -113.849
      vertex -0.972242 25.5 -113.65
      vertex -1.07059 25.5 -113.849
    endloop
  endfacet
  facet normal 0.947128 0 -0.320856
    outer loop
      vertex -1.07059 25.5 -113.849
      vertex -1.14207 28.5 -114.06
      vertex -1.07059 28.5 -113.849
    endloop
  endfacet
  facet normal 0.947128 0 -0.320856
    outer loop
      vertex -1.14207 28.5 -114.06
      vertex -1.07059 25.5 -113.849
      vertex -1.14207 25.5 -114.06
    endloop
  endfacet
  facet normal 0.660313 0 -0.750991
    outer loop
      vertex -0.702081 25.5 -113.298
      vertex -0.534894 28.5 -113.151
      vertex -0.534894 25.5 -113.151
    endloop
  endfacet
  facet normal 0.660313 0 -0.750991
    outer loop
      vertex -0.534894 28.5 -113.151
      vertex -0.702081 25.5 -113.298
      vertex -0.702081 28.5 -113.298
    endloop
  endfacet
  facet normal -0.444625 0 -0.895717
    outer loop
      vertex 1.15056 25.5 -112.929
      vertex 1.35 28.5 -113.028
      vertex 1.35 25.5 -113.028
    endloop
  endfacet
  facet normal -0.444625 0 -0.895717
    outer loop
      vertex 1.35 28.5 -113.028
      vertex 1.15056 25.5 -112.929
      vertex 1.15056 28.5 -112.929
    endloop
  endfacet
  facet normal -0.319509 0 -0.947583
    outer loop
      vertex 0.939992 25.5 -112.858
      vertex 1.15056 28.5 -112.929
      vertex 1.15056 25.5 -112.929
    endloop
  endfacet
  facet normal -0.319509 0 -0.947583
    outer loop
      vertex 1.15056 28.5 -112.929
      vertex 0.939992 25.5 -112.858
      vertex 0.939992 28.5 -112.858
    endloop
  endfacet
  facet normal -0.660306 0 -0.750997
    outer loop
      vertex 1.53489 25.5 -113.151
      vertex 1.70208 28.5 -113.298
      vertex 1.70208 25.5 -113.298
    endloop
  endfacet
  facet normal -0.660306 0 -0.750997
    outer loop
      vertex 1.70208 28.5 -113.298
      vertex 1.53489 25.5 -113.151
      vertex 1.53489 28.5 -113.151
    endloop
  endfacet
  facet normal -0.89649 0 -0.443064
    outer loop
      vertex 2.07059 25.5 -113.849
      vertex 1.97224 28.5 -113.65
      vertex 2.07059 28.5 -113.849
    endloop
  endfacet
  facet normal -0.89649 -0 -0.443064
    outer loop
      vertex 1.97224 28.5 -113.65
      vertex 2.07059 25.5 -113.849
      vertex 1.97224 25.5 -113.65
    endloop
  endfacet
  facet normal 0.319509 0 -0.947583
    outer loop
      vertex -0.150561 25.5 -112.929
      vertex 0.0600071 28.5 -112.858
      vertex 0.0600071 25.5 -112.858
    endloop
  endfacet
  facet normal 0.319509 0 -0.947583
    outer loop
      vertex 0.0600071 28.5 -112.858
      vertex -0.150561 25.5 -112.929
      vertex -0.150561 28.5 -112.929
    endloop
  endfacet
  facet normal 0.0674456 0 -0.997723
    outer loop
      vertex 0.278105 25.5 -112.815
      vertex 0.5 28.5 -112.8
      vertex 0.5 25.5 -112.8
    endloop
  endfacet
  facet normal 0.0674456 0 -0.997723
    outer loop
      vertex 0.5 28.5 -112.8
      vertex 0.278105 25.5 -112.815
      vertex 0.278105 28.5 -112.815
    endloop
  endfacet
  facet normal 0.444628 0 -0.895715
    outer loop
      vertex -0.349999 25.5 -113.028
      vertex -0.150561 28.5 -112.929
      vertex -0.150561 25.5 -112.929
    endloop
  endfacet
  facet normal 0.444628 0 -0.895715
    outer loop
      vertex -0.150561 28.5 -112.929
      vertex -0.349999 25.5 -113.028
      vertex -0.349999 28.5 -113.028
    endloop
  endfacet
  facet normal -0.832742 0 0.553661
    outer loop
      vertex 157.849 25.5 -115.535
      vertex 157.972 28.5 -115.35
      vertex 157.849 28.5 -115.535
    endloop
  endfacet
  facet normal -0.832742 0 0.553661
    outer loop
      vertex 157.972 28.5 -115.35
      vertex 157.849 25.5 -115.535
      vertex 157.972 25.5 -115.35
    endloop
  endfacet
  facet normal -0.318922 0 0.947781
    outer loop
      vertex 156.94 28.5 -116.142
      vertex 157.151 25.5 -116.071
      vertex 157.151 28.5 -116.071
    endloop
  endfacet
  facet normal -0.318922 0 0.947781
    outer loop
      vertex 157.151 25.5 -116.071
      vertex 156.94 28.5 -116.142
      vertex 156.94 25.5 -116.142
    endloop
  endfacet
  facet normal 0.445413 0 0.895325
    outer loop
      vertex 155.65 28.5 -115.972
      vertex 155.849 25.5 -116.071
      vertex 155.849 28.5 -116.071
    endloop
  endfacet
  facet normal 0.445413 0 0.895325
    outer loop
      vertex 155.849 25.5 -116.071
      vertex 155.65 28.5 -115.972
      vertex 155.65 25.5 -115.972
    endloop
  endfacet
  facet normal 0.947781 -0 0.318922
    outer loop
      vertex 154.858 25.5 -114.94
      vertex 154.929 28.5 -115.151
      vertex 154.858 28.5 -114.94
    endloop
  endfacet
  facet normal 0.947781 0 0.318922
    outer loop
      vertex 154.929 28.5 -115.151
      vertex 154.858 25.5 -114.94
      vertex 154.929 25.5 -115.151
    endloop
  endfacet
  facet normal -0.981097 0 -0.193519
    outer loop
      vertex 158.185 25.5 -114.278
      vertex 158.142 28.5 -114.06
      vertex 158.185 28.5 -114.278
    endloop
  endfacet
  facet normal -0.981097 -0 -0.193519
    outer loop
      vertex 158.142 28.5 -114.06
      vertex 158.185 25.5 -114.278
      vertex 158.142 25.5 -114.06
    endloop
  endfacet
  facet normal -0.981097 0 0.193519
    outer loop
      vertex 158.142 25.5 -114.94
      vertex 158.185 28.5 -114.722
      vertex 158.142 28.5 -114.94
    endloop
  endfacet
  facet normal -0.981097 0 0.193519
    outer loop
      vertex 158.185 28.5 -114.722
      vertex 158.142 25.5 -114.94
      vertex 158.185 25.5 -114.722
    endloop
  endfacet
  facet normal 0.0674139 0 0.997725
    outer loop
      vertex 156.278 28.5 -116.185
      vertex 156.5 25.5 -116.2
      vertex 156.5 28.5 -116.2
    endloop
  endfacet
  facet normal 0.0674139 0 0.997725
    outer loop
      vertex 156.5 25.5 -116.2
      vertex 156.278 28.5 -116.185
      vertex 156.278 25.5 -116.185
    endloop
  endfacet
  facet normal -0.445413 0 0.895325
    outer loop
      vertex 157.151 28.5 -116.071
      vertex 157.35 25.5 -115.972
      vertex 157.35 28.5 -115.972
    endloop
  endfacet
  facet normal -0.445413 0 0.895325
    outer loop
      vertex 157.35 25.5 -115.972
      vertex 157.151 28.5 -116.071
      vertex 157.151 25.5 -116.071
    endloop
  endfacet
  facet normal 0.997725 0 -0.0674139
    outer loop
      vertex 154.815 25.5 -114.278
      vertex 154.8 28.5 -114.5
      vertex 154.815 28.5 -114.278
    endloop
  endfacet
  facet normal 0.997725 0 -0.0674139
    outer loop
      vertex 154.8 28.5 -114.5
      vertex 154.815 25.5 -114.278
      vertex 154.8 25.5 -114.5
    endloop
  endfacet
  facet normal 0.832742 -0 0.553661
    outer loop
      vertex 155.028 25.5 -115.35
      vertex 155.151 28.5 -115.535
      vertex 155.028 28.5 -115.35
    endloop
  endfacet
  facet normal 0.832742 0 0.553661
    outer loop
      vertex 155.151 28.5 -115.535
      vertex 155.028 25.5 -115.35
      vertex 155.151 25.5 -115.535
    endloop
  endfacet
  facet normal 0.553661 0 0.832742
    outer loop
      vertex 155.465 28.5 -115.849
      vertex 155.65 25.5 -115.972
      vertex 155.65 28.5 -115.972
    endloop
  endfacet
  facet normal 0.553661 0 0.832742
    outer loop
      vertex 155.65 25.5 -115.972
      vertex 155.465 28.5 -115.849
      vertex 155.465 25.5 -115.849
    endloop
  endfacet
  facet normal 0.193519 0 0.981097
    outer loop
      vertex 156.06 28.5 -116.142
      vertex 156.278 25.5 -116.185
      vertex 156.278 28.5 -116.185
    endloop
  endfacet
  facet normal 0.193519 0 0.981097
    outer loop
      vertex 156.278 25.5 -116.185
      vertex 156.06 28.5 -116.142
      vertex 156.06 25.5 -116.142
    endloop
  endfacet
  facet normal -0.997725 0 0.0674139
    outer loop
      vertex 158.185 25.5 -114.722
      vertex 158.2 28.5 -114.5
      vertex 158.185 28.5 -114.722
    endloop
  endfacet
  facet normal -0.997725 0 0.0674139
    outer loop
      vertex 158.2 28.5 -114.5
      vertex 158.185 25.5 -114.722
      vertex 158.2 25.5 -114.5
    endloop
  endfacet
  facet normal -0.947781 0 -0.318922
    outer loop
      vertex 158.142 25.5 -114.06
      vertex 158.071 28.5 -113.849
      vertex 158.142 28.5 -114.06
    endloop
  endfacet
  facet normal -0.947781 -0 -0.318922
    outer loop
      vertex 158.071 28.5 -113.849
      vertex 158.142 25.5 -114.06
      vertex 158.071 25.5 -113.849
    endloop
  endfacet
  facet normal 0.553661 0 -0.832742
    outer loop
      vertex 155.465 25.5 -113.151
      vertex 155.65 28.5 -113.028
      vertex 155.65 25.5 -113.028
    endloop
  endfacet
  facet normal 0.553661 0 -0.832742
    outer loop
      vertex 155.65 28.5 -113.028
      vertex 155.465 25.5 -113.151
      vertex 155.465 28.5 -113.151
    endloop
  endfacet
  facet normal 0.832742 0 -0.553661
    outer loop
      vertex 155.151 25.5 -113.465
      vertex 155.028 28.5 -113.65
      vertex 155.151 28.5 -113.465
    endloop
  endfacet
  facet normal 0.832742 0 -0.553661
    outer loop
      vertex 155.028 28.5 -113.65
      vertex 155.151 25.5 -113.465
      vertex 155.028 25.5 -113.65
    endloop
  endfacet
  facet normal -0.553661 0 -0.832742
    outer loop
      vertex 157.35 25.5 -113.028
      vertex 157.535 28.5 -113.151
      vertex 157.535 25.5 -113.151
    endloop
  endfacet
  facet normal -0.553661 0 -0.832742
    outer loop
      vertex 157.535 28.5 -113.151
      vertex 157.35 25.5 -113.028
      vertex 157.35 28.5 -113.028
    endloop
  endfacet
  facet normal -0.660729 0 0.750624
    outer loop
      vertex 157.535 28.5 -115.849
      vertex 157.702 25.5 -115.702
      vertex 157.702 28.5 -115.702
    endloop
  endfacet
  facet normal -0.660729 0 0.750624
    outer loop
      vertex 157.702 25.5 -115.702
      vertex 157.535 28.5 -115.849
      vertex 157.535 25.5 -115.849
    endloop
  endfacet
  facet normal -0.750624 0 0.660729
    outer loop
      vertex 157.702 25.5 -115.702
      vertex 157.849 28.5 -115.535
      vertex 157.702 28.5 -115.702
    endloop
  endfacet
  facet normal -0.750624 0 0.660729
    outer loop
      vertex 157.849 28.5 -115.535
      vertex 157.702 25.5 -115.702
      vertex 157.849 25.5 -115.535
    endloop
  endfacet
  facet normal -0.193519 0 0.981097
    outer loop
      vertex 156.722 28.5 -116.185
      vertex 156.94 25.5 -116.142
      vertex 156.94 28.5 -116.142
    endloop
  endfacet
  facet normal -0.193519 0 0.981097
    outer loop
      vertex 156.94 25.5 -116.142
      vertex 156.722 28.5 -116.185
      vertex 156.722 25.5 -116.185
    endloop
  endfacet
  facet normal -0.0674139 0 0.997725
    outer loop
      vertex 156.5 28.5 -116.2
      vertex 156.722 25.5 -116.185
      vertex 156.722 28.5 -116.185
    endloop
  endfacet
  facet normal -0.0674139 0 0.997725
    outer loop
      vertex 156.722 25.5 -116.185
      vertex 156.5 28.5 -116.2
      vertex 156.5 25.5 -116.2
    endloop
  endfacet
  facet normal -0.553661 0 0.832742
    outer loop
      vertex 157.35 28.5 -115.972
      vertex 157.535 25.5 -115.849
      vertex 157.535 28.5 -115.849
    endloop
  endfacet
  facet normal -0.553661 0 0.832742
    outer loop
      vertex 157.535 25.5 -115.849
      vertex 157.35 28.5 -115.972
      vertex 157.35 25.5 -115.972
    endloop
  endfacet
  facet normal 0.981097 -0 0.193519
    outer loop
      vertex 154.815 25.5 -114.722
      vertex 154.858 28.5 -114.94
      vertex 154.815 28.5 -114.722
    endloop
  endfacet
  facet normal 0.981097 0 0.193519
    outer loop
      vertex 154.858 28.5 -114.94
      vertex 154.815 25.5 -114.722
      vertex 154.858 25.5 -114.94
    endloop
  endfacet
  facet normal 0.997725 -0 0.0674139
    outer loop
      vertex 154.8 25.5 -114.5
      vertex 154.815 28.5 -114.722
      vertex 154.8 28.5 -114.5
    endloop
  endfacet
  facet normal 0.997725 0 0.0674139
    outer loop
      vertex 154.815 28.5 -114.722
      vertex 154.8 25.5 -114.5
      vertex 154.815 25.5 -114.722
    endloop
  endfacet
  facet normal 0.895325 -0 0.445413
    outer loop
      vertex 154.929 25.5 -115.151
      vertex 155.028 28.5 -115.35
      vertex 154.929 28.5 -115.151
    endloop
  endfacet
  facet normal 0.895325 0 0.445413
    outer loop
      vertex 155.028 28.5 -115.35
      vertex 154.929 25.5 -115.151
      vertex 155.028 25.5 -115.35
    endloop
  endfacet
  facet normal 0.318922 0 0.947781
    outer loop
      vertex 155.849 28.5 -116.071
      vertex 156.06 25.5 -116.142
      vertex 156.06 28.5 -116.142
    endloop
  endfacet
  facet normal 0.318922 0 0.947781
    outer loop
      vertex 156.06 25.5 -116.142
      vertex 155.849 28.5 -116.071
      vertex 155.849 25.5 -116.071
    endloop
  endfacet
  facet normal 0.660729 0 0.750624
    outer loop
      vertex 155.298 28.5 -115.702
      vertex 155.465 25.5 -115.849
      vertex 155.465 28.5 -115.849
    endloop
  endfacet
  facet normal 0.660729 0 0.750624
    outer loop
      vertex 155.465 25.5 -115.849
      vertex 155.298 28.5 -115.702
      vertex 155.298 25.5 -115.702
    endloop
  endfacet
  facet normal 0.750624 -0 0.660729
    outer loop
      vertex 155.151 25.5 -115.535
      vertex 155.298 28.5 -115.702
      vertex 155.151 28.5 -115.535
    endloop
  endfacet
  facet normal 0.750624 0 0.660729
    outer loop
      vertex 155.298 28.5 -115.702
      vertex 155.151 25.5 -115.535
      vertex 155.298 25.5 -115.702
    endloop
  endfacet
  facet normal -0.997725 0 -0.0674139
    outer loop
      vertex 158.2 25.5 -114.5
      vertex 158.185 28.5 -114.278
      vertex 158.2 28.5 -114.5
    endloop
  endfacet
  facet normal -0.997725 -0 -0.0674139
    outer loop
      vertex 158.185 28.5 -114.278
      vertex 158.2 25.5 -114.5
      vertex 158.185 25.5 -114.278
    endloop
  endfacet
  facet normal -0.832742 0 -0.553661
    outer loop
      vertex 157.972 25.5 -113.65
      vertex 157.849 28.5 -113.465
      vertex 157.972 28.5 -113.65
    endloop
  endfacet
  facet normal -0.832742 -0 -0.553661
    outer loop
      vertex 157.849 28.5 -113.465
      vertex 157.972 25.5 -113.65
      vertex 157.849 25.5 -113.465
    endloop
  endfacet
  facet normal 0.981097 0 -0.193519
    outer loop
      vertex 154.858 25.5 -114.06
      vertex 154.815 28.5 -114.278
      vertex 154.858 28.5 -114.06
    endloop
  endfacet
  facet normal 0.981097 0 -0.193519
    outer loop
      vertex 154.815 28.5 -114.278
      vertex 154.858 25.5 -114.06
      vertex 154.815 25.5 -114.278
    endloop
  endfacet
  facet normal 0.750624 0 -0.660729
    outer loop
      vertex 155.298 25.5 -113.298
      vertex 155.151 28.5 -113.465
      vertex 155.298 28.5 -113.298
    endloop
  endfacet
  facet normal 0.750624 0 -0.660729
    outer loop
      vertex 155.151 28.5 -113.465
      vertex 155.298 25.5 -113.298
      vertex 155.151 25.5 -113.465
    endloop
  endfacet
  facet normal -0.193519 0 -0.981097
    outer loop
      vertex 156.722 25.5 -112.815
      vertex 156.94 28.5 -112.858
      vertex 156.94 25.5 -112.858
    endloop
  endfacet
  facet normal -0.193519 0 -0.981097
    outer loop
      vertex 156.94 28.5 -112.858
      vertex 156.722 25.5 -112.815
      vertex 156.722 28.5 -112.815
    endloop
  endfacet
  facet normal -0.660729 0 -0.750624
    outer loop
      vertex 157.535 25.5 -113.151
      vertex 157.702 28.5 -113.298
      vertex 157.702 25.5 -113.298
    endloop
  endfacet
  facet normal -0.660729 0 -0.750624
    outer loop
      vertex 157.702 28.5 -113.298
      vertex 157.535 25.5 -113.151
      vertex 157.535 28.5 -113.151
    endloop
  endfacet
  facet normal -0.895325 0 0.445413
    outer loop
      vertex 157.972 25.5 -115.35
      vertex 158.071 28.5 -115.151
      vertex 157.972 28.5 -115.35
    endloop
  endfacet
  facet normal -0.895325 0 0.445413
    outer loop
      vertex 158.071 28.5 -115.151
      vertex 157.972 25.5 -115.35
      vertex 158.071 25.5 -115.151
    endloop
  endfacet
  facet normal -0.947781 0 0.318922
    outer loop
      vertex 158.071 25.5 -115.151
      vertex 158.142 28.5 -114.94
      vertex 158.071 28.5 -115.151
    endloop
  endfacet
  facet normal -0.947781 0 0.318922
    outer loop
      vertex 158.142 28.5 -114.94
      vertex 158.071 25.5 -115.151
      vertex 158.142 25.5 -114.94
    endloop
  endfacet
  facet normal -0.895325 0 -0.445413
    outer loop
      vertex 158.071 25.5 -113.849
      vertex 157.972 28.5 -113.65
      vertex 158.071 28.5 -113.849
    endloop
  endfacet
  facet normal -0.895325 -0 -0.445413
    outer loop
      vertex 157.972 28.5 -113.65
      vertex 158.071 25.5 -113.849
      vertex 157.972 25.5 -113.65
    endloop
  endfacet
  facet normal -0.0674139 0 -0.997725
    outer loop
      vertex 156.5 25.5 -112.8
      vertex 156.722 28.5 -112.815
      vertex 156.722 25.5 -112.815
    endloop
  endfacet
  facet normal -0.0674139 0 -0.997725
    outer loop
      vertex 156.722 28.5 -112.815
      vertex 156.5 25.5 -112.8
      vertex 156.5 28.5 -112.8
    endloop
  endfacet
  facet normal 0.895325 0 -0.445413
    outer loop
      vertex 155.028 25.5 -113.65
      vertex 154.929 28.5 -113.849
      vertex 155.028 28.5 -113.65
    endloop
  endfacet
  facet normal 0.895325 0 -0.445413
    outer loop
      vertex 154.929 28.5 -113.849
      vertex 155.028 25.5 -113.65
      vertex 154.929 25.5 -113.849
    endloop
  endfacet
  facet normal 0.947781 0 -0.318922
    outer loop
      vertex 154.929 25.5 -113.849
      vertex 154.858 28.5 -114.06
      vertex 154.929 28.5 -113.849
    endloop
  endfacet
  facet normal 0.947781 0 -0.318922
    outer loop
      vertex 154.858 28.5 -114.06
      vertex 154.929 25.5 -113.849
      vertex 154.858 25.5 -114.06
    endloop
  endfacet
  facet normal 0.660729 0 -0.750624
    outer loop
      vertex 155.298 25.5 -113.298
      vertex 155.465 28.5 -113.151
      vertex 155.465 25.5 -113.151
    endloop
  endfacet
  facet normal 0.660729 0 -0.750624
    outer loop
      vertex 155.465 28.5 -113.151
      vertex 155.298 25.5 -113.298
      vertex 155.298 28.5 -113.298
    endloop
  endfacet
  facet normal -0.445413 0 -0.895325
    outer loop
      vertex 157.151 25.5 -112.929
      vertex 157.35 28.5 -113.028
      vertex 157.35 25.5 -113.028
    endloop
  endfacet
  facet normal -0.445413 0 -0.895325
    outer loop
      vertex 157.35 28.5 -113.028
      vertex 157.151 25.5 -112.929
      vertex 157.151 28.5 -112.929
    endloop
  endfacet
  facet normal -0.318922 0 -0.947781
    outer loop
      vertex 156.94 25.5 -112.858
      vertex 157.151 28.5 -112.929
      vertex 157.151 25.5 -112.929
    endloop
  endfacet
  facet normal -0.318922 0 -0.947781
    outer loop
      vertex 157.151 28.5 -112.929
      vertex 156.94 25.5 -112.858
      vertex 156.94 28.5 -112.858
    endloop
  endfacet
  facet normal -0.750624 0 -0.660729
    outer loop
      vertex 157.849 25.5 -113.465
      vertex 157.702 28.5 -113.298
      vertex 157.849 28.5 -113.465
    endloop
  endfacet
  facet normal -0.750624 -0 -0.660729
    outer loop
      vertex 157.702 28.5 -113.298
      vertex 157.849 25.5 -113.465
      vertex 157.702 25.5 -113.298
    endloop
  endfacet
  facet normal 0.193519 0 -0.981097
    outer loop
      vertex 156.06 25.5 -112.858
      vertex 156.278 28.5 -112.815
      vertex 156.278 25.5 -112.815
    endloop
  endfacet
  facet normal 0.193519 0 -0.981097
    outer loop
      vertex 156.278 28.5 -112.815
      vertex 156.06 25.5 -112.858
      vertex 156.06 28.5 -112.858
    endloop
  endfacet
  facet normal 0.318922 0 -0.947781
    outer loop
      vertex 155.849 25.5 -112.929
      vertex 156.06 28.5 -112.858
      vertex 156.06 25.5 -112.858
    endloop
  endfacet
  facet normal 0.318922 0 -0.947781
    outer loop
      vertex 156.06 28.5 -112.858
      vertex 155.849 25.5 -112.929
      vertex 155.849 28.5 -112.929
    endloop
  endfacet
  facet normal 0.0674139 0 -0.997725
    outer loop
      vertex 156.278 25.5 -112.815
      vertex 156.5 28.5 -112.8
      vertex 156.5 25.5 -112.8
    endloop
  endfacet
  facet normal 0.0674139 0 -0.997725
    outer loop
      vertex 156.5 28.5 -112.8
      vertex 156.278 25.5 -112.815
      vertex 156.278 28.5 -112.815
    endloop
  endfacet
  facet normal 0.445413 0 -0.895325
    outer loop
      vertex 155.65 25.5 -113.028
      vertex 155.849 28.5 -112.929
      vertex 155.849 25.5 -112.929
    endloop
  endfacet
  facet normal 0.445413 0 -0.895325
    outer loop
      vertex 155.849 28.5 -112.929
      vertex 155.65 25.5 -113.028
      vertex 155.65 28.5 -113.028
    endloop
  endfacet
  facet normal -0.99786 0 0.0653866
    outer loop
      vertex 2.18546 25.5 -0.721894
      vertex 2.2 28.5 -0.5
      vertex 2.18546 28.5 -0.721894
    endloop
  endfacet
  facet normal -0.99786 0 0.0653866
    outer loop
      vertex 2.2 28.5 -0.5
      vertex 2.18546 25.5 -0.721894
      vertex 2.2 25.5 -0.5
    endloop
  endfacet
  facet normal 0.0653863 0 0.99786
    outer loop
      vertex 0.278105 28.5 -2.18546
      vertex 0.5 25.5 -2.2
      vertex 0.5 28.5 -2.2
    endloop
  endfacet
  facet normal 0.0653863 0 0.99786
    outer loop
      vertex 0.5 25.5 -2.2
      vertex 0.278105 28.5 -2.18546
      vertex 0.278105 25.5 -2.18546
    endloop
  endfacet
  facet normal -0.659342 0 0.751844
    outer loop
      vertex 1.53489 28.5 -1.8487
      vertex 1.70208 25.5 -1.70208
      vertex 1.70208 28.5 -1.70208
    endloop
  endfacet
  facet normal -0.659342 0 0.751844
    outer loop
      vertex 1.70208 25.5 -1.70208
      vertex 1.53489 28.5 -1.8487
      vertex 1.53489 25.5 -1.8487
    endloop
  endfacet
  facet normal 0.751844 -0 0.659342
    outer loop
      vertex -0.848701 25.5 -1.53489
      vertex -0.702081 28.5 -1.70208
      vertex -0.848701 28.5 -1.53489
    endloop
  endfacet
  facet normal 0.751844 0 0.659342
    outer loop
      vertex -0.702081 28.5 -1.70208
      vertex -0.848701 25.5 -1.53489
      vertex -0.702081 25.5 -1.70208
    endloop
  endfacet
  facet normal 0.442282 0 0.896876
    outer loop
      vertex -0.349999 28.5 -1.97224
      vertex -0.150561 25.5 -2.07059
      vertex -0.150561 28.5 -2.07059
    endloop
  endfacet
  facet normal 0.442282 0 0.896876
    outer loop
      vertex -0.150561 25.5 -2.07059
      vertex -0.349999 28.5 -1.97224
      vertex -0.349999 25.5 -1.97224
    endloop
  endfacet
  facet normal -0.831476 0 -0.555561
    outer loop
      vertex 1.97224 25.5 0.349999
      vertex 1.8487 28.5 0.534894
      vertex 1.97224 28.5 0.349999
    endloop
  endfacet
  facet normal -0.831476 -0 -0.555561
    outer loop
      vertex 1.8487 28.5 0.534894
      vertex 1.97224 25.5 0.349999
      vertex 1.8487 25.5 0.534894
    endloop
  endfacet
  facet normal -0.896878 0 0.442278
    outer loop
      vertex 1.97224 25.5 -1.35
      vertex 2.07059 28.5 -1.15056
      vertex 1.97224 28.5 -1.35
    endloop
  endfacet
  facet normal -0.896878 0 0.442278
    outer loop
      vertex 2.07059 28.5 -1.15056
      vertex 1.97224 25.5 -1.35
      vertex 2.07059 25.5 -1.15056
    endloop
  endfacet
  facet normal -0.980779 0 0.195123
    outer loop
      vertex 2.14207 25.5 -0.939992
      vertex 2.18546 28.5 -0.721894
      vertex 2.14207 28.5 -0.939992
    endloop
  endfacet
  facet normal -0.980779 0 0.195123
    outer loop
      vertex 2.18546 28.5 -0.721894
      vertex 2.14207 25.5 -0.939992
      vertex 2.18546 25.5 -0.721894
    endloop
  endfacet
  facet normal -0.831469 0 0.555572
    outer loop
      vertex 1.8487 25.5 -1.53489
      vertex 1.97224 28.5 -1.35
      vertex 1.8487 28.5 -1.53489
    endloop
  endfacet
  facet normal -0.831469 0 0.555572
    outer loop
      vertex 1.97224 28.5 -1.35
      vertex 1.8487 25.5 -1.53489
      vertex 1.97224 25.5 -1.35
    endloop
  endfacet
  facet normal -0.321447 0 0.946928
    outer loop
      vertex 0.939992 28.5 -2.14207
      vertex 1.15056 25.5 -2.07059
      vertex 1.15056 28.5 -2.07059
    endloop
  endfacet
  facet normal -0.321447 0 0.946928
    outer loop
      vertex 1.15056 25.5 -2.07059
      vertex 0.939992 28.5 -2.14207
      vertex 0.939992 25.5 -2.14207
    endloop
  endfacet
  facet normal -0.555572 0 0.831469
    outer loop
      vertex 1.35 28.5 -1.97224
      vertex 1.53489 25.5 -1.8487
      vertex 1.53489 28.5 -1.8487
    endloop
  endfacet
  facet normal -0.555572 0 0.831469
    outer loop
      vertex 1.53489 25.5 -1.8487
      vertex 1.35 28.5 -1.97224
      vertex 1.35 25.5 -1.97224
    endloop
  endfacet
  facet normal 0.946928 -0 0.321447
    outer loop
      vertex -1.14207 25.5 -0.939992
      vertex -1.07059 28.5 -1.15056
      vertex -1.14207 28.5 -0.939992
    endloop
  endfacet
  facet normal 0.946928 0 0.321447
    outer loop
      vertex -1.07059 28.5 -1.15056
      vertex -1.14207 25.5 -0.939992
      vertex -1.07059 25.5 -1.15056
    endloop
  endfacet
  facet normal 0.896882 -0 0.442271
    outer loop
      vertex -1.07059 25.5 -1.15056
      vertex -0.972242 28.5 -1.35
      vertex -1.07059 28.5 -1.15056
    endloop
  endfacet
  facet normal 0.896882 0 0.442271
    outer loop
      vertex -0.972242 28.5 -1.35
      vertex -1.07059 25.5 -1.15056
      vertex -0.972242 25.5 -1.35
    endloop
  endfacet
  facet normal 0.99786 -0 0.0653866
    outer loop
      vertex -1.2 25.5 -0.5
      vertex -1.18546 28.5 -0.721894
      vertex -1.2 28.5 -0.5
    endloop
  endfacet
  facet normal 0.99786 0 0.0653866
    outer loop
      vertex -1.18546 28.5 -0.721894
      vertex -1.2 25.5 -0.5
      vertex -1.18546 25.5 -0.721894
    endloop
  endfacet
  facet normal 0.555561 0 0.831476
    outer loop
      vertex -0.534894 28.5 -1.8487
      vertex -0.349999 25.5 -1.97224
      vertex -0.349999 28.5 -1.97224
    endloop
  endfacet
  facet normal 0.555561 0 0.831476
    outer loop
      vertex -0.349999 25.5 -1.97224
      vertex -0.534894 28.5 -1.8487
      vertex -0.534894 25.5 -1.8487
    endloop
  endfacet
  facet normal 0.195123 0 0.980779
    outer loop
      vertex 0.0600071 28.5 -2.14207
      vertex 0.278105 25.5 -2.18546
      vertex 0.278105 28.5 -2.18546
    endloop
  endfacet
  facet normal 0.195123 0 0.980779
    outer loop
      vertex 0.278105 25.5 -2.18546
      vertex 0.0600071 28.5 -2.14207
      vertex 0.0600071 25.5 -2.14207
    endloop
  endfacet
  facet normal -0.99786 0 -0.0653863
    outer loop
      vertex 2.2 25.5 -0.5
      vertex 2.18546 28.5 -0.278105
      vertex 2.2 28.5 -0.5
    endloop
  endfacet
  facet normal -0.99786 -0 -0.0653863
    outer loop
      vertex 2.18546 28.5 -0.278105
      vertex 2.2 25.5 -0.5
      vertex 2.18546 25.5 -0.278105
    endloop
  endfacet
  facet normal -0.195123 0 -0.980779
    outer loop
      vertex 0.721894 25.5 1.18546
      vertex 0.939992 28.5 1.14207
      vertex 0.939992 25.5 1.14207
    endloop
  endfacet
  facet normal -0.195123 0 -0.980779
    outer loop
      vertex 0.939992 28.5 1.14207
      vertex 0.721894 25.5 1.18546
      vertex 0.721894 28.5 1.18546
    endloop
  endfacet
  facet normal -0.946928 0 0.321447
    outer loop
      vertex 2.07059 25.5 -1.15056
      vertex 2.14207 28.5 -0.939992
      vertex 2.07059 28.5 -1.15056
    endloop
  endfacet
  facet normal -0.946928 0 0.321447
    outer loop
      vertex 2.14207 28.5 -0.939992
      vertex 2.07059 25.5 -1.15056
      vertex 2.14207 25.5 -0.939992
    endloop
  endfacet
  facet normal -0.751844 0 0.659342
    outer loop
      vertex 1.70208 25.5 -1.70208
      vertex 1.8487 28.5 -1.53489
      vertex 1.70208 28.5 -1.70208
    endloop
  endfacet
  facet normal -0.751844 0 0.659342
    outer loop
      vertex 1.8487 28.5 -1.53489
      vertex 1.70208 25.5 -1.70208
      vertex 1.8487 25.5 -1.53489
    endloop
  endfacet
  facet normal -0.195123 0 0.980779
    outer loop
      vertex 0.721894 28.5 -2.18546
      vertex 0.939992 25.5 -2.14207
      vertex 0.939992 28.5 -2.14207
    endloop
  endfacet
  facet normal -0.195123 0 0.980779
    outer loop
      vertex 0.939992 25.5 -2.14207
      vertex 0.721894 28.5 -2.18546
      vertex 0.721894 25.5 -2.18546
    endloop
  endfacet
  facet normal -0.0653866 0 0.99786
    outer loop
      vertex 0.5 28.5 -2.2
      vertex 0.721894 25.5 -2.18546
      vertex 0.721894 28.5 -2.18546
    endloop
  endfacet
  facet normal -0.0653866 0 0.99786
    outer loop
      vertex 0.721894 25.5 -2.18546
      vertex 0.5 28.5 -2.2
      vertex 0.5 25.5 -2.2
    endloop
  endfacet
  facet normal -0.442278 0 0.896878
    outer loop
      vertex 1.15056 28.5 -2.07059
      vertex 1.35 25.5 -1.97224
      vertex 1.35 28.5 -1.97224
    endloop
  endfacet
  facet normal -0.442278 0 0.896878
    outer loop
      vertex 1.35 25.5 -1.97224
      vertex 1.15056 28.5 -2.07059
      vertex 1.15056 25.5 -2.07059
    endloop
  endfacet
  facet normal 0.99786 0 -0.0653863
    outer loop
      vertex -1.18546 25.5 -0.278105
      vertex -1.2 28.5 -0.5
      vertex -1.18546 28.5 -0.278105
    endloop
  endfacet
  facet normal 0.99786 0 -0.0653863
    outer loop
      vertex -1.2 28.5 -0.5
      vertex -1.18546 25.5 -0.278105
      vertex -1.2 25.5 -0.5
    endloop
  endfacet
  facet normal -0.555575 0 -0.831467
    outer loop
      vertex 1.35 25.5 0.972242
      vertex 1.53489 28.5 0.848701
      vertex 1.53489 25.5 0.848701
    endloop
  endfacet
  facet normal -0.555575 0 -0.831467
    outer loop
      vertex 1.53489 28.5 0.848701
      vertex 1.35 25.5 0.972242
      vertex 1.35 28.5 0.972242
    endloop
  endfacet
  facet normal -0.946928 0 -0.321447
    outer loop
      vertex 2.14207 25.5 -0.0600071
      vertex 2.07059 28.5 0.150561
      vertex 2.14207 28.5 -0.0600071
    endloop
  endfacet
  facet normal -0.946928 -0 -0.321447
    outer loop
      vertex 2.07059 28.5 0.150561
      vertex 2.14207 25.5 -0.0600071
      vertex 2.07059 25.5 0.150561
    endloop
  endfacet
  facet normal -0.896876 0 -0.442282
    outer loop
      vertex 2.07059 25.5 0.150561
      vertex 1.97224 28.5 0.349999
      vertex 2.07059 28.5 0.150561
    endloop
  endfacet
  facet normal -0.896876 -0 -0.442282
    outer loop
      vertex 1.97224 28.5 0.349999
      vertex 2.07059 25.5 0.150561
      vertex 1.97224 25.5 0.349999
    endloop
  endfacet
  facet normal -0.980779 0 -0.195123
    outer loop
      vertex 2.18546 25.5 -0.278105
      vertex 2.14207 28.5 -0.0600071
      vertex 2.18546 28.5 -0.278105
    endloop
  endfacet
  facet normal -0.980779 -0 -0.195123
    outer loop
      vertex 2.14207 28.5 -0.0600071
      vertex 2.18546 25.5 -0.278105
      vertex 2.14207 25.5 -0.0600071
    endloop
  endfacet
  facet normal 0.831474 0 -0.555564
    outer loop
      vertex -0.848701 25.5 0.534894
      vertex -0.972242 28.5 0.349999
      vertex -0.848701 28.5 0.534894
    endloop
  endfacet
  facet normal 0.831474 0 -0.555564
    outer loop
      vertex -0.972242 28.5 0.349999
      vertex -0.848701 25.5 0.534894
      vertex -0.972242 25.5 0.349999
    endloop
  endfacet
  facet normal 0.980779 0 -0.195123
    outer loop
      vertex -1.14207 25.5 -0.0600071
      vertex -1.18546 28.5 -0.278105
      vertex -1.14207 28.5 -0.0600071
    endloop
  endfacet
  facet normal 0.980779 0 -0.195123
    outer loop
      vertex -1.18546 28.5 -0.278105
      vertex -1.14207 25.5 -0.0600071
      vertex -1.18546 25.5 -0.278105
    endloop
  endfacet
  facet normal 0.89688 0 -0.442274
    outer loop
      vertex -0.972242 25.5 0.349999
      vertex -1.07059 28.5 0.150561
      vertex -0.972242 28.5 0.349999
    endloop
  endfacet
  facet normal 0.89688 0 -0.442274
    outer loop
      vertex -1.07059 28.5 0.150561
      vertex -0.972242 25.5 0.349999
      vertex -1.07059 25.5 0.150561
    endloop
  endfacet
  facet normal -0.442271 0 -0.896882
    outer loop
      vertex 1.15056 25.5 1.07059
      vertex 1.35 28.5 0.972242
      vertex 1.35 25.5 0.972242
    endloop
  endfacet
  facet normal -0.442271 0 -0.896882
    outer loop
      vertex 1.35 28.5 0.972242
      vertex 1.15056 25.5 1.07059
      vertex 1.15056 28.5 1.07059
    endloop
  endfacet
  facet normal -0.321447 0 -0.946928
    outer loop
      vertex 0.939992 25.5 1.14207
      vertex 1.15056 28.5 1.07059
      vertex 1.15056 25.5 1.07059
    endloop
  endfacet
  facet normal -0.321447 0 -0.946928
    outer loop
      vertex 1.15056 28.5 1.07059
      vertex 0.939992 25.5 1.14207
      vertex 0.939992 28.5 1.14207
    endloop
  endfacet
  facet normal 0.831467 -0 0.555575
    outer loop
      vertex -0.972242 25.5 -1.35
      vertex -0.848701 28.5 -1.53489
      vertex -0.972242 28.5 -1.35
    endloop
  endfacet
  facet normal 0.831467 0 0.555575
    outer loop
      vertex -0.848701 28.5 -1.53489
      vertex -0.972242 25.5 -1.35
      vertex -0.848701 25.5 -1.53489
    endloop
  endfacet
  facet normal 0.980779 -0 0.195123
    outer loop
      vertex -1.18546 25.5 -0.721894
      vertex -1.14207 28.5 -0.939992
      vertex -1.18546 28.5 -0.721894
    endloop
  endfacet
  facet normal 0.980779 0 0.195123
    outer loop
      vertex -1.14207 28.5 -0.939992
      vertex -1.18546 25.5 -0.721894
      vertex -1.14207 25.5 -0.939992
    endloop
  endfacet
  facet normal 0.659348 0 0.751838
    outer loop
      vertex -0.702081 28.5 -1.70208
      vertex -0.534894 25.5 -1.8487
      vertex -0.534894 28.5 -1.8487
    endloop
  endfacet
  facet normal 0.659348 0 0.751838
    outer loop
      vertex -0.534894 25.5 -1.8487
      vertex -0.702081 28.5 -1.70208
      vertex -0.702081 25.5 -1.70208
    endloop
  endfacet
  facet normal 0.321447 0 0.946928
    outer loop
      vertex -0.150561 28.5 -2.07059
      vertex 0.0600071 25.5 -2.14207
      vertex 0.0600071 28.5 -2.14207
    endloop
  endfacet
  facet normal 0.321447 0 0.946928
    outer loop
      vertex 0.0600071 25.5 -2.14207
      vertex -0.150561 28.5 -2.07059
      vertex -0.150561 25.5 -2.07059
    endloop
  endfacet
  facet normal -0.0653866 0 -0.99786
    outer loop
      vertex 0.5 25.5 1.2
      vertex 0.721894 28.5 1.18546
      vertex 0.721894 25.5 1.18546
    endloop
  endfacet
  facet normal -0.0653866 0 -0.99786
    outer loop
      vertex 0.721894 28.5 1.18546
      vertex 0.5 25.5 1.2
      vertex 0.5 28.5 1.2
    endloop
  endfacet
  facet normal 0.946928 0 -0.321447
    outer loop
      vertex -1.07059 25.5 0.150561
      vertex -1.14207 28.5 -0.0600071
      vertex -1.07059 28.5 0.150561
    endloop
  endfacet
  facet normal 0.946928 0 -0.321447
    outer loop
      vertex -1.14207 28.5 -0.0600071
      vertex -1.07059 25.5 0.150561
      vertex -1.14207 25.5 -0.0600071
    endloop
  endfacet
  facet normal -0.659342 0 -0.751844
    outer loop
      vertex 1.53489 25.5 0.848701
      vertex 1.70208 28.5 0.702081
      vertex 1.70208 25.5 0.702081
    endloop
  endfacet
  facet normal -0.659342 0 -0.751844
    outer loop
      vertex 1.70208 28.5 0.702081
      vertex 1.53489 25.5 0.848701
      vertex 1.53489 28.5 0.848701
    endloop
  endfacet
  facet normal -0.751838 0 -0.659348
    outer loop
      vertex 1.8487 25.5 0.534894
      vertex 1.70208 28.5 0.702081
      vertex 1.8487 28.5 0.534894
    endloop
  endfacet
  facet normal -0.751838 -0 -0.659348
    outer loop
      vertex 1.70208 28.5 0.702081
      vertex 1.8487 25.5 0.534894
      vertex 1.70208 25.5 0.702081
    endloop
  endfacet
  facet normal 0.195123 0 -0.980779
    outer loop
      vertex 0.0600071 25.5 1.14207
      vertex 0.278105 28.5 1.18546
      vertex 0.278105 25.5 1.18546
    endloop
  endfacet
  facet normal 0.195123 0 -0.980779
    outer loop
      vertex 0.278105 28.5 1.18546
      vertex 0.0600071 25.5 1.14207
      vertex 0.0600071 28.5 1.14207
    endloop
  endfacet
  facet normal 0.442274 0 -0.89688
    outer loop
      vertex -0.349999 25.5 0.972242
      vertex -0.150561 28.5 1.07059
      vertex -0.150561 25.5 1.07059
    endloop
  endfacet
  facet normal 0.442274 0 -0.89688
    outer loop
      vertex -0.150561 28.5 1.07059
      vertex -0.349999 25.5 0.972242
      vertex -0.349999 28.5 0.972242
    endloop
  endfacet
  facet normal 0.321447 0 -0.946928
    outer loop
      vertex -0.150561 25.5 1.07059
      vertex 0.0600071 28.5 1.14207
      vertex 0.0600071 25.5 1.14207
    endloop
  endfacet
  facet normal 0.321447 0 -0.946928
    outer loop
      vertex 0.0600071 28.5 1.14207
      vertex -0.150561 25.5 1.07059
      vertex -0.150561 28.5 1.07059
    endloop
  endfacet
  facet normal 0.555564 0 -0.831474
    outer loop
      vertex -0.534894 25.5 0.848701
      vertex -0.349999 28.5 0.972242
      vertex -0.349999 25.5 0.972242
    endloop
  endfacet
  facet normal 0.555564 0 -0.831474
    outer loop
      vertex -0.349999 28.5 0.972242
      vertex -0.534894 25.5 0.848701
      vertex -0.534894 28.5 0.848701
    endloop
  endfacet
  facet normal 0.659348 0 -0.751838
    outer loop
      vertex -0.702081 25.5 0.702081
      vertex -0.534894 28.5 0.848701
      vertex -0.534894 25.5 0.848701
    endloop
  endfacet
  facet normal 0.659348 0 -0.751838
    outer loop
      vertex -0.534894 28.5 0.848701
      vertex -0.702081 25.5 0.702081
      vertex -0.702081 28.5 0.702081
    endloop
  endfacet
  facet normal 0.751838 0 -0.659348
    outer loop
      vertex -0.702081 25.5 0.702081
      vertex -0.848701 28.5 0.534894
      vertex -0.702081 28.5 0.702081
    endloop
  endfacet
  facet normal 0.751838 0 -0.659348
    outer loop
      vertex -0.848701 28.5 0.534894
      vertex -0.702081 25.5 0.702081
      vertex -0.848701 25.5 0.534894
    endloop
  endfacet
  facet normal 0.0653863 0 -0.99786
    outer loop
      vertex 0.278105 25.5 1.18546
      vertex 0.5 28.5 1.2
      vertex 0.5 25.5 1.2
    endloop
  endfacet
  facet normal 0.0653863 0 -0.99786
    outer loop
      vertex 0.5 28.5 1.2
      vertex 0.278105 25.5 1.18546
      vertex 0.278105 28.5 1.18546
    endloop
  endfacet
  facet normal -0.83259 0 0.553889
    outer loop
      vertex 157.849 25.5 -1.53489
      vertex 157.972 28.5 -1.35
      vertex 157.849 28.5 -1.53489
    endloop
  endfacet
  facet normal -0.83259 0 0.553889
    outer loop
      vertex 157.972 28.5 -1.35
      vertex 157.849 25.5 -1.53489
      vertex 157.972 25.5 -1.35
    endloop
  endfacet
  facet normal -0.320856 0 0.947128
    outer loop
      vertex 156.94 28.5 -2.14207
      vertex 157.151 25.5 -2.07059
      vertex 157.151 28.5 -2.07059
    endloop
  endfacet
  facet normal -0.320856 0 0.947128
    outer loop
      vertex 157.151 25.5 -2.07059
      vertex 156.94 28.5 -2.14207
      vertex 156.94 25.5 -2.14207
    endloop
  endfacet
  facet normal 0.443064 0 0.89649
    outer loop
      vertex 155.65 28.5 -1.97224
      vertex 155.849 25.5 -2.07059
      vertex 155.849 28.5 -2.07059
    endloop
  endfacet
  facet normal 0.443064 0 0.89649
    outer loop
      vertex 155.849 25.5 -2.07059
      vertex 155.65 28.5 -1.97224
      vertex 155.65 25.5 -1.97224
    endloop
  endfacet
  facet normal 0.947583 -0 0.319509
    outer loop
      vertex 154.858 25.5 -0.939992
      vertex 154.929 28.5 -1.15056
      vertex 154.858 28.5 -0.939992
    endloop
  endfacet
  facet normal 0.947583 0 0.319509
    outer loop
      vertex 154.929 28.5 -1.15056
      vertex 154.858 25.5 -0.939992
      vertex 154.929 25.5 -1.15056
    endloop
  endfacet
  facet normal -0.981113 0 -0.193435
    outer loop
      vertex 158.185 25.5 -0.278105
      vertex 158.142 28.5 -0.0600071
      vertex 158.185 28.5 -0.278105
    endloop
  endfacet
  facet normal -0.981113 -0 -0.193435
    outer loop
      vertex 158.142 28.5 -0.0600071
      vertex 158.185 25.5 -0.278105
      vertex 158.142 25.5 -0.0600071
    endloop
  endfacet
  facet normal -0.981113 0 0.193435
    outer loop
      vertex 158.142 25.5 -0.939992
      vertex 158.185 28.5 -0.721894
      vertex 158.142 28.5 -0.939992
    endloop
  endfacet
  facet normal -0.981113 0 0.193435
    outer loop
      vertex 158.185 28.5 -0.721894
      vertex 158.142 25.5 -0.939992
      vertex 158.185 25.5 -0.721894
    endloop
  endfacet
  facet normal 0.0653555 0 0.997862
    outer loop
      vertex 156.278 28.5 -2.18546
      vertex 156.5 25.5 -2.2
      vertex 156.5 28.5 -2.2
    endloop
  endfacet
  facet normal 0.0653555 0 0.997862
    outer loop
      vertex 156.5 25.5 -2.2
      vertex 156.278 28.5 -2.18546
      vertex 156.278 25.5 -2.18546
    endloop
  endfacet
  facet normal -0.443064 0 0.89649
    outer loop
      vertex 157.151 28.5 -2.07059
      vertex 157.35 25.5 -1.97224
      vertex 157.35 28.5 -1.97224
    endloop
  endfacet
  facet normal -0.443064 0 0.89649
    outer loop
      vertex 157.35 25.5 -1.97224
      vertex 157.151 28.5 -2.07059
      vertex 157.151 25.5 -2.07059
    endloop
  endfacet
  facet normal 0.997723 0 -0.0674456
    outer loop
      vertex 154.815 25.5 -0.278105
      vertex 154.8 28.5 -0.5
      vertex 154.815 28.5 -0.278105
    endloop
  endfacet
  facet normal 0.997723 0 -0.0674456
    outer loop
      vertex 154.8 28.5 -0.5
      vertex 154.815 25.5 -0.278105
      vertex 154.8 25.5 -0.5
    endloop
  endfacet
  facet normal 0.83259 -0 0.553889
    outer loop
      vertex 155.028 25.5 -1.35
      vertex 155.151 28.5 -1.53489
      vertex 155.028 28.5 -1.35
    endloop
  endfacet
  facet normal 0.83259 0 0.553889
    outer loop
      vertex 155.151 28.5 -1.53489
      vertex 155.028 25.5 -1.35
      vertex 155.151 25.5 -1.53489
    endloop
  endfacet
  facet normal 0.555343 0 0.831621
    outer loop
      vertex 155.465 28.5 -1.8487
      vertex 155.65 25.5 -1.97224
      vertex 155.65 28.5 -1.97224
    endloop
  endfacet
  facet normal 0.555343 0 0.831621
    outer loop
      vertex 155.65 25.5 -1.97224
      vertex 155.465 28.5 -1.8487
      vertex 155.465 25.5 -1.8487
    endloop
  endfacet
  facet normal 0.195208 0 0.980762
    outer loop
      vertex 156.06 28.5 -2.14207
      vertex 156.278 25.5 -2.18546
      vertex 156.278 28.5 -2.18546
    endloop
  endfacet
  facet normal 0.195208 0 0.980762
    outer loop
      vertex 156.278 25.5 -2.18546
      vertex 156.06 28.5 -2.14207
      vertex 156.06 25.5 -2.14207
    endloop
  endfacet
  facet normal -0.997723 0 0.0674459
    outer loop
      vertex 158.185 25.5 -0.721894
      vertex 158.2 28.5 -0.5
      vertex 158.185 28.5 -0.721894
    endloop
  endfacet
  facet normal -0.997723 0 0.0674459
    outer loop
      vertex 158.2 28.5 -0.5
      vertex 158.185 25.5 -0.721894
      vertex 158.2 25.5 -0.5
    endloop
  endfacet
  facet normal -0.947583 0 -0.319509
    outer loop
      vertex 158.142 25.5 -0.0600071
      vertex 158.071 28.5 0.150561
      vertex 158.142 28.5 -0.0600071
    endloop
  endfacet
  facet normal -0.947583 -0 -0.319509
    outer loop
      vertex 158.071 28.5 0.150561
      vertex 158.142 25.5 -0.0600071
      vertex 158.071 25.5 0.150561
    endloop
  endfacet
  facet normal 0.555346 0 -0.831619
    outer loop
      vertex 155.465 25.5 0.848701
      vertex 155.65 28.5 0.972242
      vertex 155.65 25.5 0.972242
    endloop
  endfacet
  facet normal 0.555346 0 -0.831619
    outer loop
      vertex 155.65 28.5 0.972242
      vertex 155.465 25.5 0.848701
      vertex 155.465 28.5 0.848701
    endloop
  endfacet
  facet normal 0.832597 0 -0.553879
    outer loop
      vertex 155.151 25.5 0.534894
      vertex 155.028 28.5 0.349999
      vertex 155.151 28.5 0.534894
    endloop
  endfacet
  facet normal 0.832597 0 -0.553879
    outer loop
      vertex 155.028 28.5 0.349999
      vertex 155.151 25.5 0.534894
      vertex 155.028 25.5 0.349999
    endloop
  endfacet
  facet normal -0.555346 0 -0.831619
    outer loop
      vertex 157.35 25.5 0.972242
      vertex 157.535 28.5 0.848701
      vertex 157.535 25.5 0.848701
    endloop
  endfacet
  facet normal -0.555346 0 -0.831619
    outer loop
      vertex 157.535 28.5 0.848701
      vertex 157.35 25.5 0.972242
      vertex 157.35 28.5 0.972242
    endloop
  endfacet
  facet normal -0.659765 0 0.751472
    outer loop
      vertex 157.535 28.5 -1.8487
      vertex 157.702 25.5 -1.70208
      vertex 157.702 28.5 -1.70208
    endloop
  endfacet
  facet normal -0.659765 0 0.751472
    outer loop
      vertex 157.702 25.5 -1.70208
      vertex 157.535 28.5 -1.8487
      vertex 157.535 25.5 -1.8487
    endloop
  endfacet
  facet normal -0.195208 0 0.980762
    outer loop
      vertex 156.722 28.5 -2.18546
      vertex 156.94 25.5 -2.14207
      vertex 156.94 28.5 -2.14207
    endloop
  endfacet
  facet normal -0.195208 0 0.980762
    outer loop
      vertex 156.94 25.5 -2.14207
      vertex 156.722 28.5 -2.18546
      vertex 156.722 25.5 -2.18546
    endloop
  endfacet
  facet normal -0.0653555 0 0.997862
    outer loop
      vertex 156.5 28.5 -2.2
      vertex 156.722 25.5 -2.18546
      vertex 156.722 28.5 -2.18546
    endloop
  endfacet
  facet normal -0.0653555 0 0.997862
    outer loop
      vertex 156.722 25.5 -2.18546
      vertex 156.5 28.5 -2.2
      vertex 156.5 25.5 -2.2
    endloop
  endfacet
  facet normal -0.555343 0 0.831621
    outer loop
      vertex 157.35 28.5 -1.97224
      vertex 157.535 25.5 -1.8487
      vertex 157.535 28.5 -1.8487
    endloop
  endfacet
  facet normal -0.555343 0 0.831621
    outer loop
      vertex 157.535 25.5 -1.8487
      vertex 157.35 28.5 -1.97224
      vertex 157.35 25.5 -1.97224
    endloop
  endfacet
  facet normal 0.981113 -0 0.193435
    outer loop
      vertex 154.815 25.5 -0.721894
      vertex 154.858 28.5 -0.939992
      vertex 154.815 28.5 -0.721894
    endloop
  endfacet
  facet normal 0.981113 0 0.193435
    outer loop
      vertex 154.858 28.5 -0.939992
      vertex 154.815 25.5 -0.721894
      vertex 154.858 25.5 -0.939992
    endloop
  endfacet
  facet normal 0.997723 -0 0.0674459
    outer loop
      vertex 154.8 25.5 -0.5
      vertex 154.815 28.5 -0.721894
      vertex 154.8 28.5 -0.5
    endloop
  endfacet
  facet normal 0.997723 0 0.0674459
    outer loop
      vertex 154.815 28.5 -0.721894
      vertex 154.8 25.5 -0.5
      vertex 154.815 25.5 -0.721894
    endloop
  endfacet
  facet normal 0.895717 -0 0.444625
    outer loop
      vertex 154.929 25.5 -1.15056
      vertex 155.028 28.5 -1.35
      vertex 154.929 28.5 -1.15056
    endloop
  endfacet
  facet normal 0.895717 0 0.444625
    outer loop
      vertex 155.028 28.5 -1.35
      vertex 154.929 25.5 -1.15056
      vertex 155.028 25.5 -1.35
    endloop
  endfacet
  facet normal 0.320856 0 0.947128
    outer loop
      vertex 155.849 28.5 -2.07059
      vertex 156.06 25.5 -2.14207
      vertex 156.06 28.5 -2.14207
    endloop
  endfacet
  facet normal 0.320856 0 0.947128
    outer loop
      vertex 156.06 25.5 -2.14207
      vertex 155.849 28.5 -2.07059
      vertex 155.849 25.5 -2.07059
    endloop
  endfacet
  facet normal 0.659765 0 0.751472
    outer loop
      vertex 155.298 28.5 -1.70208
      vertex 155.465 25.5 -1.8487
      vertex 155.465 28.5 -1.8487
    endloop
  endfacet
  facet normal 0.659765 0 0.751472
    outer loop
      vertex 155.465 25.5 -1.8487
      vertex 155.298 28.5 -1.70208
      vertex 155.298 25.5 -1.70208
    endloop
  endfacet
  facet normal 0.750997 -0 0.660306
    outer loop
      vertex 155.151 25.5 -1.53489
      vertex 155.298 28.5 -1.70208
      vertex 155.151 28.5 -1.53489
    endloop
  endfacet
  facet normal 0.750997 0 0.660306
    outer loop
      vertex 155.298 28.5 -1.70208
      vertex 155.151 25.5 -1.53489
      vertex 155.298 25.5 -1.70208
    endloop
  endfacet
  facet normal -0.997723 0 -0.0674456
    outer loop
      vertex 158.2 25.5 -0.5
      vertex 158.185 28.5 -0.278105
      vertex 158.2 28.5 -0.5
    endloop
  endfacet
  facet normal -0.997723 -0 -0.0674456
    outer loop
      vertex 158.185 28.5 -0.278105
      vertex 158.2 25.5 -0.5
      vertex 158.185 25.5 -0.278105
    endloop
  endfacet
  facet normal -0.832597 0 -0.553879
    outer loop
      vertex 157.972 25.5 0.349999
      vertex 157.849 28.5 0.534894
      vertex 157.972 28.5 0.349999
    endloop
  endfacet
  facet normal -0.832597 -0 -0.553879
    outer loop
      vertex 157.849 28.5 0.534894
      vertex 157.972 25.5 0.349999
      vertex 157.849 25.5 0.534894
    endloop
  endfacet
  facet normal 0.981113 0 -0.193435
    outer loop
      vertex 154.858 25.5 -0.0600071
      vertex 154.815 28.5 -0.278105
      vertex 154.858 28.5 -0.0600071
    endloop
  endfacet
  facet normal 0.981113 0 -0.193435
    outer loop
      vertex 154.815 28.5 -0.278105
      vertex 154.858 25.5 -0.0600071
      vertex 154.815 25.5 -0.278105
    endloop
  endfacet
  facet normal 0.750991 0 -0.660313
    outer loop
      vertex 155.298 25.5 0.702081
      vertex 155.151 28.5 0.534894
      vertex 155.298 28.5 0.702081
    endloop
  endfacet
  facet normal 0.750991 0 -0.660313
    outer loop
      vertex 155.151 28.5 0.534894
      vertex 155.298 25.5 0.702081
      vertex 155.151 25.5 0.534894
    endloop
  endfacet
  facet normal -0.195208 0 -0.980762
    outer loop
      vertex 156.722 25.5 1.18546
      vertex 156.94 28.5 1.14207
      vertex 156.94 25.5 1.14207
    endloop
  endfacet
  facet normal -0.195208 0 -0.980762
    outer loop
      vertex 156.94 28.5 1.14207
      vertex 156.722 25.5 1.18546
      vertex 156.722 28.5 1.18546
    endloop
  endfacet
  facet normal -0.659765 0 -0.751472
    outer loop
      vertex 157.535 25.5 0.848701
      vertex 157.702 28.5 0.702081
      vertex 157.702 25.5 0.702081
    endloop
  endfacet
  facet normal -0.659765 0 -0.751472
    outer loop
      vertex 157.702 28.5 0.702081
      vertex 157.535 25.5 0.848701
      vertex 157.535 28.5 0.848701
    endloop
  endfacet
  facet normal -0.895717 0 0.444625
    outer loop
      vertex 157.972 25.5 -1.35
      vertex 158.071 28.5 -1.15056
      vertex 157.972 28.5 -1.35
    endloop
  endfacet
  facet normal -0.895717 0 0.444625
    outer loop
      vertex 158.071 28.5 -1.15056
      vertex 157.972 25.5 -1.35
      vertex 158.071 25.5 -1.15056
    endloop
  endfacet
  facet normal -0.947583 0 0.319509
    outer loop
      vertex 158.071 25.5 -1.15056
      vertex 158.142 28.5 -0.939992
      vertex 158.071 28.5 -1.15056
    endloop
  endfacet
  facet normal -0.947583 0 0.319509
    outer loop
      vertex 158.142 28.5 -0.939992
      vertex 158.071 25.5 -1.15056
      vertex 158.142 25.5 -0.939992
    endloop
  endfacet
  facet normal -0.750997 0 0.660306
    outer loop
      vertex 157.702 25.5 -1.70208
      vertex 157.849 28.5 -1.53489
      vertex 157.702 28.5 -1.70208
    endloop
  endfacet
  facet normal -0.750997 0 0.660306
    outer loop
      vertex 157.849 28.5 -1.53489
      vertex 157.702 25.5 -1.70208
      vertex 157.849 25.5 -1.53489
    endloop
  endfacet
  facet normal -0.895715 0 -0.444628
    outer loop
      vertex 158.071 25.5 0.150561
      vertex 157.972 28.5 0.349999
      vertex 158.071 28.5 0.150561
    endloop
  endfacet
  facet normal -0.895715 -0 -0.444628
    outer loop
      vertex 157.972 28.5 0.349999
      vertex 158.071 25.5 0.150561
      vertex 157.972 25.5 0.349999
    endloop
  endfacet
  facet normal -0.0653555 0 -0.997862
    outer loop
      vertex 156.5 25.5 1.2
      vertex 156.722 28.5 1.18546
      vertex 156.722 25.5 1.18546
    endloop
  endfacet
  facet normal -0.0653555 0 -0.997862
    outer loop
      vertex 156.722 28.5 1.18546
      vertex 156.5 25.5 1.2
      vertex 156.5 28.5 1.2
    endloop
  endfacet
  facet normal 0.895715 0 -0.444628
    outer loop
      vertex 155.028 25.5 0.349999
      vertex 154.929 28.5 0.150561
      vertex 155.028 28.5 0.349999
    endloop
  endfacet
  facet normal 0.895715 0 -0.444628
    outer loop
      vertex 154.929 28.5 0.150561
      vertex 155.028 25.5 0.349999
      vertex 154.929 25.5 0.150561
    endloop
  endfacet
  facet normal 0.947583 0 -0.319509
    outer loop
      vertex 154.929 25.5 0.150561
      vertex 154.858 28.5 -0.0600071
      vertex 154.929 28.5 0.150561
    endloop
  endfacet
  facet normal 0.947583 0 -0.319509
    outer loop
      vertex 154.858 28.5 -0.0600071
      vertex 154.929 25.5 0.150561
      vertex 154.858 25.5 -0.0600071
    endloop
  endfacet
  facet normal 0.659765 0 -0.751472
    outer loop
      vertex 155.298 25.5 0.702081
      vertex 155.465 28.5 0.848701
      vertex 155.465 25.5 0.848701
    endloop
  endfacet
  facet normal 0.659765 0 -0.751472
    outer loop
      vertex 155.465 28.5 0.848701
      vertex 155.298 25.5 0.702081
      vertex 155.298 28.5 0.702081
    endloop
  endfacet
  facet normal -0.443057 0 -0.896493
    outer loop
      vertex 157.151 25.5 1.07059
      vertex 157.35 28.5 0.972242
      vertex 157.35 25.5 0.972242
    endloop
  endfacet
  facet normal -0.443057 0 -0.896493
    outer loop
      vertex 157.35 28.5 0.972242
      vertex 157.151 25.5 1.07059
      vertex 157.151 28.5 1.07059
    endloop
  endfacet
  facet normal -0.320856 0 -0.947128
    outer loop
      vertex 156.94 25.5 1.14207
      vertex 157.151 28.5 1.07059
      vertex 157.151 25.5 1.07059
    endloop
  endfacet
  facet normal -0.320856 0 -0.947128
    outer loop
      vertex 157.151 28.5 1.07059
      vertex 156.94 25.5 1.14207
      vertex 156.94 28.5 1.14207
    endloop
  endfacet
  facet normal -0.750991 0 -0.660313
    outer loop
      vertex 157.849 25.5 0.534894
      vertex 157.702 28.5 0.702081
      vertex 157.849 28.5 0.534894
    endloop
  endfacet
  facet normal -0.750991 -0 -0.660313
    outer loop
      vertex 157.702 28.5 0.702081
      vertex 157.849 25.5 0.534894
      vertex 157.702 25.5 0.702081
    endloop
  endfacet
  facet normal 0.195208 0 -0.980762
    outer loop
      vertex 156.06 25.5 1.14207
      vertex 156.278 28.5 1.18546
      vertex 156.278 25.5 1.18546
    endloop
  endfacet
  facet normal 0.195208 0 -0.980762
    outer loop
      vertex 156.278 28.5 1.18546
      vertex 156.06 25.5 1.14207
      vertex 156.06 28.5 1.14207
    endloop
  endfacet
  facet normal 0.320856 0 -0.947128
    outer loop
      vertex 155.849 25.5 1.07059
      vertex 156.06 28.5 1.14207
      vertex 156.06 25.5 1.14207
    endloop
  endfacet
  facet normal 0.320856 0 -0.947128
    outer loop
      vertex 156.06 28.5 1.14207
      vertex 155.849 25.5 1.07059
      vertex 155.849 28.5 1.07059
    endloop
  endfacet
  facet normal 0.0653555 0 -0.997862
    outer loop
      vertex 156.278 25.5 1.18546
      vertex 156.5 28.5 1.2
      vertex 156.5 25.5 1.2
    endloop
  endfacet
  facet normal 0.0653555 0 -0.997862
    outer loop
      vertex 156.5 28.5 1.2
      vertex 156.278 25.5 1.18546
      vertex 156.278 28.5 1.18546
    endloop
  endfacet
  facet normal 0.443057 0 -0.896493
    outer loop
      vertex 155.65 25.5 0.972242
      vertex 155.849 28.5 1.07059
      vertex 155.849 25.5 1.07059
    endloop
  endfacet
  facet normal 0.443057 0 -0.896493
    outer loop
      vertex 155.849 28.5 1.07059
      vertex 155.65 25.5 0.972242
      vertex 155.65 28.5 0.972242
    endloop
  endfacet
  facet normal 0.997684 -0 0.0680239
    outer loop
      vertex 120.65 25.5 -101
      vertex 120.662 28.5 -101.176
      vertex 120.65 28.5 -101
    endloop
  endfacet
  facet normal 0.997684 0 0.0680239
    outer loop
      vertex 120.662 28.5 -101.176
      vertex 120.65 25.5 -101
      vertex 120.662 25.5 -101.176
    endloop
  endfacet
  facet normal 0.6573 0 0.753629
    outer loop
      vertex 121.045 28.5 -101.955
      vertex 121.178 25.5 -102.071
      vertex 121.178 28.5 -102.071
    endloop
  endfacet
  facet normal 0.6573 0 0.753629
    outer loop
      vertex 121.178 25.5 -102.071
      vertex 121.045 28.5 -101.955
      vertex 121.045 25.5 -101.955
    endloop
  endfacet
  facet normal 0.946979 -0 0.321296
    outer loop
      vertex 120.696 25.5 -101.349
      vertex 120.753 28.5 -101.517
      vertex 120.696 28.5 -101.349
    endloop
  endfacet
  facet normal 0.946979 0 0.321296
    outer loop
      vertex 120.753 28.5 -101.517
      vertex 120.696 25.5 -101.349
      vertex 120.753 25.5 -101.517
    endloop
  endfacet
  facet normal -0.0652019 0 -0.997872
    outer loop
      vertex 138 25.5 -99.65
      vertex 138.176 28.5 -99.6615
      vertex 138.176 25.5 -99.6615
    endloop
  endfacet
  facet normal -0.0652019 0 -0.997872
    outer loop
      vertex 138.176 28.5 -99.6615
      vertex 138 25.5 -99.65
      vertex 138 28.5 -99.65
    endloop
  endfacet
  facet normal 0.753629 0 -0.6573
    outer loop
      vertex 121.045 25.5 -100.045
      vertex 120.929 28.5 -100.178
      vertex 121.045 28.5 -100.045
    endloop
  endfacet
  facet normal 0.753629 0 -0.6573
    outer loop
      vertex 120.929 28.5 -100.178
      vertex 121.045 25.5 -100.045
      vertex 120.929 25.5 -100.178
    endloop
  endfacet
  facet normal 0.98123 -0 0.192843
    outer loop
      vertex 120.662 25.5 -101.176
      vertex 120.696 28.5 -101.349
      vertex 120.662 28.5 -101.176
    endloop
  endfacet
  facet normal 0.98123 0 0.192843
    outer loop
      vertex 120.696 28.5 -101.349
      vertex 120.662 25.5 -101.176
      vertex 120.696 25.5 -101.349
    endloop
  endfacet
  facet normal 0.753629 -0 0.6573
    outer loop
      vertex 120.929 25.5 -101.822
      vertex 121.045 28.5 -101.955
      vertex 120.929 28.5 -101.822
    endloop
  endfacet
  facet normal 0.753629 0 0.6573
    outer loop
      vertex 121.045 28.5 -101.955
      vertex 120.929 25.5 -101.822
      vertex 121.045 25.5 -101.955
    endloop
  endfacet
  facet normal -0 0 1
    outer loop
      vertex 122 28.5 -102.35
      vertex 138 25.5 -102.35
      vertex 138 28.5 -102.35
    endloop
  endfacet
  facet normal 0 0 1
    outer loop
      vertex 138 25.5 -102.35
      vertex 122 28.5 -102.35
      vertex 122 25.5 -102.35
    endloop
  endfacet
  facet normal -0.98123 0 0.192843
    outer loop
      vertex 139.304 25.5 -101.349
      vertex 139.338 28.5 -101.176
      vertex 139.304 28.5 -101.349
    endloop
  endfacet
  facet normal -0.98123 0 0.192843
    outer loop
      vertex 139.338 28.5 -101.176
      vertex 139.304 25.5 -101.349
      vertex 139.338 25.5 -101.176
    endloop
  endfacet
  facet normal 0 0 -1
    outer loop
      vertex 122 25.5 -99.65
      vertex 138 28.5 -99.65
      vertex 138 25.5 -99.65
    endloop
  endfacet
  facet normal -0 0 -1
    outer loop
      vertex 138 28.5 -99.65
      vertex 122 25.5 -99.65
      vertex 122 28.5 -99.65
    endloop
  endfacet
  facet normal -0.946979 0 -0.321296
    outer loop
      vertex 139.304 25.5 -100.651
      vertex 139.247 28.5 -100.483
      vertex 139.304 28.5 -100.651
    endloop
  endfacet
  facet normal -0.946979 -0 -0.321296
    outer loop
      vertex 139.247 28.5 -100.483
      vertex 139.304 25.5 -100.651
      vertex 139.247 25.5 -100.483
    endloop
  endfacet
  facet normal -0.896686 0 -0.442668
    outer loop
      vertex 139.247 25.5 -100.483
      vertex 139.169 28.5 -100.325
      vertex 139.247 28.5 -100.483
    endloop
  endfacet
  facet normal -0.896686 -0 -0.442668
    outer loop
      vertex 139.169 28.5 -100.325
      vertex 139.247 25.5 -100.483
      vertex 139.169 25.5 -100.325
    endloop
  endfacet
  facet normal -0.997684 0 -0.0680239
    outer loop
      vertex 139.35 25.5 -101
      vertex 139.338 28.5 -100.824
      vertex 139.35 28.5 -101
    endloop
  endfacet
  facet normal -0.997684 -0 -0.0680239
    outer loop
      vertex 139.338 28.5 -100.824
      vertex 139.35 25.5 -101
      vertex 139.338 25.5 -100.824
    endloop
  endfacet
  facet normal 0.896686 -0 0.442668
    outer loop
      vertex 120.753 25.5 -101.517
      vertex 120.831 28.5 -101.675
      vertex 120.753 28.5 -101.517
    endloop
  endfacet
  facet normal 0.896686 0 0.442668
    outer loop
      vertex 120.831 28.5 -101.675
      vertex 120.753 25.5 -101.517
      vertex 120.831 25.5 -101.675
    endloop
  endfacet
  facet normal 0.83205 -0 0.5547
    outer loop
      vertex 120.831 25.5 -101.675
      vertex 120.929 28.5 -101.822
      vertex 120.831 28.5 -101.675
    endloop
  endfacet
  facet normal 0.83205 0 0.5547
    outer loop
      vertex 120.929 28.5 -101.822
      vertex 120.831 25.5 -101.675
      vertex 120.929 25.5 -101.822
    endloop
  endfacet
  facet normal 0.5547 0 0.83205
    outer loop
      vertex 121.178 28.5 -102.071
      vertex 121.325 25.5 -102.169
      vertex 121.325 28.5 -102.169
    endloop
  endfacet
  facet normal 0.5547 0 0.83205
    outer loop
      vertex 121.325 25.5 -102.169
      vertex 121.178 28.5 -102.071
      vertex 121.178 25.5 -102.071
    endloop
  endfacet
  facet normal 0.321296 0 0.946979
    outer loop
      vertex 121.483 28.5 -102.247
      vertex 121.651 25.5 -102.304
      vertex 121.651 28.5 -102.304
    endloop
  endfacet
  facet normal 0.321296 0 0.946979
    outer loop
      vertex 121.651 25.5 -102.304
      vertex 121.483 28.5 -102.247
      vertex 121.483 25.5 -102.247
    endloop
  endfacet
  facet normal -0.0680239 0 0.997684
    outer loop
      vertex 138 28.5 -102.35
      vertex 138.176 25.5 -102.338
      vertex 138.176 28.5 -102.338
    endloop
  endfacet
  facet normal -0.0680239 0 0.997684
    outer loop
      vertex 138.176 25.5 -102.338
      vertex 138 28.5 -102.35
      vertex 138 25.5 -102.35
    endloop
  endfacet
  facet normal -0.997684 0 0.0680239
    outer loop
      vertex 139.338 25.5 -101.176
      vertex 139.35 28.5 -101
      vertex 139.338 28.5 -101.176
    endloop
  endfacet
  facet normal -0.997684 0 0.0680239
    outer loop
      vertex 139.35 28.5 -101
      vertex 139.338 25.5 -101.176
      vertex 139.35 25.5 -101
    endloop
  endfacet
  facet normal -0.443124 0 -0.89646
    outer loop
      vertex 138.517 25.5 -99.7528
      vertex 138.675 28.5 -99.8309
      vertex 138.675 25.5 -99.8309
    endloop
  endfacet
  facet normal -0.443124 0 -0.89646
    outer loop
      vertex 138.675 28.5 -99.8309
      vertex 138.517 25.5 -99.7528
      vertex 138.517 28.5 -99.7528
    endloop
  endfacet
  facet normal -0.6573 0 -0.753629
    outer loop
      vertex 138.822 25.5 -99.929
      vertex 138.955 28.5 -100.045
      vertex 138.955 25.5 -100.045
    endloop
  endfacet
  facet normal -0.6573 0 -0.753629
    outer loop
      vertex 138.955 28.5 -100.045
      vertex 138.822 25.5 -99.929
      vertex 138.822 28.5 -99.929
    endloop
  endfacet
  facet normal 0.442668 0 0.896686
    outer loop
      vertex 121.325 28.5 -102.169
      vertex 121.483 25.5 -102.247
      vertex 121.483 28.5 -102.247
    endloop
  endfacet
  facet normal 0.442668 0 0.896686
    outer loop
      vertex 121.483 25.5 -102.247
      vertex 121.325 28.5 -102.169
      vertex 121.325 25.5 -102.169
    endloop
  endfacet
  facet normal 0.0680239 0 0.997684
    outer loop
      vertex 121.824 28.5 -102.338
      vertex 122 25.5 -102.35
      vertex 122 28.5 -102.35
    endloop
  endfacet
  facet normal 0.0680239 0 0.997684
    outer loop
      vertex 122 25.5 -102.35
      vertex 121.824 28.5 -102.338
      vertex 121.824 25.5 -102.338
    endloop
  endfacet
  facet normal -0.946979 0 0.321296
    outer loop
      vertex 139.247 25.5 -101.517
      vertex 139.304 28.5 -101.349
      vertex 139.247 28.5 -101.517
    endloop
  endfacet
  facet normal -0.946979 0 0.321296
    outer loop
      vertex 139.304 28.5 -101.349
      vertex 139.247 25.5 -101.517
      vertex 139.304 25.5 -101.349
    endloop
  endfacet
  facet normal -0.5547 0 0.83205
    outer loop
      vertex 138.675 28.5 -102.169
      vertex 138.822 25.5 -102.071
      vertex 138.822 28.5 -102.071
    endloop
  endfacet
  facet normal -0.5547 0 0.83205
    outer loop
      vertex 138.822 25.5 -102.071
      vertex 138.675 28.5 -102.169
      vertex 138.675 25.5 -102.169
    endloop
  endfacet
  facet normal -0.195571 0 -0.98069
    outer loop
      vertex 138.176 25.5 -99.6615
      vertex 138.349 28.5 -99.696
      vertex 138.349 25.5 -99.696
    endloop
  endfacet
  facet normal -0.195571 0 -0.98069
    outer loop
      vertex 138.349 28.5 -99.696
      vertex 138.176 25.5 -99.6615
      vertex 138.176 28.5 -99.6615
    endloop
  endfacet
  facet normal 0.443124 0 -0.89646
    outer loop
      vertex 121.325 25.5 -99.8309
      vertex 121.483 28.5 -99.7528
      vertex 121.483 25.5 -99.7528
    endloop
  endfacet
  facet normal 0.443124 0 -0.89646
    outer loop
      vertex 121.483 28.5 -99.7528
      vertex 121.325 25.5 -99.8309
      vertex 121.325 28.5 -99.8309
    endloop
  endfacet
  facet normal 0.0652019 0 -0.997872
    outer loop
      vertex 121.824 25.5 -99.6615
      vertex 122 28.5 -99.65
      vertex 122 25.5 -99.65
    endloop
  endfacet
  facet normal 0.0652019 0 -0.997872
    outer loop
      vertex 122 28.5 -99.65
      vertex 121.824 25.5 -99.6615
      vertex 121.824 28.5 -99.6615
    endloop
  endfacet
  facet normal -0.83205 0 -0.5547
    outer loop
      vertex 139.169 25.5 -100.325
      vertex 139.071 28.5 -100.178
      vertex 139.169 28.5 -100.325
    endloop
  endfacet
  facet normal -0.83205 -0 -0.5547
    outer loop
      vertex 139.071 28.5 -100.178
      vertex 139.169 25.5 -100.325
      vertex 139.071 25.5 -100.178
    endloop
  endfacet
  facet normal -0.753629 0 -0.6573
    outer loop
      vertex 139.071 25.5 -100.178
      vertex 138.955 28.5 -100.045
      vertex 139.071 28.5 -100.178
    endloop
  endfacet
  facet normal -0.753629 -0 -0.6573
    outer loop
      vertex 138.955 28.5 -100.045
      vertex 139.071 25.5 -100.178
      vertex 138.955 25.5 -100.045
    endloop
  endfacet
  facet normal 0.192843 0 0.98123
    outer loop
      vertex 121.651 28.5 -102.304
      vertex 121.824 25.5 -102.338
      vertex 121.824 28.5 -102.338
    endloop
  endfacet
  facet normal 0.192843 0 0.98123
    outer loop
      vertex 121.824 25.5 -102.338
      vertex 121.651 28.5 -102.304
      vertex 121.651 25.5 -102.304
    endloop
  endfacet
  facet normal -0.83205 0 0.5547
    outer loop
      vertex 139.071 25.5 -101.822
      vertex 139.169 28.5 -101.675
      vertex 139.071 28.5 -101.822
    endloop
  endfacet
  facet normal -0.83205 0 0.5547
    outer loop
      vertex 139.169 28.5 -101.675
      vertex 139.071 25.5 -101.822
      vertex 139.169 25.5 -101.675
    endloop
  endfacet
  facet normal -0.442668 0 0.896686
    outer loop
      vertex 138.517 28.5 -102.247
      vertex 138.675 25.5 -102.169
      vertex 138.675 28.5 -102.169
    endloop
  endfacet
  facet normal -0.442668 0 0.896686
    outer loop
      vertex 138.675 25.5 -102.169
      vertex 138.517 28.5 -102.247
      vertex 138.517 25.5 -102.247
    endloop
  endfacet
  facet normal -0.6573 0 0.753629
    outer loop
      vertex 138.822 28.5 -102.071
      vertex 138.955 25.5 -101.955
      vertex 138.955 28.5 -101.955
    endloop
  endfacet
  facet normal -0.6573 0 0.753629
    outer loop
      vertex 138.955 25.5 -101.955
      vertex 138.822 28.5 -102.071
      vertex 138.822 25.5 -102.071
    endloop
  endfacet
  facet normal -0.753629 0 0.6573
    outer loop
      vertex 138.955 25.5 -101.955
      vertex 139.071 28.5 -101.822
      vertex 138.955 28.5 -101.955
    endloop
  endfacet
  facet normal -0.753629 0 0.6573
    outer loop
      vertex 139.071 28.5 -101.822
      vertex 138.955 25.5 -101.955
      vertex 139.071 25.5 -101.822
    endloop
  endfacet
  facet normal -0.320285 0 -0.947321
    outer loop
      vertex 138.349 25.5 -99.696
      vertex 138.517 28.5 -99.7528
      vertex 138.517 25.5 -99.7528
    endloop
  endfacet
  facet normal -0.320285 0 -0.947321
    outer loop
      vertex 138.517 28.5 -99.7528
      vertex 138.349 25.5 -99.696
      vertex 138.349 28.5 -99.696
    endloop
  endfacet
  facet normal -0.555092 0 -0.831789
    outer loop
      vertex 138.675 25.5 -99.8309
      vertex 138.822 28.5 -99.929
      vertex 138.822 25.5 -99.929
    endloop
  endfacet
  facet normal -0.555092 0 -0.831789
    outer loop
      vertex 138.822 28.5 -99.929
      vertex 138.675 25.5 -99.8309
      vertex 138.675 28.5 -99.8309
    endloop
  endfacet
  facet normal 0.997684 0 -0.0680239
    outer loop
      vertex 120.662 25.5 -100.824
      vertex 120.65 28.5 -101
      vertex 120.662 28.5 -100.824
    endloop
  endfacet
  facet normal 0.997684 0 -0.0680239
    outer loop
      vertex 120.65 28.5 -101
      vertex 120.662 25.5 -100.824
      vertex 120.65 25.5 -101
    endloop
  endfacet
  facet normal 0.6573 0 -0.753629
    outer loop
      vertex 121.045 25.5 -100.045
      vertex 121.178 28.5 -99.929
      vertex 121.178 25.5 -99.929
    endloop
  endfacet
  facet normal 0.6573 0 -0.753629
    outer loop
      vertex 121.178 28.5 -99.929
      vertex 121.045 25.5 -100.045
      vertex 121.045 28.5 -100.045
    endloop
  endfacet
  facet normal 0.320285 0 -0.947321
    outer loop
      vertex 121.483 25.5 -99.7528
      vertex 121.651 28.5 -99.696
      vertex 121.651 25.5 -99.696
    endloop
  endfacet
  facet normal 0.320285 0 -0.947321
    outer loop
      vertex 121.651 28.5 -99.696
      vertex 121.483 25.5 -99.7528
      vertex 121.483 28.5 -99.7528
    endloop
  endfacet
  facet normal 0.195571 0 -0.98069
    outer loop
      vertex 121.651 25.5 -99.696
      vertex 121.824 28.5 -99.6615
      vertex 121.824 25.5 -99.6615
    endloop
  endfacet
  facet normal 0.195571 0 -0.98069
    outer loop
      vertex 121.824 28.5 -99.6615
      vertex 121.651 25.5 -99.696
      vertex 121.651 28.5 -99.696
    endloop
  endfacet
  facet normal -0.98123 0 -0.192843
    outer loop
      vertex 139.338 25.5 -100.824
      vertex 139.304 28.5 -100.651
      vertex 139.338 28.5 -100.824
    endloop
  endfacet
  facet normal -0.98123 -0 -0.192843
    outer loop
      vertex 139.304 28.5 -100.651
      vertex 139.338 25.5 -100.824
      vertex 139.304 25.5 -100.651
    endloop
  endfacet
  facet normal -0.896686 0 0.442668
    outer loop
      vertex 139.169 25.5 -101.675
      vertex 139.247 28.5 -101.517
      vertex 139.169 28.5 -101.675
    endloop
  endfacet
  facet normal -0.896686 0 0.442668
    outer loop
      vertex 139.247 28.5 -101.517
      vertex 139.169 25.5 -101.675
      vertex 139.247 25.5 -101.517
    endloop
  endfacet
  facet normal -0.192843 0 0.98123
    outer loop
      vertex 138.176 28.5 -102.338
      vertex 138.349 25.5 -102.304
      vertex 138.349 28.5 -102.304
    endloop
  endfacet
  facet normal -0.192843 0 0.98123
    outer loop
      vertex 138.349 25.5 -102.304
      vertex 138.176 28.5 -102.338
      vertex 138.176 25.5 -102.338
    endloop
  endfacet
  facet normal -0.321296 0 0.946979
    outer loop
      vertex 138.349 28.5 -102.304
      vertex 138.517 25.5 -102.247
      vertex 138.517 28.5 -102.247
    endloop
  endfacet
  facet normal -0.321296 0 0.946979
    outer loop
      vertex 138.517 25.5 -102.247
      vertex 138.349 28.5 -102.304
      vertex 138.349 25.5 -102.304
    endloop
  endfacet
  facet normal 0.83205 0 -0.5547
    outer loop
      vertex 120.929 25.5 -100.178
      vertex 120.831 28.5 -100.325
      vertex 120.929 28.5 -100.178
    endloop
  endfacet
  facet normal 0.83205 0 -0.5547
    outer loop
      vertex 120.831 28.5 -100.325
      vertex 120.929 25.5 -100.178
      vertex 120.831 25.5 -100.325
    endloop
  endfacet
  facet normal 0.555092 0 -0.831789
    outer loop
      vertex 121.178 25.5 -99.929
      vertex 121.325 28.5 -99.8309
      vertex 121.325 25.5 -99.8309
    endloop
  endfacet
  facet normal 0.555092 0 -0.831789
    outer loop
      vertex 121.325 28.5 -99.8309
      vertex 121.178 25.5 -99.929
      vertex 121.178 28.5 -99.929
    endloop
  endfacet
  facet normal 0.946979 0 -0.321296
    outer loop
      vertex 120.753 25.5 -100.483
      vertex 120.696 28.5 -100.651
      vertex 120.753 28.5 -100.483
    endloop
  endfacet
  facet normal 0.946979 0 -0.321296
    outer loop
      vertex 120.696 28.5 -100.651
      vertex 120.753 25.5 -100.483
      vertex 120.696 25.5 -100.651
    endloop
  endfacet
  facet normal 0.98123 0 -0.192843
    outer loop
      vertex 120.696 25.5 -100.651
      vertex 120.662 28.5 -100.824
      vertex 120.696 28.5 -100.651
    endloop
  endfacet
  facet normal 0.98123 0 -0.192843
    outer loop
      vertex 120.662 28.5 -100.824
      vertex 120.696 25.5 -100.651
      vertex 120.662 25.5 -100.824
    endloop
  endfacet
  facet normal 0.896686 0 -0.442668
    outer loop
      vertex 120.831 25.5 -100.325
      vertex 120.753 28.5 -100.483
      vertex 120.831 28.5 -100.325
    endloop
  endfacet
  facet normal 0.896686 0 -0.442668
    outer loop
      vertex 120.753 28.5 -100.483
      vertex 120.831 25.5 -100.325
      vertex 120.753 25.5 -100.483
    endloop
  endfacet
  facet normal 0.997689 -0 0.067947
    outer loop
      vertex 120.65 25.5 -92
      vertex 120.662 28.5 -92.1762
      vertex 120.65 28.5 -92
    endloop
  endfacet
  facet normal 0.997689 0 0.067947
    outer loop
      vertex 120.662 28.5 -92.1762
      vertex 120.65 25.5 -92
      vertex 120.662 25.5 -92.1762
    endloop
  endfacet
  facet normal 0.658585 0 0.752507
    outer loop
      vertex 121.045 28.5 -92.9546
      vertex 121.178 25.5 -93.071
      vertex 121.178 28.5 -93.071
    endloop
  endfacet
  facet normal 0.658585 0 0.752507
    outer loop
      vertex 121.178 25.5 -93.071
      vertex 121.045 28.5 -92.9546
      vertex 121.045 25.5 -92.9546
    endloop
  endfacet
  facet normal 0.94651 -0 0.322674
    outer loop
      vertex 120.696 25.5 -92.3494
      vertex 120.753 28.5 -92.5166
      vertex 120.696 28.5 -92.3494
    endloop
  endfacet
  facet normal 0.94651 0 0.322674
    outer loop
      vertex 120.753 28.5 -92.5166
      vertex 120.696 25.5 -92.3494
      vertex 120.753 25.5 -92.5166
    endloop
  endfacet
  facet normal -0.0652019 0 -0.997872
    outer loop
      vertex 138 25.5 -90.65
      vertex 138.176 28.5 -90.6615
      vertex 138.176 25.5 -90.6615
    endloop
  endfacet
  facet normal -0.0652019 0 -0.997872
    outer loop
      vertex 138.176 28.5 -90.6615
      vertex 138 25.5 -90.65
      vertex 138 28.5 -90.65
    endloop
  endfacet
  facet normal 0.753139 0 -0.657862
    outer loop
      vertex 121.045 25.5 -91.0454
      vertex 120.929 28.5 -91.1782
      vertex 121.045 28.5 -91.0454
    endloop
  endfacet
  facet normal 0.753139 0 -0.657862
    outer loop
      vertex 120.929 28.5 -91.1782
      vertex 121.045 25.5 -91.0454
      vertex 120.929 25.5 -91.1782
    endloop
  endfacet
  facet normal 0.981272 -0 0.192628
    outer loop
      vertex 120.662 25.5 -92.1762
      vertex 120.696 28.5 -92.3494
      vertex 120.662 28.5 -92.1762
    endloop
  endfacet
  facet normal 0.981272 0 0.192628
    outer loop
      vertex 120.696 28.5 -92.3494
      vertex 120.662 25.5 -92.1762
      vertex 120.696 25.5 -92.3494
    endloop
  endfacet
  facet normal 0.753139 -0 0.657862
    outer loop
      vertex 120.929 25.5 -92.8218
      vertex 121.045 28.5 -92.9546
      vertex 120.929 28.5 -92.8218
    endloop
  endfacet
  facet normal 0.753139 0 0.657862
    outer loop
      vertex 121.045 28.5 -92.9546
      vertex 120.929 25.5 -92.8218
      vertex 121.045 25.5 -92.9546
    endloop
  endfacet
  facet normal -0 0 1
    outer loop
      vertex 122 28.5 -93.35
      vertex 138 25.5 -93.35
      vertex 138 28.5 -93.35
    endloop
  endfacet
  facet normal 0 0 1
    outer loop
      vertex 138 25.5 -93.35
      vertex 122 28.5 -93.35
      vertex 122 25.5 -93.35
    endloop
  endfacet
  facet normal -0.981272 0 0.192628
    outer loop
      vertex 139.304 25.5 -92.3494
      vertex 139.338 28.5 -92.1762
      vertex 139.304 28.5 -92.3494
    endloop
  endfacet
  facet normal -0.981272 0 0.192628
    outer loop
      vertex 139.338 28.5 -92.1762
      vertex 139.304 25.5 -92.3494
      vertex 139.338 25.5 -92.1762
    endloop
  endfacet
  facet normal -0.753139 0 -0.657862
    outer loop
      vertex 139.071 25.5 -91.1782
      vertex 138.955 28.5 -91.0454
      vertex 139.071 28.5 -91.1782
    endloop
  endfacet
  facet normal -0.753139 -0 -0.657862
    outer loop
      vertex 138.955 28.5 -91.0454
      vertex 139.071 25.5 -91.1782
      vertex 138.955 25.5 -91.0454
    endloop
  endfacet
  facet normal 0 0 -1
    outer loop
      vertex 122 25.5 -90.65
      vertex 138 28.5 -90.65
      vertex 138 25.5 -90.65
    endloop
  endfacet
  facet normal -0 0 -1
    outer loop
      vertex 138 28.5 -90.65
      vertex 122 25.5 -90.65
      vertex 122 28.5 -90.65
    endloop
  endfacet
  facet normal -0.94651 0 -0.322674
    outer loop
      vertex 139.304 25.5 -91.6506
      vertex 139.247 28.5 -91.4834
      vertex 139.304 28.5 -91.6506
    endloop
  endfacet
  facet normal -0.94651 -0 -0.322674
    outer loop
      vertex 139.247 28.5 -91.4834
      vertex 139.304 25.5 -91.6506
      vertex 139.247 25.5 -91.4834
    endloop
  endfacet
  facet normal -0.897129 0 -0.441768
    outer loop
      vertex 139.247 25.5 -91.4834
      vertex 139.169 28.5 -91.325
      vertex 139.247 28.5 -91.4834
    endloop
  endfacet
  facet normal -0.897129 -0 -0.441768
    outer loop
      vertex 139.169 28.5 -91.325
      vertex 139.247 25.5 -91.4834
      vertex 139.169 25.5 -91.325
    endloop
  endfacet
  facet normal -0.997689 0 -0.067947
    outer loop
      vertex 139.35 25.5 -92
      vertex 139.338 28.5 -91.8238
      vertex 139.35 28.5 -92
    endloop
  endfacet
  facet normal -0.997689 -0 -0.067947
    outer loop
      vertex 139.338 28.5 -91.8238
      vertex 139.35 25.5 -92
      vertex 139.338 25.5 -91.8238
    endloop
  endfacet
  facet normal 0.831701 -0 0.555223
    outer loop
      vertex 120.831 25.5 -92.675
      vertex 120.929 28.5 -92.8218
      vertex 120.831 28.5 -92.675
    endloop
  endfacet
  facet normal 0.831701 0 0.555223
    outer loop
      vertex 120.929 28.5 -92.8218
      vertex 120.831 25.5 -92.675
      vertex 120.929 25.5 -92.8218
    endloop
  endfacet
  facet normal 0.555092 0 0.831789
    outer loop
      vertex 121.178 28.5 -93.071
      vertex 121.325 25.5 -93.1691
      vertex 121.325 28.5 -93.1691
    endloop
  endfacet
  facet normal 0.555092 0 0.831789
    outer loop
      vertex 121.325 25.5 -93.1691
      vertex 121.178 28.5 -93.071
      vertex 121.178 25.5 -93.071
    endloop
  endfacet
  facet normal 0.320285 0 0.947321
    outer loop
      vertex 121.483 28.5 -93.2472
      vertex 121.651 25.5 -93.304
      vertex 121.651 28.5 -93.304
    endloop
  endfacet
  facet normal 0.320285 0 0.947321
    outer loop
      vertex 121.651 25.5 -93.304
      vertex 121.483 28.5 -93.2472
      vertex 121.483 25.5 -93.2472
    endloop
  endfacet
  facet normal -0.0657664 0 0.997835
    outer loop
      vertex 138 28.5 -93.35
      vertex 138.176 25.5 -93.3384
      vertex 138.176 28.5 -93.3384
    endloop
  endfacet
  facet normal -0.0657664 0 0.997835
    outer loop
      vertex 138.176 25.5 -93.3384
      vertex 138 28.5 -93.35
      vertex 138 25.5 -93.35
    endloop
  endfacet
  facet normal -0.997689 0 0.067947
    outer loop
      vertex 139.338 25.5 -92.1762
      vertex 139.35 28.5 -92
      vertex 139.338 28.5 -92.1762
    endloop
  endfacet
  facet normal -0.997689 0 0.067947
    outer loop
      vertex 139.35 28.5 -92
      vertex 139.338 25.5 -92.1762
      vertex 139.35 25.5 -92
    endloop
  endfacet
  facet normal -0.443124 0 -0.89646
    outer loop
      vertex 138.517 25.5 -90.7528
      vertex 138.675 28.5 -90.8309
      vertex 138.675 25.5 -90.8309
    endloop
  endfacet
  facet normal -0.443124 0 -0.89646
    outer loop
      vertex 138.675 28.5 -90.8309
      vertex 138.517 25.5 -90.7528
      vertex 138.517 28.5 -90.7528
    endloop
  endfacet
  facet normal -0.658585 0 -0.752507
    outer loop
      vertex 138.822 25.5 -90.929
      vertex 138.955 28.5 -91.0454
      vertex 138.955 25.5 -91.0454
    endloop
  endfacet
  facet normal -0.658585 0 -0.752507
    outer loop
      vertex 138.955 28.5 -91.0454
      vertex 138.822 25.5 -90.929
      vertex 138.822 28.5 -90.929
    endloop
  endfacet
  facet normal 0.897129 -0 0.441768
    outer loop
      vertex 120.753 25.5 -92.5166
      vertex 120.831 28.5 -92.675
      vertex 120.753 28.5 -92.5166
    endloop
  endfacet
  facet normal 0.897129 0 0.441768
    outer loop
      vertex 120.831 28.5 -92.675
      vertex 120.753 25.5 -92.5166
      vertex 120.831 25.5 -92.675
    endloop
  endfacet
  facet normal 0.443124 0 0.89646
    outer loop
      vertex 121.325 28.5 -93.1691
      vertex 121.483 25.5 -93.2472
      vertex 121.483 28.5 -93.2472
    endloop
  endfacet
  facet normal 0.443124 0 0.89646
    outer loop
      vertex 121.483 25.5 -93.2472
      vertex 121.325 28.5 -93.1691
      vertex 121.325 25.5 -93.1691
    endloop
  endfacet
  facet normal 0.0657664 0 0.997835
    outer loop
      vertex 121.824 28.5 -93.3384
      vertex 122 25.5 -93.35
      vertex 122 28.5 -93.35
    endloop
  endfacet
  facet normal 0.0657664 0 0.997835
    outer loop
      vertex 122 25.5 -93.35
      vertex 121.824 28.5 -93.3384
      vertex 121.824 25.5 -93.3384
    endloop
  endfacet
  facet normal -0.94651 0 0.322674
    outer loop
      vertex 139.247 25.5 -92.5166
      vertex 139.304 28.5 -92.3494
      vertex 139.247 28.5 -92.5166
    endloop
  endfacet
  facet normal -0.94651 0 0.322674
    outer loop
      vertex 139.304 28.5 -92.3494
      vertex 139.247 25.5 -92.5166
      vertex 139.304 25.5 -92.3494
    endloop
  endfacet
  facet normal -0.555092 0 0.831789
    outer loop
      vertex 138.675 28.5 -93.1691
      vertex 138.822 25.5 -93.071
      vertex 138.822 28.5 -93.071
    endloop
  endfacet
  facet normal -0.555092 0 0.831789
    outer loop
      vertex 138.822 25.5 -93.071
      vertex 138.675 28.5 -93.1691
      vertex 138.675 25.5 -93.1691
    endloop
  endfacet
  facet normal -0.195571 0 -0.98069
    outer loop
      vertex 138.176 25.5 -90.6615
      vertex 138.349 28.5 -90.696
      vertex 138.349 25.5 -90.696
    endloop
  endfacet
  facet normal -0.195571 0 -0.98069
    outer loop
      vertex 138.349 28.5 -90.696
      vertex 138.176 25.5 -90.6615
      vertex 138.176 28.5 -90.6615
    endloop
  endfacet
  facet normal 0.0652019 0 -0.997872
    outer loop
      vertex 121.824 25.5 -90.6615
      vertex 122 28.5 -90.65
      vertex 122 25.5 -90.65
    endloop
  endfacet
  facet normal 0.0652019 0 -0.997872
    outer loop
      vertex 122 28.5 -90.65
      vertex 121.824 25.5 -90.6615
      vertex 121.824 28.5 -90.6615
    endloop
  endfacet
  facet normal -0.831701 0 -0.555223
    outer loop
      vertex 139.169 25.5 -91.325
      vertex 139.071 28.5 -91.1782
      vertex 139.169 28.5 -91.325
    endloop
  endfacet
  facet normal -0.831701 -0 -0.555223
    outer loop
      vertex 139.071 28.5 -91.1782
      vertex 139.169 25.5 -91.325
      vertex 139.071 25.5 -91.1782
    endloop
  endfacet
  facet normal 0.195026 0 0.980798
    outer loop
      vertex 121.651 28.5 -93.304
      vertex 121.824 25.5 -93.3384
      vertex 121.824 28.5 -93.3384
    endloop
  endfacet
  facet normal 0.195026 0 0.980798
    outer loop
      vertex 121.824 25.5 -93.3384
      vertex 121.651 28.5 -93.304
      vertex 121.651 25.5 -93.304
    endloop
  endfacet
  facet normal -0.831701 0 0.555223
    outer loop
      vertex 139.071 25.5 -92.8218
      vertex 139.169 28.5 -92.675
      vertex 139.071 28.5 -92.8218
    endloop
  endfacet
  facet normal -0.831701 0 0.555223
    outer loop
      vertex 139.169 28.5 -92.675
      vertex 139.071 25.5 -92.8218
      vertex 139.169 25.5 -92.675
    endloop
  endfacet
  facet normal -0.443124 0 0.89646
    outer loop
      vertex 138.517 28.5 -93.2472
      vertex 138.675 25.5 -93.1691
      vertex 138.675 28.5 -93.1691
    endloop
  endfacet
  facet normal -0.443124 0 0.89646
    outer loop
      vertex 138.675 25.5 -93.1691
      vertex 138.517 28.5 -93.2472
      vertex 138.517 25.5 -93.2472
    endloop
  endfacet
  facet normal -0.195026 0 0.980798
    outer loop
      vertex 138.176 28.5 -93.3384
      vertex 138.349 25.5 -93.304
      vertex 138.349 28.5 -93.304
    endloop
  endfacet
  facet normal -0.195026 0 0.980798
    outer loop
      vertex 138.349 25.5 -93.304
      vertex 138.176 28.5 -93.3384
      vertex 138.176 25.5 -93.3384
    endloop
  endfacet
  facet normal -0.658585 0 0.752507
    outer loop
      vertex 138.822 28.5 -93.071
      vertex 138.955 25.5 -92.9546
      vertex 138.955 28.5 -92.9546
    endloop
  endfacet
  facet normal -0.658585 0 0.752507
    outer loop
      vertex 138.955 25.5 -92.9546
      vertex 138.822 28.5 -93.071
      vertex 138.822 25.5 -93.071
    endloop
  endfacet
  facet normal -0.753139 0 0.657862
    outer loop
      vertex 138.955 25.5 -92.9546
      vertex 139.071 28.5 -92.8218
      vertex 138.955 28.5 -92.9546
    endloop
  endfacet
  facet normal -0.753139 0 0.657862
    outer loop
      vertex 139.071 28.5 -92.8218
      vertex 138.955 25.5 -92.9546
      vertex 139.071 25.5 -92.8218
    endloop
  endfacet
  facet normal -0.320285 0 -0.947321
    outer loop
      vertex 138.349 25.5 -90.696
      vertex 138.517 28.5 -90.7528
      vertex 138.517 25.5 -90.7528
    endloop
  endfacet
  facet normal -0.320285 0 -0.947321
    outer loop
      vertex 138.517 28.5 -90.7528
      vertex 138.349 25.5 -90.696
      vertex 138.349 28.5 -90.696
    endloop
  endfacet
  facet normal -0.555092 0 -0.831789
    outer loop
      vertex 138.675 25.5 -90.8309
      vertex 138.822 28.5 -90.929
      vertex 138.822 25.5 -90.929
    endloop
  endfacet
  facet normal -0.555092 0 -0.831789
    outer loop
      vertex 138.822 28.5 -90.929
      vertex 138.675 25.5 -90.8309
      vertex 138.675 28.5 -90.8309
    endloop
  endfacet
  facet normal 0.997689 0 -0.067947
    outer loop
      vertex 120.662 25.5 -91.8238
      vertex 120.65 28.5 -92
      vertex 120.662 28.5 -91.8238
    endloop
  endfacet
  facet normal 0.997689 0 -0.067947
    outer loop
      vertex 120.65 28.5 -92
      vertex 120.662 25.5 -91.8238
      vertex 120.65 25.5 -92
    endloop
  endfacet
  facet normal 0.658585 0 -0.752507
    outer loop
      vertex 121.045 25.5 -91.0454
      vertex 121.178 28.5 -90.929
      vertex 121.178 25.5 -90.929
    endloop
  endfacet
  facet normal 0.658585 0 -0.752507
    outer loop
      vertex 121.178 28.5 -90.929
      vertex 121.045 25.5 -91.0454
      vertex 121.045 28.5 -91.0454
    endloop
  endfacet
  facet normal 0.320285 0 -0.947321
    outer loop
      vertex 121.483 25.5 -90.7528
      vertex 121.651 28.5 -90.696
      vertex 121.651 25.5 -90.696
    endloop
  endfacet
  facet normal 0.320285 0 -0.947321
    outer loop
      vertex 121.651 28.5 -90.696
      vertex 121.483 25.5 -90.7528
      vertex 121.483 28.5 -90.7528
    endloop
  endfacet
  facet normal 0.195571 0 -0.98069
    outer loop
      vertex 121.651 25.5 -90.696
      vertex 121.824 28.5 -90.6615
      vertex 121.824 25.5 -90.6615
    endloop
  endfacet
  facet normal 0.195571 0 -0.98069
    outer loop
      vertex 121.824 28.5 -90.6615
      vertex 121.651 25.5 -90.696
      vertex 121.651 28.5 -90.696
    endloop
  endfacet
  facet normal -0.981272 0 -0.192628
    outer loop
      vertex 139.338 25.5 -91.8238
      vertex 139.304 28.5 -91.6506
      vertex 139.338 28.5 -91.8238
    endloop
  endfacet
  facet normal -0.981272 -0 -0.192628
    outer loop
      vertex 139.304 28.5 -91.6506
      vertex 139.338 25.5 -91.8238
      vertex 139.304 25.5 -91.6506
    endloop
  endfacet
  facet normal -0.897129 0 0.441768
    outer loop
      vertex 139.169 25.5 -92.675
      vertex 139.247 28.5 -92.5166
      vertex 139.169 28.5 -92.675
    endloop
  endfacet
  facet normal -0.897129 0 0.441768
    outer loop
      vertex 139.247 28.5 -92.5166
      vertex 139.169 25.5 -92.675
      vertex 139.247 25.5 -92.5166
    endloop
  endfacet
  facet normal -0.320285 0 0.947321
    outer loop
      vertex 138.349 28.5 -93.304
      vertex 138.517 25.5 -93.2472
      vertex 138.517 28.5 -93.2472
    endloop
  endfacet
  facet normal -0.320285 0 0.947321
    outer loop
      vertex 138.517 25.5 -93.2472
      vertex 138.349 28.5 -93.304
      vertex 138.349 25.5 -93.304
    endloop
  endfacet
  facet normal 0.831701 0 -0.555223
    outer loop
      vertex 120.929 25.5 -91.1782
      vertex 120.831 28.5 -91.325
      vertex 120.929 28.5 -91.1782
    endloop
  endfacet
  facet normal 0.831701 0 -0.555223
    outer loop
      vertex 120.831 28.5 -91.325
      vertex 120.929 25.5 -91.1782
      vertex 120.831 25.5 -91.325
    endloop
  endfacet
  facet normal 0.94651 0 -0.322674
    outer loop
      vertex 120.753 25.5 -91.4834
      vertex 120.696 28.5 -91.6506
      vertex 120.753 28.5 -91.4834
    endloop
  endfacet
  facet normal 0.94651 0 -0.322674
    outer loop
      vertex 120.696 28.5 -91.6506
      vertex 120.753 25.5 -91.4834
      vertex 120.696 25.5 -91.6506
    endloop
  endfacet
  facet normal 0.981272 0 -0.192628
    outer loop
      vertex 120.696 25.5 -91.6506
      vertex 120.662 28.5 -91.8238
      vertex 120.696 28.5 -91.6506
    endloop
  endfacet
  facet normal 0.981272 0 -0.192628
    outer loop
      vertex 120.662 28.5 -91.8238
      vertex 120.696 25.5 -91.6506
      vertex 120.662 25.5 -91.8238
    endloop
  endfacet
  facet normal 0.897129 0 -0.441768
    outer loop
      vertex 120.831 25.5 -91.325
      vertex 120.753 28.5 -91.4834
      vertex 120.831 28.5 -91.325
    endloop
  endfacet
  facet normal 0.897129 0 -0.441768
    outer loop
      vertex 120.753 28.5 -91.4834
      vertex 120.831 25.5 -91.325
      vertex 120.753 25.5 -91.4834
    endloop
  endfacet
  facet normal 0.443124 0 -0.89646
    outer loop
      vertex 121.325 25.5 -90.8309
      vertex 121.483 28.5 -90.7528
      vertex 121.483 25.5 -90.7528
    endloop
  endfacet
  facet normal 0.443124 0 -0.89646
    outer loop
      vertex 121.483 28.5 -90.7528
      vertex 121.325 25.5 -90.8309
      vertex 121.325 28.5 -90.8309
    endloop
  endfacet
  facet normal 0.555092 0 -0.831789
    outer loop
      vertex 121.178 25.5 -90.929
      vertex 121.325 28.5 -90.8309
      vertex 121.325 25.5 -90.8309
    endloop
  endfacet
  facet normal 0.555092 0 -0.831789
    outer loop
      vertex 121.325 28.5 -90.8309
      vertex 121.178 25.5 -90.929
      vertex 121.178 28.5 -90.929
    endloop
  endfacet
  facet normal 0.997689 -0 0.067947
    outer loop
      vertex 120.65 25.5 -83
      vertex 120.662 28.5 -83.1762
      vertex 120.65 28.5 -83
    endloop
  endfacet
  facet normal 0.997689 0 0.067947
    outer loop
      vertex 120.662 28.5 -83.1762
      vertex 120.65 25.5 -83
      vertex 120.662 25.5 -83.1762
    endloop
  endfacet
  facet normal 0.897129 -0 0.441768
    outer loop
      vertex 120.753 25.5 -83.5166
      vertex 120.831 28.5 -83.675
      vertex 120.753 28.5 -83.5166
    endloop
  endfacet
  facet normal 0.897129 0 0.441768
    outer loop
      vertex 120.831 28.5 -83.675
      vertex 120.753 25.5 -83.5166
      vertex 120.831 25.5 -83.675
    endloop
  endfacet
  facet normal -0.195026 0 0.980798
    outer loop
      vertex 138.176 28.5 -84.3384
      vertex 138.349 25.5 -84.304
      vertex 138.349 28.5 -84.304
    endloop
  endfacet
  facet normal -0.195026 0 0.980798
    outer loop
      vertex 138.349 25.5 -84.304
      vertex 138.176 28.5 -84.3384
      vertex 138.176 25.5 -84.3384
    endloop
  endfacet
  facet normal 0.0652019 0 -0.997872
    outer loop
      vertex 121.824 25.5 -81.6615
      vertex 122 28.5 -81.65
      vertex 122 25.5 -81.65
    endloop
  endfacet
  facet normal 0.0652019 0 -0.997872
    outer loop
      vertex 122 28.5 -81.65
      vertex 121.824 25.5 -81.6615
      vertex 121.824 28.5 -81.6615
    endloop
  endfacet
  facet normal -0.981272 0 -0.192628
    outer loop
      vertex 139.338 25.5 -82.8238
      vertex 139.304 28.5 -82.6506
      vertex 139.338 28.5 -82.8238
    endloop
  endfacet
  facet normal -0.981272 -0 -0.192628
    outer loop
      vertex 139.304 28.5 -82.6506
      vertex 139.338 25.5 -82.8238
      vertex 139.304 25.5 -82.6506
    endloop
  endfacet
  facet normal 0.981272 -0 0.192628
    outer loop
      vertex 120.662 25.5 -83.1762
      vertex 120.696 28.5 -83.3494
      vertex 120.662 28.5 -83.1762
    endloop
  endfacet
  facet normal 0.981272 0 0.192628
    outer loop
      vertex 120.696 28.5 -83.3494
      vertex 120.662 25.5 -83.1762
      vertex 120.696 25.5 -83.3494
    endloop
  endfacet
  facet normal -0.0652019 0 -0.997872
    outer loop
      vertex 138 25.5 -81.65
      vertex 138.176 28.5 -81.6615
      vertex 138.176 25.5 -81.6615
    endloop
  endfacet
  facet normal -0.0652019 0 -0.997872
    outer loop
      vertex 138.176 28.5 -81.6615
      vertex 138 25.5 -81.65
      vertex 138 28.5 -81.65
    endloop
  endfacet
  facet normal 0 0 -1
    outer loop
      vertex 122 25.5 -81.65
      vertex 138 28.5 -81.65
      vertex 138 25.5 -81.65
    endloop
  endfacet
  facet normal -0 0 -1
    outer loop
      vertex 138 28.5 -81.65
      vertex 122 25.5 -81.65
      vertex 122 28.5 -81.65
    endloop
  endfacet
  facet normal 0.94651 -0 0.322674
    outer loop
      vertex 120.696 25.5 -83.3494
      vertex 120.753 28.5 -83.5166
      vertex 120.696 28.5 -83.3494
    endloop
  endfacet
  facet normal 0.94651 0 0.322674
    outer loop
      vertex 120.753 28.5 -83.5166
      vertex 120.696 25.5 -83.3494
      vertex 120.753 25.5 -83.5166
    endloop
  endfacet
  facet normal 0.753139 -0 0.657862
    outer loop
      vertex 120.929 25.5 -83.8218
      vertex 121.045 28.5 -83.9546
      vertex 120.929 28.5 -83.8218
    endloop
  endfacet
  facet normal 0.753139 0 0.657862
    outer loop
      vertex 121.045 28.5 -83.9546
      vertex 120.929 25.5 -83.8218
      vertex 121.045 25.5 -83.9546
    endloop
  endfacet
  facet normal 0.658585 0 0.752507
    outer loop
      vertex 121.045 28.5 -83.9546
      vertex 121.178 25.5 -84.071
      vertex 121.178 28.5 -84.071
    endloop
  endfacet
  facet normal 0.658585 0 0.752507
    outer loop
      vertex 121.178 25.5 -84.071
      vertex 121.045 28.5 -83.9546
      vertex 121.045 25.5 -83.9546
    endloop
  endfacet
  facet normal -0 0 1
    outer loop
      vertex 122 28.5 -84.35
      vertex 138 25.5 -84.35
      vertex 138 28.5 -84.35
    endloop
  endfacet
  facet normal 0 0 1
    outer loop
      vertex 138 25.5 -84.35
      vertex 122 28.5 -84.35
      vertex 122 25.5 -84.35
    endloop
  endfacet
  facet normal -0.0657664 0 0.997835
    outer loop
      vertex 138 28.5 -84.35
      vertex 138.176 25.5 -84.3384
      vertex 138.176 28.5 -84.3384
    endloop
  endfacet
  facet normal -0.0657664 0 0.997835
    outer loop
      vertex 138.176 25.5 -84.3384
      vertex 138 28.5 -84.35
      vertex 138 25.5 -84.35
    endloop
  endfacet
  facet normal -0.981272 0 0.192628
    outer loop
      vertex 139.304 25.5 -83.3494
      vertex 139.338 28.5 -83.1762
      vertex 139.304 28.5 -83.3494
    endloop
  endfacet
  facet normal -0.981272 0 0.192628
    outer loop
      vertex 139.338 28.5 -83.1762
      vertex 139.304 25.5 -83.3494
      vertex 139.338 25.5 -83.1762
    endloop
  endfacet
  facet normal -0.555092 0 0.831789
    outer loop
      vertex 138.675 28.5 -84.1691
      vertex 138.822 25.5 -84.071
      vertex 138.822 28.5 -84.071
    endloop
  endfacet
  facet normal -0.555092 0 0.831789
    outer loop
      vertex 138.822 25.5 -84.071
      vertex 138.675 28.5 -84.1691
      vertex 138.675 25.5 -84.1691
    endloop
  endfacet
  facet normal -0.443124 0 0.89646
    outer loop
      vertex 138.517 28.5 -84.2472
      vertex 138.675 25.5 -84.1691
      vertex 138.675 28.5 -84.1691
    endloop
  endfacet
  facet normal -0.443124 0 0.89646
    outer loop
      vertex 138.675 25.5 -84.1691
      vertex 138.517 28.5 -84.2472
      vertex 138.517 25.5 -84.2472
    endloop
  endfacet
  facet normal -0.658585 0 -0.752507
    outer loop
      vertex 138.822 25.5 -81.929
      vertex 138.955 28.5 -82.0454
      vertex 138.955 25.5 -82.0454
    endloop
  endfacet
  facet normal -0.658585 0 -0.752507
    outer loop
      vertex 138.955 28.5 -82.0454
      vertex 138.822 25.5 -81.929
      vertex 138.822 28.5 -81.929
    endloop
  endfacet
  facet normal 0.753139 0 -0.657862
    outer loop
      vertex 121.045 25.5 -82.0454
      vertex 120.929 28.5 -82.1782
      vertex 121.045 28.5 -82.0454
    endloop
  endfacet
  facet normal 0.753139 0 -0.657862
    outer loop
      vertex 120.929 28.5 -82.1782
      vertex 121.045 25.5 -82.0454
      vertex 120.929 25.5 -82.1782
    endloop
  endfacet
  facet normal 0.831701 -0 0.555223
    outer loop
      vertex 120.831 25.5 -83.675
      vertex 120.929 28.5 -83.8218
      vertex 120.831 28.5 -83.675
    endloop
  endfacet
  facet normal 0.831701 0 0.555223
    outer loop
      vertex 120.929 28.5 -83.8218
      vertex 120.831 25.5 -83.675
      vertex 120.929 25.5 -83.8218
    endloop
  endfacet
  facet normal 0.555092 0 0.831789
    outer loop
      vertex 121.178 28.5 -84.071
      vertex 121.325 25.5 -84.1691
      vertex 121.325 28.5 -84.1691
    endloop
  endfacet
  facet normal 0.555092 0 0.831789
    outer loop
      vertex 121.325 25.5 -84.1691
      vertex 121.178 28.5 -84.071
      vertex 121.178 25.5 -84.071
    endloop
  endfacet
  facet normal 0.443124 0 0.89646
    outer loop
      vertex 121.325 28.5 -84.1691
      vertex 121.483 25.5 -84.2472
      vertex 121.483 28.5 -84.2472
    endloop
  endfacet
  facet normal 0.443124 0 0.89646
    outer loop
      vertex 121.483 25.5 -84.2472
      vertex 121.325 28.5 -84.1691
      vertex 121.325 25.5 -84.1691
    endloop
  endfacet
  facet normal 0.0657664 0 0.997835
    outer loop
      vertex 121.824 28.5 -84.3384
      vertex 122 25.5 -84.35
      vertex 122 28.5 -84.35
    endloop
  endfacet
  facet normal 0.0657664 0 0.997835
    outer loop
      vertex 122 25.5 -84.35
      vertex 121.824 28.5 -84.3384
      vertex 121.824 25.5 -84.3384
    endloop
  endfacet
  facet normal 0.320285 0 0.947321
    outer loop
      vertex 121.483 28.5 -84.2472
      vertex 121.651 25.5 -84.304
      vertex 121.651 28.5 -84.304
    endloop
  endfacet
  facet normal 0.320285 0 0.947321
    outer loop
      vertex 121.651 25.5 -84.304
      vertex 121.483 28.5 -84.2472
      vertex 121.483 25.5 -84.2472
    endloop
  endfacet
  facet normal -0.94651 0 0.322674
    outer loop
      vertex 139.247 25.5 -83.5166
      vertex 139.304 28.5 -83.3494
      vertex 139.247 28.5 -83.5166
    endloop
  endfacet
  facet normal -0.94651 0 0.322674
    outer loop
      vertex 139.304 28.5 -83.3494
      vertex 139.247 25.5 -83.5166
      vertex 139.304 25.5 -83.3494
    endloop
  endfacet
  facet normal -0.831701 0 0.555223
    outer loop
      vertex 139.071 25.5 -83.8218
      vertex 139.169 28.5 -83.675
      vertex 139.071 28.5 -83.8218
    endloop
  endfacet
  facet normal -0.831701 0 0.555223
    outer loop
      vertex 139.169 28.5 -83.675
      vertex 139.071 25.5 -83.8218
      vertex 139.169 25.5 -83.675
    endloop
  endfacet
  facet normal -0.658585 0 0.752507
    outer loop
      vertex 138.822 28.5 -84.071
      vertex 138.955 25.5 -83.9546
      vertex 138.955 28.5 -83.9546
    endloop
  endfacet
  facet normal -0.658585 0 0.752507
    outer loop
      vertex 138.955 25.5 -83.9546
      vertex 138.822 28.5 -84.071
      vertex 138.822 25.5 -84.071
    endloop
  endfacet
  facet normal -0.753139 0 0.657862
    outer loop
      vertex 138.955 25.5 -83.9546
      vertex 139.071 28.5 -83.8218
      vertex 138.955 28.5 -83.9546
    endloop
  endfacet
  facet normal -0.753139 0 0.657862
    outer loop
      vertex 139.071 28.5 -83.8218
      vertex 138.955 25.5 -83.9546
      vertex 139.071 25.5 -83.8218
    endloop
  endfacet
  facet normal -0.320285 0 0.947321
    outer loop
      vertex 138.349 28.5 -84.304
      vertex 138.517 25.5 -84.2472
      vertex 138.517 28.5 -84.2472
    endloop
  endfacet
  facet normal -0.320285 0 0.947321
    outer loop
      vertex 138.517 25.5 -84.2472
      vertex 138.349 28.5 -84.304
      vertex 138.349 25.5 -84.304
    endloop
  endfacet
  facet normal -0.753139 0 -0.657862
    outer loop
      vertex 139.071 25.5 -82.1782
      vertex 138.955 28.5 -82.0454
      vertex 139.071 28.5 -82.1782
    endloop
  endfacet
  facet normal -0.753139 -0 -0.657862
    outer loop
      vertex 138.955 28.5 -82.0454
      vertex 139.071 25.5 -82.1782
      vertex 138.955 25.5 -82.0454
    endloop
  endfacet
  facet normal 0.443124 0 -0.89646
    outer loop
      vertex 121.325 25.5 -81.8309
      vertex 121.483 28.5 -81.7528
      vertex 121.483 25.5 -81.7528
    endloop
  endfacet
  facet normal 0.443124 0 -0.89646
    outer loop
      vertex 121.483 28.5 -81.7528
      vertex 121.325 25.5 -81.8309
      vertex 121.325 28.5 -81.8309
    endloop
  endfacet
  facet normal -0.831701 0 -0.555223
    outer loop
      vertex 139.169 25.5 -82.325
      vertex 139.071 28.5 -82.1782
      vertex 139.169 28.5 -82.325
    endloop
  endfacet
  facet normal -0.831701 -0 -0.555223
    outer loop
      vertex 139.071 28.5 -82.1782
      vertex 139.169 25.5 -82.325
      vertex 139.071 25.5 -82.1782
    endloop
  endfacet
  facet normal -0.94651 0 -0.322674
    outer loop
      vertex 139.304 25.5 -82.6506
      vertex 139.247 28.5 -82.4834
      vertex 139.304 28.5 -82.6506
    endloop
  endfacet
  facet normal -0.94651 -0 -0.322674
    outer loop
      vertex 139.247 28.5 -82.4834
      vertex 139.304 25.5 -82.6506
      vertex 139.247 25.5 -82.4834
    endloop
  endfacet
  facet normal -0.897129 0 -0.441768
    outer loop
      vertex 139.247 25.5 -82.4834
      vertex 139.169 28.5 -82.325
      vertex 139.247 28.5 -82.4834
    endloop
  endfacet
  facet normal -0.897129 -0 -0.441768
    outer loop
      vertex 139.169 28.5 -82.325
      vertex 139.247 25.5 -82.4834
      vertex 139.169 25.5 -82.325
    endloop
  endfacet
  facet normal -0.997689 0 0.067947
    outer loop
      vertex 139.338 25.5 -83.1762
      vertex 139.35 28.5 -83
      vertex 139.338 28.5 -83.1762
    endloop
  endfacet
  facet normal -0.997689 0 0.067947
    outer loop
      vertex 139.35 28.5 -83
      vertex 139.338 25.5 -83.1762
      vertex 139.35 25.5 -83
    endloop
  endfacet
  facet normal -0.997689 0 -0.067947
    outer loop
      vertex 139.35 25.5 -83
      vertex 139.338 28.5 -82.8238
      vertex 139.35 28.5 -83
    endloop
  endfacet
  facet normal -0.997689 -0 -0.067947
    outer loop
      vertex 139.338 28.5 -82.8238
      vertex 139.35 25.5 -83
      vertex 139.338 25.5 -82.8238
    endloop
  endfacet
  facet normal 0.195026 0 0.980798
    outer loop
      vertex 121.651 28.5 -84.304
      vertex 121.824 25.5 -84.3384
      vertex 121.824 28.5 -84.3384
    endloop
  endfacet
  facet normal 0.195026 0 0.980798
    outer loop
      vertex 121.824 25.5 -84.3384
      vertex 121.651 28.5 -84.304
      vertex 121.651 25.5 -84.304
    endloop
  endfacet
  facet normal -0.897129 0 0.441768
    outer loop
      vertex 139.169 25.5 -83.675
      vertex 139.247 28.5 -83.5166
      vertex 139.169 28.5 -83.675
    endloop
  endfacet
  facet normal -0.897129 0 0.441768
    outer loop
      vertex 139.247 28.5 -83.5166
      vertex 139.169 25.5 -83.675
      vertex 139.247 25.5 -83.5166
    endloop
  endfacet
  facet normal -0.320285 0 -0.947321
    outer loop
      vertex 138.349 25.5 -81.696
      vertex 138.517 28.5 -81.7528
      vertex 138.517 25.5 -81.7528
    endloop
  endfacet
  facet normal -0.320285 0 -0.947321
    outer loop
      vertex 138.517 28.5 -81.7528
      vertex 138.349 25.5 -81.696
      vertex 138.349 28.5 -81.696
    endloop
  endfacet
  facet normal -0.195571 0 -0.98069
    outer loop
      vertex 138.176 25.5 -81.6615
      vertex 138.349 28.5 -81.696
      vertex 138.349 25.5 -81.696
    endloop
  endfacet
  facet normal -0.195571 0 -0.98069
    outer loop
      vertex 138.349 28.5 -81.696
      vertex 138.176 25.5 -81.6615
      vertex 138.176 28.5 -81.6615
    endloop
  endfacet
  facet normal -0.555092 0 -0.831789
    outer loop
      vertex 138.675 25.5 -81.8309
      vertex 138.822 28.5 -81.929
      vertex 138.822 25.5 -81.929
    endloop
  endfacet
  facet normal -0.555092 0 -0.831789
    outer loop
      vertex 138.822 28.5 -81.929
      vertex 138.675 25.5 -81.8309
      vertex 138.675 28.5 -81.8309
    endloop
  endfacet
  facet normal -0.443124 0 -0.89646
    outer loop
      vertex 138.517 25.5 -81.7528
      vertex 138.675 28.5 -81.8309
      vertex 138.675 25.5 -81.8309
    endloop
  endfacet
  facet normal -0.443124 0 -0.89646
    outer loop
      vertex 138.675 28.5 -81.8309
      vertex 138.517 25.5 -81.7528
      vertex 138.517 28.5 -81.7528
    endloop
  endfacet
  facet normal 0.831701 0 -0.555223
    outer loop
      vertex 120.929 25.5 -82.1782
      vertex 120.831 28.5 -82.325
      vertex 120.929 28.5 -82.1782
    endloop
  endfacet
  facet normal 0.831701 0 -0.555223
    outer loop
      vertex 120.831 28.5 -82.325
      vertex 120.929 25.5 -82.1782
      vertex 120.831 25.5 -82.325
    endloop
  endfacet
  facet normal 0.897129 0 -0.441768
    outer loop
      vertex 120.831 25.5 -82.325
      vertex 120.753 28.5 -82.4834
      vertex 120.831 28.5 -82.325
    endloop
  endfacet
  facet normal 0.897129 0 -0.441768
    outer loop
      vertex 120.753 28.5 -82.4834
      vertex 120.831 25.5 -82.325
      vertex 120.753 25.5 -82.4834
    endloop
  endfacet
  facet normal 0.94651 0 -0.322674
    outer loop
      vertex 120.753 25.5 -82.4834
      vertex 120.696 28.5 -82.6506
      vertex 120.753 28.5 -82.4834
    endloop
  endfacet
  facet normal 0.94651 0 -0.322674
    outer loop
      vertex 120.696 28.5 -82.6506
      vertex 120.753 25.5 -82.4834
      vertex 120.696 25.5 -82.6506
    endloop
  endfacet
  facet normal 0.997689 0 -0.067947
    outer loop
      vertex 120.662 25.5 -82.8238
      vertex 120.65 28.5 -83
      vertex 120.662 28.5 -82.8238
    endloop
  endfacet
  facet normal 0.997689 0 -0.067947
    outer loop
      vertex 120.65 28.5 -83
      vertex 120.662 25.5 -82.8238
      vertex 120.65 25.5 -83
    endloop
  endfacet
  facet normal 0.658585 0 -0.752507
    outer loop
      vertex 121.045 25.5 -82.0454
      vertex 121.178 28.5 -81.929
      vertex 121.178 25.5 -81.929
    endloop
  endfacet
  facet normal 0.658585 0 -0.752507
    outer loop
      vertex 121.178 28.5 -81.929
      vertex 121.045 25.5 -82.0454
      vertex 121.045 28.5 -82.0454
    endloop
  endfacet
  facet normal 0.320285 0 -0.947321
    outer loop
      vertex 121.483 25.5 -81.7528
      vertex 121.651 28.5 -81.696
      vertex 121.651 25.5 -81.696
    endloop
  endfacet
  facet normal 0.320285 0 -0.947321
    outer loop
      vertex 121.651 28.5 -81.696
      vertex 121.483 25.5 -81.7528
      vertex 121.483 28.5 -81.7528
    endloop
  endfacet
  facet normal 0.981272 0 -0.192628
    outer loop
      vertex 120.696 25.5 -82.6506
      vertex 120.662 28.5 -82.8238
      vertex 120.696 28.5 -82.6506
    endloop
  endfacet
  facet normal 0.981272 0 -0.192628
    outer loop
      vertex 120.662 28.5 -82.8238
      vertex 120.696 25.5 -82.6506
      vertex 120.662 25.5 -82.8238
    endloop
  endfacet
  facet normal 0.555092 0 -0.831789
    outer loop
      vertex 121.178 25.5 -81.929
      vertex 121.325 28.5 -81.8309
      vertex 121.325 25.5 -81.8309
    endloop
  endfacet
  facet normal 0.555092 0 -0.831789
    outer loop
      vertex 121.325 28.5 -81.8309
      vertex 121.178 25.5 -81.929
      vertex 121.178 28.5 -81.929
    endloop
  endfacet
  facet normal 0.195571 0 -0.98069
    outer loop
      vertex 121.651 25.5 -81.696
      vertex 121.824 28.5 -81.6615
      vertex 121.824 25.5 -81.6615
    endloop
  endfacet
  facet normal 0.195571 0 -0.98069
    outer loop
      vertex 121.824 28.5 -81.6615
      vertex 121.651 25.5 -81.696
      vertex 121.651 28.5 -81.696
    endloop
  endfacet
  facet normal 0.997689 -0 0.067947
    outer loop
      vertex 120.65 25.5 -74
      vertex 120.662 28.5 -74.1762
      vertex 120.65 28.5 -74
    endloop
  endfacet
  facet normal 0.997689 0 0.067947
    outer loop
      vertex 120.662 28.5 -74.1762
      vertex 120.65 25.5 -74
      vertex 120.662 25.5 -74.1762
    endloop
  endfacet
  facet normal 0.658585 0 0.752507
    outer loop
      vertex 121.045 28.5 -74.9546
      vertex 121.178 25.5 -75.071
      vertex 121.178 28.5 -75.071
    endloop
  endfacet
  facet normal 0.658585 0 0.752507
    outer loop
      vertex 121.178 25.5 -75.071
      vertex 121.045 28.5 -74.9546
      vertex 121.045 25.5 -74.9546
    endloop
  endfacet
  facet normal 0.94651 -0 0.322674
    outer loop
      vertex 120.696 25.5 -74.3494
      vertex 120.753 28.5 -74.5166
      vertex 120.696 28.5 -74.3494
    endloop
  endfacet
  facet normal 0.94651 0 0.322674
    outer loop
      vertex 120.753 28.5 -74.5166
      vertex 120.696 25.5 -74.3494
      vertex 120.753 25.5 -74.5166
    endloop
  endfacet
  facet normal -0.0652019 0 -0.997872
    outer loop
      vertex 138 25.5 -72.65
      vertex 138.176 28.5 -72.6615
      vertex 138.176 25.5 -72.6615
    endloop
  endfacet
  facet normal -0.0652019 0 -0.997872
    outer loop
      vertex 138.176 28.5 -72.6615
      vertex 138 25.5 -72.65
      vertex 138 28.5 -72.65
    endloop
  endfacet
  facet normal 0.753139 0 -0.657862
    outer loop
      vertex 121.045 25.5 -73.0454
      vertex 120.929 28.5 -73.1782
      vertex 121.045 28.5 -73.0454
    endloop
  endfacet
  facet normal 0.753139 0 -0.657862
    outer loop
      vertex 120.929 28.5 -73.1782
      vertex 121.045 25.5 -73.0454
      vertex 120.929 25.5 -73.1782
    endloop
  endfacet
  facet normal 0.981272 -0 0.192628
    outer loop
      vertex 120.662 25.5 -74.1762
      vertex 120.696 28.5 -74.3494
      vertex 120.662 28.5 -74.1762
    endloop
  endfacet
  facet normal 0.981272 0 0.192628
    outer loop
      vertex 120.696 28.5 -74.3494
      vertex 120.662 25.5 -74.1762
      vertex 120.696 25.5 -74.3494
    endloop
  endfacet
  facet normal 0.753139 -0 0.657862
    outer loop
      vertex 120.929 25.5 -74.8218
      vertex 121.045 28.5 -74.9546
      vertex 120.929 28.5 -74.8218
    endloop
  endfacet
  facet normal 0.753139 0 0.657862
    outer loop
      vertex 121.045 28.5 -74.9546
      vertex 120.929 25.5 -74.8218
      vertex 121.045 25.5 -74.9546
    endloop
  endfacet
  facet normal -0 0 1
    outer loop
      vertex 122 28.5 -75.35
      vertex 138 25.5 -75.35
      vertex 138 28.5 -75.35
    endloop
  endfacet
  facet normal 0 0 1
    outer loop
      vertex 138 25.5 -75.35
      vertex 122 28.5 -75.35
      vertex 122 25.5 -75.35
    endloop
  endfacet
  facet normal -0.981272 0 0.192628
    outer loop
      vertex 139.304 25.5 -74.3494
      vertex 139.338 28.5 -74.1762
      vertex 139.304 28.5 -74.3494
    endloop
  endfacet
  facet normal -0.981272 0 0.192628
    outer loop
      vertex 139.338 28.5 -74.1762
      vertex 139.304 25.5 -74.3494
      vertex 139.338 25.5 -74.1762
    endloop
  endfacet
  facet normal 0 0 -1
    outer loop
      vertex 122 25.5 -72.65
      vertex 138 28.5 -72.65
      vertex 138 25.5 -72.65
    endloop
  endfacet
  facet normal -0 0 -1
    outer loop
      vertex 138 28.5 -72.65
      vertex 122 25.5 -72.65
      vertex 122 28.5 -72.65
    endloop
  endfacet
  facet normal -0.94651 0 -0.322674
    outer loop
      vertex 139.304 25.5 -73.6506
      vertex 139.247 28.5 -73.4834
      vertex 139.304 28.5 -73.6506
    endloop
  endfacet
  facet normal -0.94651 -0 -0.322674
    outer loop
      vertex 139.247 28.5 -73.4834
      vertex 139.304 25.5 -73.6506
      vertex 139.247 25.5 -73.4834
    endloop
  endfacet
  facet normal -0.897129 0 -0.441768
    outer loop
      vertex 139.247 25.5 -73.4834
      vertex 139.169 28.5 -73.325
      vertex 139.247 28.5 -73.4834
    endloop
  endfacet
  facet normal -0.897129 -0 -0.441768
    outer loop
      vertex 139.169 28.5 -73.325
      vertex 139.247 25.5 -73.4834
      vertex 139.169 25.5 -73.325
    endloop
  endfacet
  facet normal -0.997689 0 -0.067947
    outer loop
      vertex 139.35 25.5 -74
      vertex 139.338 28.5 -73.8238
      vertex 139.35 28.5 -74
    endloop
  endfacet
  facet normal -0.997689 -0 -0.067947
    outer loop
      vertex 139.338 28.5 -73.8238
      vertex 139.35 25.5 -74
      vertex 139.338 25.5 -73.8238
    endloop
  endfacet
  facet normal 0.831701 -0 0.555223
    outer loop
      vertex 120.831 25.5 -74.675
      vertex 120.929 28.5 -74.8218
      vertex 120.831 28.5 -74.675
    endloop
  endfacet
  facet normal 0.831701 0 0.555223
    outer loop
      vertex 120.929 28.5 -74.8218
      vertex 120.831 25.5 -74.675
      vertex 120.929 25.5 -74.8218
    endloop
  endfacet
  facet normal 0.555092 0 0.831789
    outer loop
      vertex 121.178 28.5 -75.071
      vertex 121.325 25.5 -75.1691
      vertex 121.325 28.5 -75.1691
    endloop
  endfacet
  facet normal 0.555092 0 0.831789
    outer loop
      vertex 121.325 25.5 -75.1691
      vertex 121.178 28.5 -75.071
      vertex 121.178 25.5 -75.071
    endloop
  endfacet
  facet normal 0.320285 0 0.947321
    outer loop
      vertex 121.483 28.5 -75.2472
      vertex 121.651 25.5 -75.304
      vertex 121.651 28.5 -75.304
    endloop
  endfacet
  facet normal 0.320285 0 0.947321
    outer loop
      vertex 121.651 25.5 -75.304
      vertex 121.483 28.5 -75.2472
      vertex 121.483 25.5 -75.2472
    endloop
  endfacet
  facet normal -0.0657664 0 0.997835
    outer loop
      vertex 138 28.5 -75.35
      vertex 138.176 25.5 -75.3384
      vertex 138.176 28.5 -75.3384
    endloop
  endfacet
  facet normal -0.0657664 0 0.997835
    outer loop
      vertex 138.176 25.5 -75.3384
      vertex 138 28.5 -75.35
      vertex 138 25.5 -75.35
    endloop
  endfacet
  facet normal -0.997689 0 0.067947
    outer loop
      vertex 139.338 25.5 -74.1762
      vertex 139.35 28.5 -74
      vertex 139.338 28.5 -74.1762
    endloop
  endfacet
  facet normal -0.997689 0 0.067947
    outer loop
      vertex 139.35 28.5 -74
      vertex 139.338 25.5 -74.1762
      vertex 139.35 25.5 -74
    endloop
  endfacet
  facet normal -0.443124 0 -0.89646
    outer loop
      vertex 138.517 25.5 -72.7528
      vertex 138.675 28.5 -72.8309
      vertex 138.675 25.5 -72.8309
    endloop
  endfacet
  facet normal -0.443124 0 -0.89646
    outer loop
      vertex 138.675 28.5 -72.8309
      vertex 138.517 25.5 -72.7528
      vertex 138.517 28.5 -72.7528
    endloop
  endfacet
  facet normal -0.658585 0 -0.752507
    outer loop
      vertex 138.822 25.5 -72.929
      vertex 138.955 28.5 -73.0454
      vertex 138.955 25.5 -73.0454
    endloop
  endfacet
  facet normal -0.658585 0 -0.752507
    outer loop
      vertex 138.955 28.5 -73.0454
      vertex 138.822 25.5 -72.929
      vertex 138.822 28.5 -72.929
    endloop
  endfacet
  facet normal 0.897129 -0 0.441768
    outer loop
      vertex 120.753 25.5 -74.5166
      vertex 120.831 28.5 -74.675
      vertex 120.753 28.5 -74.5166
    endloop
  endfacet
  facet normal 0.897129 0 0.441768
    outer loop
      vertex 120.831 28.5 -74.675
      vertex 120.753 25.5 -74.5166
      vertex 120.831 25.5 -74.675
    endloop
  endfacet
  facet normal 0.443124 0 0.89646
    outer loop
      vertex 121.325 28.5 -75.1691
      vertex 121.483 25.5 -75.2472
      vertex 121.483 28.5 -75.2472
    endloop
  endfacet
  facet normal 0.443124 0 0.89646
    outer loop
      vertex 121.483 25.5 -75.2472
      vertex 121.325 28.5 -75.1691
      vertex 121.325 25.5 -75.1691
    endloop
  endfacet
  facet normal 0.0657664 0 0.997835
    outer loop
      vertex 121.824 28.5 -75.3384
      vertex 122 25.5 -75.35
      vertex 122 28.5 -75.35
    endloop
  endfacet
  facet normal 0.0657664 0 0.997835
    outer loop
      vertex 122 25.5 -75.35
      vertex 121.824 28.5 -75.3384
      vertex 121.824 25.5 -75.3384
    endloop
  endfacet
  facet normal -0.94651 0 0.322674
    outer loop
      vertex 139.247 25.5 -74.5166
      vertex 139.304 28.5 -74.3494
      vertex 139.247 28.5 -74.5166
    endloop
  endfacet
  facet normal -0.94651 0 0.322674
    outer loop
      vertex 139.304 28.5 -74.3494
      vertex 139.247 25.5 -74.5166
      vertex 139.304 25.5 -74.3494
    endloop
  endfacet
  facet normal -0.555092 0 0.831789
    outer loop
      vertex 138.675 28.5 -75.1691
      vertex 138.822 25.5 -75.071
      vertex 138.822 28.5 -75.071
    endloop
  endfacet
  facet normal -0.555092 0 0.831789
    outer loop
      vertex 138.822 25.5 -75.071
      vertex 138.675 28.5 -75.1691
      vertex 138.675 25.5 -75.1691
    endloop
  endfacet
  facet normal -0.195571 0 -0.98069
    outer loop
      vertex 138.176 25.5 -72.6615
      vertex 138.349 28.5 -72.696
      vertex 138.349 25.5 -72.696
    endloop
  endfacet
  facet normal -0.195571 0 -0.98069
    outer loop
      vertex 138.349 28.5 -72.696
      vertex 138.176 25.5 -72.6615
      vertex 138.176 28.5 -72.6615
    endloop
  endfacet
  facet normal 0.0652019 0 -0.997872
    outer loop
      vertex 121.824 25.5 -72.6615
      vertex 122 28.5 -72.65
      vertex 122 25.5 -72.65
    endloop
  endfacet
  facet normal 0.0652019 0 -0.997872
    outer loop
      vertex 122 28.5 -72.65
      vertex 121.824 25.5 -72.6615
      vertex 121.824 28.5 -72.6615
    endloop
  endfacet
  facet normal -0.831701 0 -0.555223
    outer loop
      vertex 139.169 25.5 -73.325
      vertex 139.071 28.5 -73.1782
      vertex 139.169 28.5 -73.325
    endloop
  endfacet
  facet normal -0.831701 -0 -0.555223
    outer loop
      vertex 139.071 28.5 -73.1782
      vertex 139.169 25.5 -73.325
      vertex 139.071 25.5 -73.1782
    endloop
  endfacet
  facet normal -0.753139 0 -0.657862
    outer loop
      vertex 139.071 25.5 -73.1782
      vertex 138.955 28.5 -73.0454
      vertex 139.071 28.5 -73.1782
    endloop
  endfacet
  facet normal -0.753139 -0 -0.657862
    outer loop
      vertex 138.955 28.5 -73.0454
      vertex 139.071 25.5 -73.1782
      vertex 138.955 25.5 -73.0454
    endloop
  endfacet
  facet normal 0.195026 0 0.980798
    outer loop
      vertex 121.651 28.5 -75.304
      vertex 121.824 25.5 -75.3384
      vertex 121.824 28.5 -75.3384
    endloop
  endfacet
  facet normal 0.195026 0 0.980798
    outer loop
      vertex 121.824 25.5 -75.3384
      vertex 121.651 28.5 -75.304
      vertex 121.651 25.5 -75.304
    endloop
  endfacet
  facet normal -0.831701 0 0.555223
    outer loop
      vertex 139.071 25.5 -74.8218
      vertex 139.169 28.5 -74.675
      vertex 139.071 28.5 -74.8218
    endloop
  endfacet
  facet normal -0.831701 0 0.555223
    outer loop
      vertex 139.169 28.5 -74.675
      vertex 139.071 25.5 -74.8218
      vertex 139.169 25.5 -74.675
    endloop
  endfacet
  facet normal -0.443124 0 0.89646
    outer loop
      vertex 138.517 28.5 -75.2472
      vertex 138.675 25.5 -75.1691
      vertex 138.675 28.5 -75.1691
    endloop
  endfacet
  facet normal -0.443124 0 0.89646
    outer loop
      vertex 138.675 25.5 -75.1691
      vertex 138.517 28.5 -75.2472
      vertex 138.517 25.5 -75.2472
    endloop
  endfacet
  facet normal -0.658585 0 0.752507
    outer loop
      vertex 138.822 28.5 -75.071
      vertex 138.955 25.5 -74.9546
      vertex 138.955 28.5 -74.9546
    endloop
  endfacet
  facet normal -0.658585 0 0.752507
    outer loop
      vertex 138.955 25.5 -74.9546
      vertex 138.822 28.5 -75.071
      vertex 138.822 25.5 -75.071
    endloop
  endfacet
  facet normal -0.753139 0 0.657862
    outer loop
      vertex 138.955 25.5 -74.9546
      vertex 139.071 28.5 -74.8218
      vertex 138.955 28.5 -74.9546
    endloop
  endfacet
  facet normal -0.753139 0 0.657862
    outer loop
      vertex 139.071 28.5 -74.8218
      vertex 138.955 25.5 -74.9546
      vertex 139.071 25.5 -74.8218
    endloop
  endfacet
  facet normal -0.320285 0 -0.947321
    outer loop
      vertex 138.349 25.5 -72.696
      vertex 138.517 28.5 -72.7528
      vertex 138.517 25.5 -72.7528
    endloop
  endfacet
  facet normal -0.320285 0 -0.947321
    outer loop
      vertex 138.517 28.5 -72.7528
      vertex 138.349 25.5 -72.696
      vertex 138.349 28.5 -72.696
    endloop
  endfacet
  facet normal -0.555092 0 -0.831789
    outer loop
      vertex 138.675 25.5 -72.8309
      vertex 138.822 28.5 -72.929
      vertex 138.822 25.5 -72.929
    endloop
  endfacet
  facet normal -0.555092 0 -0.831789
    outer loop
      vertex 138.822 28.5 -72.929
      vertex 138.675 25.5 -72.8309
      vertex 138.675 28.5 -72.8309
    endloop
  endfacet
  facet normal 0.997689 0 -0.067947
    outer loop
      vertex 120.662 25.5 -73.8238
      vertex 120.65 28.5 -74
      vertex 120.662 28.5 -73.8238
    endloop
  endfacet
  facet normal 0.997689 0 -0.067947
    outer loop
      vertex 120.65 28.5 -74
      vertex 120.662 25.5 -73.8238
      vertex 120.65 25.5 -74
    endloop
  endfacet
  facet normal 0.94651 0 -0.322674
    outer loop
      vertex 120.753 25.5 -73.4834
      vertex 120.696 28.5 -73.6506
      vertex 120.753 28.5 -73.4834
    endloop
  endfacet
  facet normal 0.94651 0 -0.322674
    outer loop
      vertex 120.696 28.5 -73.6506
      vertex 120.753 25.5 -73.4834
      vertex 120.696 25.5 -73.6506
    endloop
  endfacet
  facet normal 0.981272 0 -0.192628
    outer loop
      vertex 120.696 25.5 -73.6506
      vertex 120.662 28.5 -73.8238
      vertex 120.696 28.5 -73.6506
    endloop
  endfacet
  facet normal 0.981272 0 -0.192628
    outer loop
      vertex 120.662 28.5 -73.8238
      vertex 120.696 25.5 -73.6506
      vertex 120.662 25.5 -73.8238
    endloop
  endfacet
  facet normal 0.658585 0 -0.752507
    outer loop
      vertex 121.045 25.5 -73.0454
      vertex 121.178 28.5 -72.929
      vertex 121.178 25.5 -72.929
    endloop
  endfacet
  facet normal 0.658585 0 -0.752507
    outer loop
      vertex 121.178 28.5 -72.929
      vertex 121.045 25.5 -73.0454
      vertex 121.045 28.5 -73.0454
    endloop
  endfacet
  facet normal 0.320285 0 -0.947321
    outer loop
      vertex 121.483 25.5 -72.7528
      vertex 121.651 28.5 -72.696
      vertex 121.651 25.5 -72.696
    endloop
  endfacet
  facet normal 0.320285 0 -0.947321
    outer loop
      vertex 121.651 28.5 -72.696
      vertex 121.483 25.5 -72.7528
      vertex 121.483 28.5 -72.7528
    endloop
  endfacet
  facet normal 0.195571 0 -0.98069
    outer loop
      vertex 121.651 25.5 -72.696
      vertex 121.824 28.5 -72.6615
      vertex 121.824 25.5 -72.6615
    endloop
  endfacet
  facet normal 0.195571 0 -0.98069
    outer loop
      vertex 121.824 28.5 -72.6615
      vertex 121.651 25.5 -72.696
      vertex 121.651 28.5 -72.696
    endloop
  endfacet
  facet normal -0.981272 0 -0.192628
    outer loop
      vertex 139.338 25.5 -73.8238
      vertex 139.304 28.5 -73.6506
      vertex 139.338 28.5 -73.8238
    endloop
  endfacet
  facet normal -0.981272 -0 -0.192628
    outer loop
      vertex 139.304 28.5 -73.6506
      vertex 139.338 25.5 -73.8238
      vertex 139.304 25.5 -73.6506
    endloop
  endfacet
  facet normal -0.897129 0 0.441768
    outer loop
      vertex 139.169 25.5 -74.675
      vertex 139.247 28.5 -74.5166
      vertex 139.169 28.5 -74.675
    endloop
  endfacet
  facet normal -0.897129 0 0.441768
    outer loop
      vertex 139.247 28.5 -74.5166
      vertex 139.169 25.5 -74.675
      vertex 139.247 25.5 -74.5166
    endloop
  endfacet
  facet normal -0.195026 0 0.980798
    outer loop
      vertex 138.176 28.5 -75.3384
      vertex 138.349 25.5 -75.304
      vertex 138.349 28.5 -75.304
    endloop
  endfacet
  facet normal -0.195026 0 0.980798
    outer loop
      vertex 138.349 25.5 -75.304
      vertex 138.176 28.5 -75.3384
      vertex 138.176 25.5 -75.3384
    endloop
  endfacet
  facet normal -0.320285 0 0.947321
    outer loop
      vertex 138.349 28.5 -75.304
      vertex 138.517 25.5 -75.2472
      vertex 138.517 28.5 -75.2472
    endloop
  endfacet
  facet normal -0.320285 0 0.947321
    outer loop
      vertex 138.517 25.5 -75.2472
      vertex 138.349 28.5 -75.304
      vertex 138.349 25.5 -75.304
    endloop
  endfacet
  facet normal 0.831701 0 -0.555223
    outer loop
      vertex 120.929 25.5 -73.1782
      vertex 120.831 28.5 -73.325
      vertex 120.929 28.5 -73.1782
    endloop
  endfacet
  facet normal 0.831701 0 -0.555223
    outer loop
      vertex 120.831 28.5 -73.325
      vertex 120.929 25.5 -73.1782
      vertex 120.831 25.5 -73.325
    endloop
  endfacet
  facet normal 0.897129 0 -0.441768
    outer loop
      vertex 120.831 25.5 -73.325
      vertex 120.753 28.5 -73.4834
      vertex 120.831 28.5 -73.325
    endloop
  endfacet
  facet normal 0.897129 0 -0.441768
    outer loop
      vertex 120.753 28.5 -73.4834
      vertex 120.831 25.5 -73.325
      vertex 120.753 25.5 -73.4834
    endloop
  endfacet
  facet normal 0.443124 0 -0.89646
    outer loop
      vertex 121.325 25.5 -72.8309
      vertex 121.483 28.5 -72.7528
      vertex 121.483 25.5 -72.7528
    endloop
  endfacet
  facet normal 0.443124 0 -0.89646
    outer loop
      vertex 121.483 28.5 -72.7528
      vertex 121.325 25.5 -72.8309
      vertex 121.325 28.5 -72.8309
    endloop
  endfacet
  facet normal 0.555092 0 -0.831789
    outer loop
      vertex 121.178 25.5 -72.929
      vertex 121.325 28.5 -72.8309
      vertex 121.325 25.5 -72.8309
    endloop
  endfacet
  facet normal 0.555092 0 -0.831789
    outer loop
      vertex 121.325 28.5 -72.8309
      vertex 121.178 25.5 -72.929
      vertex 121.178 28.5 -72.929
    endloop
  endfacet
  facet normal 0.997689 -0 0.067947
    outer loop
      vertex 120.65 25.5 -65
      vertex 120.662 28.5 -65.1762
      vertex 120.65 28.5 -65
    endloop
  endfacet
  facet normal 0.997689 0 0.067947
    outer loop
      vertex 120.662 28.5 -65.1762
      vertex 120.65 25.5 -65
      vertex 120.662 25.5 -65.1762
    endloop
  endfacet
  facet normal 0.658585 0 0.752507
    outer loop
      vertex 121.045 28.5 -65.9546
      vertex 121.178 25.5 -66.071
      vertex 121.178 28.5 -66.071
    endloop
  endfacet
  facet normal 0.658585 0 0.752507
    outer loop
      vertex 121.178 25.5 -66.071
      vertex 121.045 28.5 -65.9546
      vertex 121.045 25.5 -65.9546
    endloop
  endfacet
  facet normal 0.94651 -0 0.322674
    outer loop
      vertex 120.696 25.5 -65.3494
      vertex 120.753 28.5 -65.5166
      vertex 120.696 28.5 -65.3494
    endloop
  endfacet
  facet normal 0.94651 0 0.322674
    outer loop
      vertex 120.753 28.5 -65.5166
      vertex 120.696 25.5 -65.3494
      vertex 120.753 25.5 -65.5166
    endloop
  endfacet
  facet normal -0.0652019 0 -0.997872
    outer loop
      vertex 138 25.5 -63.65
      vertex 138.176 28.5 -63.6615
      vertex 138.176 25.5 -63.6615
    endloop
  endfacet
  facet normal -0.0652019 0 -0.997872
    outer loop
      vertex 138.176 28.5 -63.6615
      vertex 138 25.5 -63.65
      vertex 138 28.5 -63.65
    endloop
  endfacet
  facet normal 0.753139 0 -0.657862
    outer loop
      vertex 121.045 25.5 -64.0454
      vertex 120.929 28.5 -64.1782
      vertex 121.045 28.5 -64.0454
    endloop
  endfacet
  facet normal 0.753139 0 -0.657862
    outer loop
      vertex 120.929 28.5 -64.1782
      vertex 121.045 25.5 -64.0454
      vertex 120.929 25.5 -64.1782
    endloop
  endfacet
  facet normal 0.981272 -0 0.192628
    outer loop
      vertex 120.662 25.5 -65.1762
      vertex 120.696 28.5 -65.3494
      vertex 120.662 28.5 -65.1762
    endloop
  endfacet
  facet normal 0.981272 0 0.192628
    outer loop
      vertex 120.696 28.5 -65.3494
      vertex 120.662 25.5 -65.1762
      vertex 120.696 25.5 -65.3494
    endloop
  endfacet
  facet normal 0.753139 -0 0.657862
    outer loop
      vertex 120.929 25.5 -65.8218
      vertex 121.045 28.5 -65.9546
      vertex 120.929 28.5 -65.8218
    endloop
  endfacet
  facet normal 0.753139 0 0.657862
    outer loop
      vertex 121.045 28.5 -65.9546
      vertex 120.929 25.5 -65.8218
      vertex 121.045 25.5 -65.9546
    endloop
  endfacet
  facet normal -0 0 1
    outer loop
      vertex 122 28.5 -66.35
      vertex 138 25.5 -66.35
      vertex 138 28.5 -66.35
    endloop
  endfacet
  facet normal 0 0 1
    outer loop
      vertex 138 25.5 -66.35
      vertex 122 28.5 -66.35
      vertex 122 25.5 -66.35
    endloop
  endfacet
  facet normal -0.981272 0 0.192628
    outer loop
      vertex 139.304 25.5 -65.3494
      vertex 139.338 28.5 -65.1762
      vertex 139.304 28.5 -65.3494
    endloop
  endfacet
  facet normal -0.981272 0 0.192628
    outer loop
      vertex 139.338 28.5 -65.1762
      vertex 139.304 25.5 -65.3494
      vertex 139.338 25.5 -65.1762
    endloop
  endfacet
  facet normal 0 0 -1
    outer loop
      vertex 122 25.5 -63.65
      vertex 138 28.5 -63.65
      vertex 138 25.5 -63.65
    endloop
  endfacet
  facet normal -0 0 -1
    outer loop
      vertex 138 28.5 -63.65
      vertex 122 25.5 -63.65
      vertex 122 28.5 -63.65
    endloop
  endfacet
  facet normal -0.94651 0 -0.322674
    outer loop
      vertex 139.304 25.5 -64.6506
      vertex 139.247 28.5 -64.4834
      vertex 139.304 28.5 -64.6506
    endloop
  endfacet
  facet normal -0.94651 -0 -0.322674
    outer loop
      vertex 139.247 28.5 -64.4834
      vertex 139.304 25.5 -64.6506
      vertex 139.247 25.5 -64.4834
    endloop
  endfacet
  facet normal -0.897129 0 -0.441768
    outer loop
      vertex 139.247 25.5 -64.4834
      vertex 139.169 28.5 -64.325
      vertex 139.247 28.5 -64.4834
    endloop
  endfacet
  facet normal -0.897129 -0 -0.441768
    outer loop
      vertex 139.169 28.5 -64.325
      vertex 139.247 25.5 -64.4834
      vertex 139.169 25.5 -64.325
    endloop
  endfacet
  facet normal -0.997689 0 -0.067947
    outer loop
      vertex 139.35 25.5 -65
      vertex 139.338 28.5 -64.8238
      vertex 139.35 28.5 -65
    endloop
  endfacet
  facet normal -0.997689 -0 -0.067947
    outer loop
      vertex 139.338 28.5 -64.8238
      vertex 139.35 25.5 -65
      vertex 139.338 25.5 -64.8238
    endloop
  endfacet
  facet normal 0.897129 -0 0.441768
    outer loop
      vertex 120.753 25.5 -65.5166
      vertex 120.831 28.5 -65.675
      vertex 120.753 28.5 -65.5166
    endloop
  endfacet
  facet normal 0.897129 0 0.441768
    outer loop
      vertex 120.831 28.5 -65.675
      vertex 120.753 25.5 -65.5166
      vertex 120.831 25.5 -65.675
    endloop
  endfacet
  facet normal 0.831701 -0 0.555223
    outer loop
      vertex 120.831 25.5 -65.675
      vertex 120.929 28.5 -65.8218
      vertex 120.831 28.5 -65.675
    endloop
  endfacet
  facet normal 0.831701 0 0.555223
    outer loop
      vertex 120.929 28.5 -65.8218
      vertex 120.831 25.5 -65.675
      vertex 120.929 25.5 -65.8218
    endloop
  endfacet
  facet normal 0.555092 0 0.831789
    outer loop
      vertex 121.178 28.5 -66.071
      vertex 121.325 25.5 -66.1691
      vertex 121.325 28.5 -66.1691
    endloop
  endfacet
  facet normal 0.555092 0 0.831789
    outer loop
      vertex 121.325 25.5 -66.1691
      vertex 121.178 28.5 -66.071
      vertex 121.178 25.5 -66.071
    endloop
  endfacet
  facet normal 0.320285 0 0.947321
    outer loop
      vertex 121.483 28.5 -66.2472
      vertex 121.651 25.5 -66.304
      vertex 121.651 28.5 -66.304
    endloop
  endfacet
  facet normal 0.320285 0 0.947321
    outer loop
      vertex 121.651 25.5 -66.304
      vertex 121.483 28.5 -66.2472
      vertex 121.483 25.5 -66.2472
    endloop
  endfacet
  facet normal -0.0657664 0 0.997835
    outer loop
      vertex 138 28.5 -66.35
      vertex 138.176 25.5 -66.3384
      vertex 138.176 28.5 -66.3384
    endloop
  endfacet
  facet normal -0.0657664 0 0.997835
    outer loop
      vertex 138.176 25.5 -66.3384
      vertex 138 28.5 -66.35
      vertex 138 25.5 -66.35
    endloop
  endfacet
  facet normal -0.997689 0 0.067947
    outer loop
      vertex 139.338 25.5 -65.1762
      vertex 139.35 28.5 -65
      vertex 139.338 28.5 -65.1762
    endloop
  endfacet
  facet normal -0.997689 0 0.067947
    outer loop
      vertex 139.35 28.5 -65
      vertex 139.338 25.5 -65.1762
      vertex 139.35 25.5 -65
    endloop
  endfacet
  facet normal -0.443124 0 -0.89646
    outer loop
      vertex 138.517 25.5 -63.7528
      vertex 138.675 28.5 -63.8309
      vertex 138.675 25.5 -63.8309
    endloop
  endfacet
  facet normal -0.443124 0 -0.89646
    outer loop
      vertex 138.675 28.5 -63.8309
      vertex 138.517 25.5 -63.7528
      vertex 138.517 28.5 -63.7528
    endloop
  endfacet
  facet normal -0.658585 0 -0.752507
    outer loop
      vertex 138.822 25.5 -63.929
      vertex 138.955 28.5 -64.0454
      vertex 138.955 25.5 -64.0454
    endloop
  endfacet
  facet normal -0.658585 0 -0.752507
    outer loop
      vertex 138.955 28.5 -64.0454
      vertex 138.822 25.5 -63.929
      vertex 138.822 28.5 -63.929
    endloop
  endfacet
  facet normal 0.443124 0 0.89646
    outer loop
      vertex 121.325 28.5 -66.1691
      vertex 121.483 25.5 -66.2472
      vertex 121.483 28.5 -66.2472
    endloop
  endfacet
  facet normal 0.443124 0 0.89646
    outer loop
      vertex 121.483 25.5 -66.2472
      vertex 121.325 28.5 -66.1691
      vertex 121.325 25.5 -66.1691
    endloop
  endfacet
  facet normal 0.0657664 0 0.997835
    outer loop
      vertex 121.824 28.5 -66.3384
      vertex 122 25.5 -66.35
      vertex 122 28.5 -66.35
    endloop
  endfacet
  facet normal 0.0657664 0 0.997835
    outer loop
      vertex 122 25.5 -66.35
      vertex 121.824 28.5 -66.3384
      vertex 121.824 25.5 -66.3384
    endloop
  endfacet
  facet normal -0.94651 0 0.322674
    outer loop
      vertex 139.247 25.5 -65.5166
      vertex 139.304 28.5 -65.3494
      vertex 139.247 28.5 -65.5166
    endloop
  endfacet
  facet normal -0.94651 0 0.322674
    outer loop
      vertex 139.304 28.5 -65.3494
      vertex 139.247 25.5 -65.5166
      vertex 139.304 25.5 -65.3494
    endloop
  endfacet
  facet normal -0.555092 0 0.831789
    outer loop
      vertex 138.675 28.5 -66.1691
      vertex 138.822 25.5 -66.071
      vertex 138.822 28.5 -66.071
    endloop
  endfacet
  facet normal -0.555092 0 0.831789
    outer loop
      vertex 138.822 25.5 -66.071
      vertex 138.675 28.5 -66.1691
      vertex 138.675 25.5 -66.1691
    endloop
  endfacet
  facet normal -0.195571 0 -0.98069
    outer loop
      vertex 138.176 25.5 -63.6615
      vertex 138.349 28.5 -63.696
      vertex 138.349 25.5 -63.696
    endloop
  endfacet
  facet normal -0.195571 0 -0.98069
    outer loop
      vertex 138.349 28.5 -63.696
      vertex 138.176 25.5 -63.6615
      vertex 138.176 28.5 -63.6615
    endloop
  endfacet
  facet normal 0.0652019 0 -0.997872
    outer loop
      vertex 121.824 25.5 -63.6615
      vertex 122 28.5 -63.65
      vertex 122 25.5 -63.65
    endloop
  endfacet
  facet normal 0.0652019 0 -0.997872
    outer loop
      vertex 122 28.5 -63.65
      vertex 121.824 25.5 -63.6615
      vertex 121.824 28.5 -63.6615
    endloop
  endfacet
  facet normal -0.831701 0 -0.555223
    outer loop
      vertex 139.169 25.5 -64.325
      vertex 139.071 28.5 -64.1782
      vertex 139.169 28.5 -64.325
    endloop
  endfacet
  facet normal -0.831701 -0 -0.555223
    outer loop
      vertex 139.071 28.5 -64.1782
      vertex 139.169 25.5 -64.325
      vertex 139.071 25.5 -64.1782
    endloop
  endfacet
  facet normal -0.753139 0 -0.657862
    outer loop
      vertex 139.071 25.5 -64.1782
      vertex 138.955 28.5 -64.0454
      vertex 139.071 28.5 -64.1782
    endloop
  endfacet
  facet normal -0.753139 -0 -0.657862
    outer loop
      vertex 138.955 28.5 -64.0454
      vertex 139.071 25.5 -64.1782
      vertex 138.955 25.5 -64.0454
    endloop
  endfacet
  facet normal 0.195026 0 0.980798
    outer loop
      vertex 121.651 28.5 -66.304
      vertex 121.824 25.5 -66.3384
      vertex 121.824 28.5 -66.3384
    endloop
  endfacet
  facet normal 0.195026 0 0.980798
    outer loop
      vertex 121.824 25.5 -66.3384
      vertex 121.651 28.5 -66.304
      vertex 121.651 25.5 -66.304
    endloop
  endfacet
  facet normal -0.831701 0 0.555223
    outer loop
      vertex 139.071 25.5 -65.8218
      vertex 139.169 28.5 -65.675
      vertex 139.071 28.5 -65.8218
    endloop
  endfacet
  facet normal -0.831701 0 0.555223
    outer loop
      vertex 139.169 28.5 -65.675
      vertex 139.071 25.5 -65.8218
      vertex 139.169 25.5 -65.675
    endloop
  endfacet
  facet normal -0.443124 0 0.89646
    outer loop
      vertex 138.517 28.5 -66.2472
      vertex 138.675 25.5 -66.1691
      vertex 138.675 28.5 -66.1691
    endloop
  endfacet
  facet normal -0.443124 0 0.89646
    outer loop
      vertex 138.675 25.5 -66.1691
      vertex 138.517 28.5 -66.2472
      vertex 138.517 25.5 -66.2472
    endloop
  endfacet
  facet normal -0.195026 0 0.980798
    outer loop
      vertex 138.176 28.5 -66.3384
      vertex 138.349 25.5 -66.304
      vertex 138.349 28.5 -66.304
    endloop
  endfacet
  facet normal -0.195026 0 0.980798
    outer loop
      vertex 138.349 25.5 -66.304
      vertex 138.176 28.5 -66.3384
      vertex 138.176 25.5 -66.3384
    endloop
  endfacet
  facet normal -0.658585 0 0.752507
    outer loop
      vertex 138.822 28.5 -66.071
      vertex 138.955 25.5 -65.9546
      vertex 138.955 28.5 -65.9546
    endloop
  endfacet
  facet normal -0.658585 0 0.752507
    outer loop
      vertex 138.955 25.5 -65.9546
      vertex 138.822 28.5 -66.071
      vertex 138.822 25.5 -66.071
    endloop
  endfacet
  facet normal -0.753139 0 0.657862
    outer loop
      vertex 138.955 25.5 -65.9546
      vertex 139.071 28.5 -65.8218
      vertex 138.955 28.5 -65.9546
    endloop
  endfacet
  facet normal -0.753139 0 0.657862
    outer loop
      vertex 139.071 28.5 -65.8218
      vertex 138.955 25.5 -65.9546
      vertex 139.071 25.5 -65.8218
    endloop
  endfacet
  facet normal -0.320285 0 -0.947321
    outer loop
      vertex 138.349 25.5 -63.696
      vertex 138.517 28.5 -63.7528
      vertex 138.517 25.5 -63.7528
    endloop
  endfacet
  facet normal -0.320285 0 -0.947321
    outer loop
      vertex 138.517 28.5 -63.7528
      vertex 138.349 25.5 -63.696
      vertex 138.349 28.5 -63.696
    endloop
  endfacet
  facet normal -0.555092 0 -0.831789
    outer loop
      vertex 138.675 25.5 -63.8309
      vertex 138.822 28.5 -63.929
      vertex 138.822 25.5 -63.929
    endloop
  endfacet
  facet normal -0.555092 0 -0.831789
    outer loop
      vertex 138.822 28.5 -63.929
      vertex 138.675 25.5 -63.8309
      vertex 138.675 28.5 -63.8309
    endloop
  endfacet
  facet normal 0.997689 0 -0.067947
    outer loop
      vertex 120.662 25.5 -64.8238
      vertex 120.65 28.5 -65
      vertex 120.662 28.5 -64.8238
    endloop
  endfacet
  facet normal 0.997689 0 -0.067947
    outer loop
      vertex 120.65 28.5 -65
      vertex 120.662 25.5 -64.8238
      vertex 120.65 25.5 -65
    endloop
  endfacet
  facet normal 0.658585 0 -0.752507
    outer loop
      vertex 121.045 25.5 -64.0454
      vertex 121.178 28.5 -63.929
      vertex 121.178 25.5 -63.929
    endloop
  endfacet
  facet normal 0.658585 0 -0.752507
    outer loop
      vertex 121.178 28.5 -63.929
      vertex 121.045 25.5 -64.0454
      vertex 121.045 28.5 -64.0454
    endloop
  endfacet
  facet normal 0.320285 0 -0.947321
    outer loop
      vertex 121.483 25.5 -63.7528
      vertex 121.651 28.5 -63.696
      vertex 121.651 25.5 -63.696
    endloop
  endfacet
  facet normal 0.320285 0 -0.947321
    outer loop
      vertex 121.651 28.5 -63.696
      vertex 121.483 25.5 -63.7528
      vertex 121.483 28.5 -63.7528
    endloop
  endfacet
  facet normal -0.981272 0 -0.192628
    outer loop
      vertex 139.338 25.5 -64.8238
      vertex 139.304 28.5 -64.6506
      vertex 139.338 28.5 -64.8238
    endloop
  endfacet
  facet normal -0.981272 -0 -0.192628
    outer loop
      vertex 139.304 28.5 -64.6506
      vertex 139.338 25.5 -64.8238
      vertex 139.304 25.5 -64.6506
    endloop
  endfacet
  facet normal -0.897129 0 0.441768
    outer loop
      vertex 139.169 25.5 -65.675
      vertex 139.247 28.5 -65.5166
      vertex 139.169 28.5 -65.675
    endloop
  endfacet
  facet normal -0.897129 0 0.441768
    outer loop
      vertex 139.247 28.5 -65.5166
      vertex 139.169 25.5 -65.675
      vertex 139.247 25.5 -65.5166
    endloop
  endfacet
  facet normal -0.320285 0 0.947321
    outer loop
      vertex 138.349 28.5 -66.304
      vertex 138.517 25.5 -66.2472
      vertex 138.517 28.5 -66.2472
    endloop
  endfacet
  facet normal -0.320285 0 0.947321
    outer loop
      vertex 138.517 25.5 -66.2472
      vertex 138.349 28.5 -66.304
      vertex 138.349 25.5 -66.304
    endloop
  endfacet
  facet normal 0.831701 0 -0.555223
    outer loop
      vertex 120.929 25.5 -64.1782
      vertex 120.831 28.5 -64.325
      vertex 120.929 28.5 -64.1782
    endloop
  endfacet
  facet normal 0.831701 0 -0.555223
    outer loop
      vertex 120.831 28.5 -64.325
      vertex 120.929 25.5 -64.1782
      vertex 120.831 25.5 -64.325
    endloop
  endfacet
  facet normal 0.94651 0 -0.322674
    outer loop
      vertex 120.753 25.5 -64.4834
      vertex 120.696 28.5 -64.6506
      vertex 120.753 28.5 -64.4834
    endloop
  endfacet
  facet normal 0.94651 0 -0.322674
    outer loop
      vertex 120.696 28.5 -64.6506
      vertex 120.753 25.5 -64.4834
      vertex 120.696 25.5 -64.6506
    endloop
  endfacet
  facet normal 0.981272 0 -0.192628
    outer loop
      vertex 120.696 25.5 -64.6506
      vertex 120.662 28.5 -64.8238
      vertex 120.696 28.5 -64.6506
    endloop
  endfacet
  facet normal 0.981272 0 -0.192628
    outer loop
      vertex 120.662 28.5 -64.8238
      vertex 120.696 25.5 -64.6506
      vertex 120.662 25.5 -64.8238
    endloop
  endfacet
  facet normal 0.195571 0 -0.98069
    outer loop
      vertex 121.651 25.5 -63.696
      vertex 121.824 28.5 -63.6615
      vertex 121.824 25.5 -63.6615
    endloop
  endfacet
  facet normal 0.195571 0 -0.98069
    outer loop
      vertex 121.824 28.5 -63.6615
      vertex 121.651 25.5 -63.696
      vertex 121.651 28.5 -63.696
    endloop
  endfacet
  facet normal 0.897129 0 -0.441768
    outer loop
      vertex 120.831 25.5 -64.325
      vertex 120.753 28.5 -64.4834
      vertex 120.831 28.5 -64.325
    endloop
  endfacet
  facet normal 0.897129 0 -0.441768
    outer loop
      vertex 120.753 28.5 -64.4834
      vertex 120.831 25.5 -64.325
      vertex 120.753 25.5 -64.4834
    endloop
  endfacet
  facet normal 0.443124 0 -0.89646
    outer loop
      vertex 121.325 25.5 -63.8309
      vertex 121.483 28.5 -63.7528
      vertex 121.483 25.5 -63.7528
    endloop
  endfacet
  facet normal 0.443124 0 -0.89646
    outer loop
      vertex 121.483 28.5 -63.7528
      vertex 121.325 25.5 -63.8309
      vertex 121.325 28.5 -63.8309
    endloop
  endfacet
  facet normal 0.555092 0 -0.831789
    outer loop
      vertex 121.178 25.5 -63.929
      vertex 121.325 28.5 -63.8309
      vertex 121.325 25.5 -63.8309
    endloop
  endfacet
  facet normal 0.555092 0 -0.831789
    outer loop
      vertex 121.325 28.5 -63.8309
      vertex 121.178 25.5 -63.929
      vertex 121.178 28.5 -63.929
    endloop
  endfacet
  facet normal 0.997689 -0 0.067947
    outer loop
      vertex 120.65 25.5 -56
      vertex 120.662 28.5 -56.1762
      vertex 120.65 28.5 -56
    endloop
  endfacet
  facet normal 0.997689 0 0.067947
    outer loop
      vertex 120.662 28.5 -56.1762
      vertex 120.65 25.5 -56
      vertex 120.662 25.5 -56.1762
    endloop
  endfacet
  facet normal 0.658585 0 0.752507
    outer loop
      vertex 121.045 28.5 -56.9546
      vertex 121.178 25.5 -57.071
      vertex 121.178 28.5 -57.071
    endloop
  endfacet
  facet normal 0.658585 0 0.752507
    outer loop
      vertex 121.178 25.5 -57.071
      vertex 121.045 28.5 -56.9546
      vertex 121.045 25.5 -56.9546
    endloop
  endfacet
  facet normal 0.94651 -0 0.322674
    outer loop
      vertex 120.696 25.5 -56.3494
      vertex 120.753 28.5 -56.5166
      vertex 120.696 28.5 -56.3494
    endloop
  endfacet
  facet normal 0.94651 0 0.322674
    outer loop
      vertex 120.753 28.5 -56.5166
      vertex 120.696 25.5 -56.3494
      vertex 120.753 25.5 -56.5166
    endloop
  endfacet
  facet normal -0.0652019 0 -0.997872
    outer loop
      vertex 138 25.5 -54.65
      vertex 138.176 28.5 -54.6615
      vertex 138.176 25.5 -54.6615
    endloop
  endfacet
  facet normal -0.0652019 0 -0.997872
    outer loop
      vertex 138.176 28.5 -54.6615
      vertex 138 25.5 -54.65
      vertex 138 28.5 -54.65
    endloop
  endfacet
  facet normal 0.981272 -0 0.192628
    outer loop
      vertex 120.662 25.5 -56.1762
      vertex 120.696 28.5 -56.3494
      vertex 120.662 28.5 -56.1762
    endloop
  endfacet
  facet normal 0.981272 0 0.192628
    outer loop
      vertex 120.696 28.5 -56.3494
      vertex 120.662 25.5 -56.1762
      vertex 120.696 25.5 -56.3494
    endloop
  endfacet
  facet normal 0.753139 -0 0.657862
    outer loop
      vertex 120.929 25.5 -56.8218
      vertex 121.045 28.5 -56.9546
      vertex 120.929 28.5 -56.8218
    endloop
  endfacet
  facet normal 0.753139 0 0.657862
    outer loop
      vertex 121.045 28.5 -56.9546
      vertex 120.929 25.5 -56.8218
      vertex 121.045 25.5 -56.9546
    endloop
  endfacet
  facet normal -0 0 1
    outer loop
      vertex 122 28.5 -57.35
      vertex 138 25.5 -57.35
      vertex 138 28.5 -57.35
    endloop
  endfacet
  facet normal 0 0 1
    outer loop
      vertex 138 25.5 -57.35
      vertex 122 28.5 -57.35
      vertex 122 25.5 -57.35
    endloop
  endfacet
  facet normal -0.981272 0 0.192628
    outer loop
      vertex 139.304 25.5 -56.3494
      vertex 139.338 28.5 -56.1762
      vertex 139.304 28.5 -56.3494
    endloop
  endfacet
  facet normal -0.981272 0 0.192628
    outer loop
      vertex 139.338 28.5 -56.1762
      vertex 139.304 25.5 -56.3494
      vertex 139.338 25.5 -56.1762
    endloop
  endfacet
  facet normal 0 0 -1
    outer loop
      vertex 122 25.5 -54.65
      vertex 138 28.5 -54.65
      vertex 138 25.5 -54.65
    endloop
  endfacet
  facet normal -0 0 -1
    outer loop
      vertex 138 28.5 -54.65
      vertex 122 25.5 -54.65
      vertex 122 28.5 -54.65
    endloop
  endfacet
  facet normal -0.997689 0 -0.067947
    outer loop
      vertex 139.35 25.5 -56
      vertex 139.338 28.5 -55.8238
      vertex 139.35 28.5 -56
    endloop
  endfacet
  facet normal -0.997689 -0 -0.067947
    outer loop
      vertex 139.338 28.5 -55.8238
      vertex 139.35 25.5 -56
      vertex 139.338 25.5 -55.8238
    endloop
  endfacet
  facet normal 0.897129 -0 0.441768
    outer loop
      vertex 120.753 25.5 -56.5166
      vertex 120.831 28.5 -56.675
      vertex 120.753 28.5 -56.5166
    endloop
  endfacet
  facet normal 0.897129 0 0.441768
    outer loop
      vertex 120.831 28.5 -56.675
      vertex 120.753 25.5 -56.5166
      vertex 120.831 25.5 -56.675
    endloop
  endfacet
  facet normal 0.831701 -0 0.555223
    outer loop
      vertex 120.831 25.5 -56.675
      vertex 120.929 28.5 -56.8218
      vertex 120.831 28.5 -56.675
    endloop
  endfacet
  facet normal 0.831701 0 0.555223
    outer loop
      vertex 120.929 28.5 -56.8218
      vertex 120.831 25.5 -56.675
      vertex 120.929 25.5 -56.8218
    endloop
  endfacet
  facet normal 0.443124 0 0.89646
    outer loop
      vertex 121.325 28.5 -57.1691
      vertex 121.483 25.5 -57.2472
      vertex 121.483 28.5 -57.2472
    endloop
  endfacet
  facet normal 0.443124 0 0.89646
    outer loop
      vertex 121.483 25.5 -57.2472
      vertex 121.325 28.5 -57.1691
      vertex 121.325 25.5 -57.1691
    endloop
  endfacet
  facet normal -0.0652019 0 0.997872
    outer loop
      vertex 138 28.5 -57.35
      vertex 138.176 25.5 -57.3385
      vertex 138.176 28.5 -57.3385
    endloop
  endfacet
  facet normal -0.0652019 0 0.997872
    outer loop
      vertex 138.176 25.5 -57.3385
      vertex 138 28.5 -57.35
      vertex 138 25.5 -57.35
    endloop
  endfacet
  facet normal -0.658585 0 0.752507
    outer loop
      vertex 138.822 28.5 -57.071
      vertex 138.955 25.5 -56.9546
      vertex 138.955 28.5 -56.9546
    endloop
  endfacet
  facet normal -0.658585 0 0.752507
    outer loop
      vertex 138.955 25.5 -56.9546
      vertex 138.822 28.5 -57.071
      vertex 138.822 25.5 -57.071
    endloop
  endfacet
  facet normal -0.897129 0 -0.441768
    outer loop
      vertex 139.247 25.5 -55.4834
      vertex 139.169 28.5 -55.325
      vertex 139.247 28.5 -55.4834
    endloop
  endfacet
  facet normal -0.897129 -0 -0.441768
    outer loop
      vertex 139.169 28.5 -55.325
      vertex 139.247 25.5 -55.4834
      vertex 139.169 25.5 -55.325
    endloop
  endfacet
  facet normal -0.831701 0 -0.555223
    outer loop
      vertex 139.169 25.5 -55.325
      vertex 139.071 28.5 -55.1782
      vertex 139.169 28.5 -55.325
    endloop
  endfacet
  facet normal -0.831701 -0 -0.555223
    outer loop
      vertex 139.071 28.5 -55.1782
      vertex 139.169 25.5 -55.325
      vertex 139.071 25.5 -55.1782
    endloop
  endfacet
  facet normal -0.997689 0 0.067947
    outer loop
      vertex 139.338 25.5 -56.1762
      vertex 139.35 28.5 -56
      vertex 139.338 28.5 -56.1762
    endloop
  endfacet
  facet normal -0.997689 0 0.067947
    outer loop
      vertex 139.35 28.5 -56
      vertex 139.338 25.5 -56.1762
      vertex 139.35 25.5 -56
    endloop
  endfacet
  facet normal 0.555092 0 0.831789
    outer loop
      vertex 121.178 28.5 -57.071
      vertex 121.325 25.5 -57.1691
      vertex 121.325 28.5 -57.1691
    endloop
  endfacet
  facet normal 0.555092 0 0.831789
    outer loop
      vertex 121.325 25.5 -57.1691
      vertex 121.178 28.5 -57.071
      vertex 121.178 25.5 -57.071
    endloop
  endfacet
  facet normal 0.0652019 0 0.997872
    outer loop
      vertex 121.824 28.5 -57.3385
      vertex 122 25.5 -57.35
      vertex 122 28.5 -57.35
    endloop
  endfacet
  facet normal 0.0652019 0 0.997872
    outer loop
      vertex 122 25.5 -57.35
      vertex 121.824 28.5 -57.3385
      vertex 121.824 25.5 -57.3385
    endloop
  endfacet
  facet normal 0.195571 0 0.98069
    outer loop
      vertex 121.651 28.5 -57.304
      vertex 121.824 25.5 -57.3385
      vertex 121.824 28.5 -57.3385
    endloop
  endfacet
  facet normal 0.195571 0 0.98069
    outer loop
      vertex 121.824 25.5 -57.3385
      vertex 121.651 28.5 -57.304
      vertex 121.651 25.5 -57.304
    endloop
  endfacet
  facet normal -0.94651 0 0.322674
    outer loop
      vertex 139.247 25.5 -56.5166
      vertex 139.304 28.5 -56.3494
      vertex 139.247 28.5 -56.5166
    endloop
  endfacet
  facet normal -0.94651 0 0.322674
    outer loop
      vertex 139.304 28.5 -56.3494
      vertex 139.247 25.5 -56.5166
      vertex 139.304 25.5 -56.3494
    endloop
  endfacet
  facet normal -0.443124 0 0.89646
    outer loop
      vertex 138.517 28.5 -57.2472
      vertex 138.675 25.5 -57.1691
      vertex 138.675 28.5 -57.1691
    endloop
  endfacet
  facet normal -0.443124 0 0.89646
    outer loop
      vertex 138.675 25.5 -57.1691
      vertex 138.517 28.5 -57.2472
      vertex 138.517 25.5 -57.2472
    endloop
  endfacet
  facet normal -0.195571 0 -0.98069
    outer loop
      vertex 138.176 25.5 -54.6615
      vertex 138.349 28.5 -54.696
      vertex 138.349 25.5 -54.696
    endloop
  endfacet
  facet normal -0.195571 0 -0.98069
    outer loop
      vertex 138.349 28.5 -54.696
      vertex 138.176 25.5 -54.6615
      vertex 138.176 28.5 -54.6615
    endloop
  endfacet
  facet normal -0.658585 0 -0.752507
    outer loop
      vertex 138.822 25.5 -54.929
      vertex 138.955 28.5 -55.0454
      vertex 138.955 25.5 -55.0454
    endloop
  endfacet
  facet normal -0.658585 0 -0.752507
    outer loop
      vertex 138.955 28.5 -55.0454
      vertex 138.822 25.5 -54.929
      vertex 138.822 28.5 -54.929
    endloop
  endfacet
  facet normal -0.753139 0 -0.657862
    outer loop
      vertex 139.071 25.5 -55.1782
      vertex 138.955 28.5 -55.0454
      vertex 139.071 28.5 -55.1782
    endloop
  endfacet
  facet normal -0.753139 -0 -0.657862
    outer loop
      vertex 138.955 28.5 -55.0454
      vertex 139.071 25.5 -55.1782
      vertex 138.955 25.5 -55.0454
    endloop
  endfacet
  facet normal -0.443124 0 -0.89646
    outer loop
      vertex 138.517 25.5 -54.7528
      vertex 138.675 28.5 -54.8309
      vertex 138.675 25.5 -54.8309
    endloop
  endfacet
  facet normal -0.443124 0 -0.89646
    outer loop
      vertex 138.675 28.5 -54.8309
      vertex 138.517 25.5 -54.7528
      vertex 138.517 28.5 -54.7528
    endloop
  endfacet
  facet normal 0.0652019 0 -0.997872
    outer loop
      vertex 121.824 25.5 -54.6615
      vertex 122 28.5 -54.65
      vertex 122 25.5 -54.65
    endloop
  endfacet
  facet normal 0.0652019 0 -0.997872
    outer loop
      vertex 122 28.5 -54.65
      vertex 121.824 25.5 -54.6615
      vertex 121.824 28.5 -54.6615
    endloop
  endfacet
  facet normal -0.94651 0 -0.322674
    outer loop
      vertex 139.304 25.5 -55.6506
      vertex 139.247 28.5 -55.4834
      vertex 139.304 28.5 -55.6506
    endloop
  endfacet
  facet normal -0.94651 -0 -0.322674
    outer loop
      vertex 139.247 28.5 -55.4834
      vertex 139.304 25.5 -55.6506
      vertex 139.247 25.5 -55.4834
    endloop
  endfacet
  facet normal 0.320285 0 0.947321
    outer loop
      vertex 121.483 28.5 -57.2472
      vertex 121.651 25.5 -57.304
      vertex 121.651 28.5 -57.304
    endloop
  endfacet
  facet normal 0.320285 0 0.947321
    outer loop
      vertex 121.651 25.5 -57.304
      vertex 121.483 28.5 -57.2472
      vertex 121.483 25.5 -57.2472
    endloop
  endfacet
  facet normal -0.555092 0 0.831789
    outer loop
      vertex 138.675 28.5 -57.1691
      vertex 138.822 25.5 -57.071
      vertex 138.822 28.5 -57.071
    endloop
  endfacet
  facet normal -0.555092 0 0.831789
    outer loop
      vertex 138.822 25.5 -57.071
      vertex 138.675 28.5 -57.1691
      vertex 138.675 25.5 -57.1691
    endloop
  endfacet
  facet normal -0.753139 0 0.657862
    outer loop
      vertex 138.955 25.5 -56.9546
      vertex 139.071 28.5 -56.8218
      vertex 138.955 28.5 -56.9546
    endloop
  endfacet
  facet normal -0.753139 0 0.657862
    outer loop
      vertex 139.071 28.5 -56.8218
      vertex 138.955 25.5 -56.9546
      vertex 139.071 25.5 -56.8218
    endloop
  endfacet
  facet normal -0.320285 0 -0.947321
    outer loop
      vertex 138.349 25.5 -54.696
      vertex 138.517 28.5 -54.7528
      vertex 138.517 25.5 -54.7528
    endloop
  endfacet
  facet normal -0.320285 0 -0.947321
    outer loop
      vertex 138.517 28.5 -54.7528
      vertex 138.349 25.5 -54.696
      vertex 138.349 28.5 -54.696
    endloop
  endfacet
  facet normal -0.555092 0 -0.831789
    outer loop
      vertex 138.675 25.5 -54.8309
      vertex 138.822 28.5 -54.929
      vertex 138.822 25.5 -54.929
    endloop
  endfacet
  facet normal -0.555092 0 -0.831789
    outer loop
      vertex 138.822 28.5 -54.929
      vertex 138.675 25.5 -54.8309
      vertex 138.675 28.5 -54.8309
    endloop
  endfacet
  facet normal 0.997689 0 -0.067947
    outer loop
      vertex 120.662 25.5 -55.8238
      vertex 120.65 28.5 -56
      vertex 120.662 28.5 -55.8238
    endloop
  endfacet
  facet normal 0.997689 0 -0.067947
    outer loop
      vertex 120.65 28.5 -56
      vertex 120.662 25.5 -55.8238
      vertex 120.65 25.5 -56
    endloop
  endfacet
  facet normal 0.981272 0 -0.192628
    outer loop
      vertex 120.696 25.5 -55.6506
      vertex 120.662 28.5 -55.8238
      vertex 120.696 28.5 -55.6506
    endloop
  endfacet
  facet normal 0.981272 0 -0.192628
    outer loop
      vertex 120.662 28.5 -55.8238
      vertex 120.696 25.5 -55.6506
      vertex 120.662 25.5 -55.8238
    endloop
  endfacet
  facet normal 0.897129 0 -0.441768
    outer loop
      vertex 120.831 25.5 -55.325
      vertex 120.753 28.5 -55.4834
      vertex 120.831 28.5 -55.325
    endloop
  endfacet
  facet normal 0.897129 0 -0.441768
    outer loop
      vertex 120.753 28.5 -55.4834
      vertex 120.831 25.5 -55.325
      vertex 120.753 25.5 -55.4834
    endloop
  endfacet
  facet normal 0.658585 0 -0.752507
    outer loop
      vertex 121.045 25.5 -55.0454
      vertex 121.178 28.5 -54.929
      vertex 121.178 25.5 -54.929
    endloop
  endfacet
  facet normal 0.658585 0 -0.752507
    outer loop
      vertex 121.178 28.5 -54.929
      vertex 121.045 25.5 -55.0454
      vertex 121.045 28.5 -55.0454
    endloop
  endfacet
  facet normal 0.443124 0 -0.89646
    outer loop
      vertex 121.325 25.5 -54.8309
      vertex 121.483 28.5 -54.7528
      vertex 121.483 25.5 -54.7528
    endloop
  endfacet
  facet normal 0.443124 0 -0.89646
    outer loop
      vertex 121.483 28.5 -54.7528
      vertex 121.325 25.5 -54.8309
      vertex 121.325 28.5 -54.8309
    endloop
  endfacet
  facet normal 0.320285 0 -0.947321
    outer loop
      vertex 121.483 25.5 -54.7528
      vertex 121.651 28.5 -54.696
      vertex 121.651 25.5 -54.696
    endloop
  endfacet
  facet normal 0.320285 0 -0.947321
    outer loop
      vertex 121.651 28.5 -54.696
      vertex 121.483 25.5 -54.7528
      vertex 121.483 28.5 -54.7528
    endloop
  endfacet
  facet normal -0.981272 0 -0.192628
    outer loop
      vertex 139.338 25.5 -55.8238
      vertex 139.304 28.5 -55.6506
      vertex 139.338 28.5 -55.8238
    endloop
  endfacet
  facet normal -0.981272 -0 -0.192628
    outer loop
      vertex 139.304 28.5 -55.6506
      vertex 139.338 25.5 -55.8238
      vertex 139.304 25.5 -55.6506
    endloop
  endfacet
  facet normal -0.831701 0 0.555223
    outer loop
      vertex 139.071 25.5 -56.8218
      vertex 139.169 28.5 -56.675
      vertex 139.071 28.5 -56.8218
    endloop
  endfacet
  facet normal -0.831701 0 0.555223
    outer loop
      vertex 139.169 28.5 -56.675
      vertex 139.071 25.5 -56.8218
      vertex 139.169 25.5 -56.675
    endloop
  endfacet
  facet normal -0.897129 0 0.441768
    outer loop
      vertex 139.169 25.5 -56.675
      vertex 139.247 28.5 -56.5166
      vertex 139.169 28.5 -56.675
    endloop
  endfacet
  facet normal -0.897129 0 0.441768
    outer loop
      vertex 139.247 28.5 -56.5166
      vertex 139.169 25.5 -56.675
      vertex 139.247 25.5 -56.5166
    endloop
  endfacet
  facet normal -0.195571 0 0.98069
    outer loop
      vertex 138.176 28.5 -57.3385
      vertex 138.349 25.5 -57.304
      vertex 138.349 28.5 -57.304
    endloop
  endfacet
  facet normal -0.195571 0 0.98069
    outer loop
      vertex 138.349 25.5 -57.304
      vertex 138.176 28.5 -57.3385
      vertex 138.176 25.5 -57.3385
    endloop
  endfacet
  facet normal -0.320285 0 0.947321
    outer loop
      vertex 138.349 28.5 -57.304
      vertex 138.517 25.5 -57.2472
      vertex 138.517 28.5 -57.2472
    endloop
  endfacet
  facet normal -0.320285 0 0.947321
    outer loop
      vertex 138.517 25.5 -57.2472
      vertex 138.349 28.5 -57.304
      vertex 138.349 25.5 -57.304
    endloop
  endfacet
  facet normal 0.555092 0 -0.831789
    outer loop
      vertex 121.178 25.5 -54.929
      vertex 121.325 28.5 -54.8309
      vertex 121.325 25.5 -54.8309
    endloop
  endfacet
  facet normal 0.555092 0 -0.831789
    outer loop
      vertex 121.325 28.5 -54.8309
      vertex 121.178 25.5 -54.929
      vertex 121.178 28.5 -54.929
    endloop
  endfacet
  facet normal 0.195571 0 -0.98069
    outer loop
      vertex 121.651 25.5 -54.696
      vertex 121.824 28.5 -54.6615
      vertex 121.824 25.5 -54.6615
    endloop
  endfacet
  facet normal 0.195571 0 -0.98069
    outer loop
      vertex 121.824 28.5 -54.6615
      vertex 121.651 25.5 -54.696
      vertex 121.651 28.5 -54.696
    endloop
  endfacet
  facet normal 0.753139 0 -0.657862
    outer loop
      vertex 121.045 25.5 -55.0454
      vertex 120.929 28.5 -55.1782
      vertex 121.045 28.5 -55.0454
    endloop
  endfacet
  facet normal 0.753139 0 -0.657862
    outer loop
      vertex 120.929 28.5 -55.1782
      vertex 121.045 25.5 -55.0454
      vertex 120.929 25.5 -55.1782
    endloop
  endfacet
  facet normal 0.831701 0 -0.555223
    outer loop
      vertex 120.929 25.5 -55.1782
      vertex 120.831 28.5 -55.325
      vertex 120.929 28.5 -55.1782
    endloop
  endfacet
  facet normal 0.831701 0 -0.555223
    outer loop
      vertex 120.831 28.5 -55.325
      vertex 120.929 25.5 -55.1782
      vertex 120.831 25.5 -55.325
    endloop
  endfacet
  facet normal 0.94651 0 -0.322674
    outer loop
      vertex 120.753 25.5 -55.4834
      vertex 120.696 28.5 -55.6506
      vertex 120.753 28.5 -55.4834
    endloop
  endfacet
  facet normal 0.94651 0 -0.322674
    outer loop
      vertex 120.696 28.5 -55.6506
      vertex 120.753 25.5 -55.4834
      vertex 120.696 25.5 -55.6506
    endloop
  endfacet
  facet normal 0.997689 -0 0.067947
    outer loop
      vertex 120.65 25.5 -47
      vertex 120.662 28.5 -47.1762
      vertex 120.65 28.5 -47
    endloop
  endfacet
  facet normal 0.997689 0 0.067947
    outer loop
      vertex 120.662 28.5 -47.1762
      vertex 120.65 25.5 -47
      vertex 120.662 25.5 -47.1762
    endloop
  endfacet
  facet normal 0.658585 0 0.752507
    outer loop
      vertex 121.045 28.5 -47.9546
      vertex 121.178 25.5 -48.071
      vertex 121.178 28.5 -48.071
    endloop
  endfacet
  facet normal 0.658585 0 0.752507
    outer loop
      vertex 121.178 25.5 -48.071
      vertex 121.045 28.5 -47.9546
      vertex 121.045 25.5 -47.9546
    endloop
  endfacet
  facet normal 0.94651 -0 0.322674
    outer loop
      vertex 120.696 25.5 -47.3494
      vertex 120.753 28.5 -47.5166
      vertex 120.696 28.5 -47.3494
    endloop
  endfacet
  facet normal 0.94651 0 0.322674
    outer loop
      vertex 120.753 28.5 -47.5166
      vertex 120.696 25.5 -47.3494
      vertex 120.753 25.5 -47.5166
    endloop
  endfacet
  facet normal -0.0652019 0 -0.997872
    outer loop
      vertex 138 25.5 -45.65
      vertex 138.176 28.5 -45.6615
      vertex 138.176 25.5 -45.6615
    endloop
  endfacet
  facet normal -0.0652019 0 -0.997872
    outer loop
      vertex 138.176 28.5 -45.6615
      vertex 138 25.5 -45.65
      vertex 138 28.5 -45.65
    endloop
  endfacet
  facet normal 0.753139 0 -0.657862
    outer loop
      vertex 121.045 25.5 -46.0454
      vertex 120.929 28.5 -46.1782
      vertex 121.045 28.5 -46.0454
    endloop
  endfacet
  facet normal 0.753139 0 -0.657862
    outer loop
      vertex 120.929 28.5 -46.1782
      vertex 121.045 25.5 -46.0454
      vertex 120.929 25.5 -46.1782
    endloop
  endfacet
  facet normal 0.981272 -0 0.192628
    outer loop
      vertex 120.662 25.5 -47.1762
      vertex 120.696 28.5 -47.3494
      vertex 120.662 28.5 -47.1762
    endloop
  endfacet
  facet normal 0.981272 0 0.192628
    outer loop
      vertex 120.696 28.5 -47.3494
      vertex 120.662 25.5 -47.1762
      vertex 120.696 25.5 -47.3494
    endloop
  endfacet
  facet normal 0.753139 -0 0.657862
    outer loop
      vertex 120.929 25.5 -47.8218
      vertex 121.045 28.5 -47.9546
      vertex 120.929 28.5 -47.8218
    endloop
  endfacet
  facet normal 0.753139 0 0.657862
    outer loop
      vertex 121.045 28.5 -47.9546
      vertex 120.929 25.5 -47.8218
      vertex 121.045 25.5 -47.9546
    endloop
  endfacet
  facet normal -0 0 1
    outer loop
      vertex 122 28.5 -48.35
      vertex 138 25.5 -48.35
      vertex 138 28.5 -48.35
    endloop
  endfacet
  facet normal 0 0 1
    outer loop
      vertex 138 25.5 -48.35
      vertex 122 28.5 -48.35
      vertex 122 25.5 -48.35
    endloop
  endfacet
  facet normal -0.981272 0 0.192628
    outer loop
      vertex 139.304 25.5 -47.3494
      vertex 139.338 28.5 -47.1762
      vertex 139.304 28.5 -47.3494
    endloop
  endfacet
  facet normal -0.981272 0 0.192628
    outer loop
      vertex 139.338 28.5 -47.1762
      vertex 139.304 25.5 -47.3494
      vertex 139.338 25.5 -47.1762
    endloop
  endfacet
  facet normal 0 0 -1
    outer loop
      vertex 122 25.5 -45.65
      vertex 138 28.5 -45.65
      vertex 138 25.5 -45.65
    endloop
  endfacet
  facet normal -0 0 -1
    outer loop
      vertex 138 28.5 -45.65
      vertex 122 25.5 -45.65
      vertex 122 28.5 -45.65
    endloop
  endfacet
  facet normal -0.94651 0 -0.322674
    outer loop
      vertex 139.304 25.5 -46.6506
      vertex 139.247 28.5 -46.4834
      vertex 139.304 28.5 -46.6506
    endloop
  endfacet
  facet normal -0.94651 -0 -0.322674
    outer loop
      vertex 139.247 28.5 -46.4834
      vertex 139.304 25.5 -46.6506
      vertex 139.247 25.5 -46.4834
    endloop
  endfacet
  facet normal -0.897129 0 -0.441768
    outer loop
      vertex 139.247 25.5 -46.4834
      vertex 139.169 28.5 -46.325
      vertex 139.247 28.5 -46.4834
    endloop
  endfacet
  facet normal -0.897129 -0 -0.441768
    outer loop
      vertex 139.169 28.5 -46.325
      vertex 139.247 25.5 -46.4834
      vertex 139.169 25.5 -46.325
    endloop
  endfacet
  facet normal -0.997689 0 -0.067947
    outer loop
      vertex 139.35 25.5 -47
      vertex 139.338 28.5 -46.8238
      vertex 139.35 28.5 -47
    endloop
  endfacet
  facet normal -0.997689 -0 -0.067947
    outer loop
      vertex 139.338 28.5 -46.8238
      vertex 139.35 25.5 -47
      vertex 139.338 25.5 -46.8238
    endloop
  endfacet
  facet normal 0.897129 -0 0.441768
    outer loop
      vertex 120.753 25.5 -47.5166
      vertex 120.831 28.5 -47.675
      vertex 120.753 28.5 -47.5166
    endloop
  endfacet
  facet normal 0.897129 0 0.441768
    outer loop
      vertex 120.831 28.5 -47.675
      vertex 120.753 25.5 -47.5166
      vertex 120.831 25.5 -47.675
    endloop
  endfacet
  facet normal 0.831701 -0 0.555223
    outer loop
      vertex 120.831 25.5 -47.675
      vertex 120.929 28.5 -47.8218
      vertex 120.831 28.5 -47.675
    endloop
  endfacet
  facet normal 0.831701 0 0.555223
    outer loop
      vertex 120.929 28.5 -47.8218
      vertex 120.831 25.5 -47.675
      vertex 120.929 25.5 -47.8218
    endloop
  endfacet
  facet normal 0.555092 0 0.831789
    outer loop
      vertex 121.178 28.5 -48.071
      vertex 121.325 25.5 -48.1691
      vertex 121.325 28.5 -48.1691
    endloop
  endfacet
  facet normal 0.555092 0 0.831789
    outer loop
      vertex 121.325 25.5 -48.1691
      vertex 121.178 28.5 -48.071
      vertex 121.178 25.5 -48.071
    endloop
  endfacet
  facet normal 0.320285 0 0.947321
    outer loop
      vertex 121.483 28.5 -48.2472
      vertex 121.651 25.5 -48.304
      vertex 121.651 28.5 -48.304
    endloop
  endfacet
  facet normal 0.320285 0 0.947321
    outer loop
      vertex 121.651 25.5 -48.304
      vertex 121.483 28.5 -48.2472
      vertex 121.483 25.5 -48.2472
    endloop
  endfacet
  facet normal -0.0652019 0 0.997872
    outer loop
      vertex 138 28.5 -48.35
      vertex 138.176 25.5 -48.3385
      vertex 138.176 28.5 -48.3385
    endloop
  endfacet
  facet normal -0.0652019 0 0.997872
    outer loop
      vertex 138.176 25.5 -48.3385
      vertex 138 28.5 -48.35
      vertex 138 25.5 -48.35
    endloop
  endfacet
  facet normal -0.997689 0 0.067947
    outer loop
      vertex 139.338 25.5 -47.1762
      vertex 139.35 28.5 -47
      vertex 139.338 28.5 -47.1762
    endloop
  endfacet
  facet normal -0.997689 0 0.067947
    outer loop
      vertex 139.35 28.5 -47
      vertex 139.338 25.5 -47.1762
      vertex 139.35 25.5 -47
    endloop
  endfacet
  facet normal -0.443124 0 -0.89646
    outer loop
      vertex 138.517 25.5 -45.7528
      vertex 138.675 28.5 -45.8309
      vertex 138.675 25.5 -45.8309
    endloop
  endfacet
  facet normal -0.443124 0 -0.89646
    outer loop
      vertex 138.675 28.5 -45.8309
      vertex 138.517 25.5 -45.7528
      vertex 138.517 28.5 -45.7528
    endloop
  endfacet
  facet normal -0.658585 0 -0.752507
    outer loop
      vertex 138.822 25.5 -45.929
      vertex 138.955 28.5 -46.0454
      vertex 138.955 25.5 -46.0454
    endloop
  endfacet
  facet normal -0.658585 0 -0.752507
    outer loop
      vertex 138.955 28.5 -46.0454
      vertex 138.822 25.5 -45.929
      vertex 138.822 28.5 -45.929
    endloop
  endfacet
  facet normal 0.443124 0 0.89646
    outer loop
      vertex 121.325 28.5 -48.1691
      vertex 121.483 25.5 -48.2472
      vertex 121.483 28.5 -48.2472
    endloop
  endfacet
  facet normal 0.443124 0 0.89646
    outer loop
      vertex 121.483 25.5 -48.2472
      vertex 121.325 28.5 -48.1691
      vertex 121.325 25.5 -48.1691
    endloop
  endfacet
  facet normal 0.0652019 0 0.997872
    outer loop
      vertex 121.824 28.5 -48.3385
      vertex 122 25.5 -48.35
      vertex 122 28.5 -48.35
    endloop
  endfacet
  facet normal 0.0652019 0 0.997872
    outer loop
      vertex 122 25.5 -48.35
      vertex 121.824 28.5 -48.3385
      vertex 121.824 25.5 -48.3385
    endloop
  endfacet
  facet normal -0.94651 0 0.322674
    outer loop
      vertex 139.247 25.5 -47.5166
      vertex 139.304 28.5 -47.3494
      vertex 139.247 28.5 -47.5166
    endloop
  endfacet
  facet normal -0.94651 0 0.322674
    outer loop
      vertex 139.304 28.5 -47.3494
      vertex 139.247 25.5 -47.5166
      vertex 139.304 25.5 -47.3494
    endloop
  endfacet
  facet normal -0.555092 0 0.831789
    outer loop
      vertex 138.675 28.5 -48.1691
      vertex 138.822 25.5 -48.071
      vertex 138.822 28.5 -48.071
    endloop
  endfacet
  facet normal -0.555092 0 0.831789
    outer loop
      vertex 138.822 25.5 -48.071
      vertex 138.675 28.5 -48.1691
      vertex 138.675 25.5 -48.1691
    endloop
  endfacet
  facet normal -0.195571 0 -0.98069
    outer loop
      vertex 138.176 25.5 -45.6615
      vertex 138.349 28.5 -45.696
      vertex 138.349 25.5 -45.696
    endloop
  endfacet
  facet normal -0.195571 0 -0.98069
    outer loop
      vertex 138.349 28.5 -45.696
      vertex 138.176 25.5 -45.6615
      vertex 138.176 28.5 -45.6615
    endloop
  endfacet
  facet normal 0.0652019 0 -0.997872
    outer loop
      vertex 121.824 25.5 -45.6615
      vertex 122 28.5 -45.65
      vertex 122 25.5 -45.65
    endloop
  endfacet
  facet normal 0.0652019 0 -0.997872
    outer loop
      vertex 122 28.5 -45.65
      vertex 121.824 25.5 -45.6615
      vertex 121.824 28.5 -45.6615
    endloop
  endfacet
  facet normal -0.831701 0 -0.555223
    outer loop
      vertex 139.169 25.5 -46.325
      vertex 139.071 28.5 -46.1782
      vertex 139.169 28.5 -46.325
    endloop
  endfacet
  facet normal -0.831701 -0 -0.555223
    outer loop
      vertex 139.071 28.5 -46.1782
      vertex 139.169 25.5 -46.325
      vertex 139.071 25.5 -46.1782
    endloop
  endfacet
  facet normal -0.753139 0 -0.657862
    outer loop
      vertex 139.071 25.5 -46.1782
      vertex 138.955 28.5 -46.0454
      vertex 139.071 28.5 -46.1782
    endloop
  endfacet
  facet normal -0.753139 -0 -0.657862
    outer loop
      vertex 138.955 28.5 -46.0454
      vertex 139.071 25.5 -46.1782
      vertex 138.955 25.5 -46.0454
    endloop
  endfacet
  facet normal 0.195571 0 0.98069
    outer loop
      vertex 121.651 28.5 -48.304
      vertex 121.824 25.5 -48.3385
      vertex 121.824 28.5 -48.3385
    endloop
  endfacet
  facet normal 0.195571 0 0.98069
    outer loop
      vertex 121.824 25.5 -48.3385
      vertex 121.651 28.5 -48.304
      vertex 121.651 25.5 -48.304
    endloop
  endfacet
  facet normal -0.831701 0 0.555223
    outer loop
      vertex 139.071 25.5 -47.8218
      vertex 139.169 28.5 -47.675
      vertex 139.071 28.5 -47.8218
    endloop
  endfacet
  facet normal -0.831701 0 0.555223
    outer loop
      vertex 139.169 28.5 -47.675
      vertex 139.071 25.5 -47.8218
      vertex 139.169 25.5 -47.675
    endloop
  endfacet
  facet normal -0.443124 0 0.89646
    outer loop
      vertex 138.517 28.5 -48.2472
      vertex 138.675 25.5 -48.1691
      vertex 138.675 28.5 -48.1691
    endloop
  endfacet
  facet normal -0.443124 0 0.89646
    outer loop
      vertex 138.675 25.5 -48.1691
      vertex 138.517 28.5 -48.2472
      vertex 138.517 25.5 -48.2472
    endloop
  endfacet
  facet normal -0.658585 0 0.752507
    outer loop
      vertex 138.822 28.5 -48.071
      vertex 138.955 25.5 -47.9546
      vertex 138.955 28.5 -47.9546
    endloop
  endfacet
  facet normal -0.658585 0 0.752507
    outer loop
      vertex 138.955 25.5 -47.9546
      vertex 138.822 28.5 -48.071
      vertex 138.822 25.5 -48.071
    endloop
  endfacet
  facet normal -0.753139 0 0.657862
    outer loop
      vertex 138.955 25.5 -47.9546
      vertex 139.071 28.5 -47.8218
      vertex 138.955 28.5 -47.9546
    endloop
  endfacet
  facet normal -0.753139 0 0.657862
    outer loop
      vertex 139.071 28.5 -47.8218
      vertex 138.955 25.5 -47.9546
      vertex 139.071 25.5 -47.8218
    endloop
  endfacet
  facet normal -0.320285 0 -0.947321
    outer loop
      vertex 138.349 25.5 -45.696
      vertex 138.517 28.5 -45.7528
      vertex 138.517 25.5 -45.7528
    endloop
  endfacet
  facet normal -0.320285 0 -0.947321
    outer loop
      vertex 138.517 28.5 -45.7528
      vertex 138.349 25.5 -45.696
      vertex 138.349 28.5 -45.696
    endloop
  endfacet
  facet normal -0.555092 0 -0.831789
    outer loop
      vertex 138.675 25.5 -45.8309
      vertex 138.822 28.5 -45.929
      vertex 138.822 25.5 -45.929
    endloop
  endfacet
  facet normal -0.555092 0 -0.831789
    outer loop
      vertex 138.822 28.5 -45.929
      vertex 138.675 25.5 -45.8309
      vertex 138.675 28.5 -45.8309
    endloop
  endfacet
  facet normal 0.997689 0 -0.067947
    outer loop
      vertex 120.662 25.5 -46.8238
      vertex 120.65 28.5 -47
      vertex 120.662 28.5 -46.8238
    endloop
  endfacet
  facet normal 0.997689 0 -0.067947
    outer loop
      vertex 120.65 28.5 -47
      vertex 120.662 25.5 -46.8238
      vertex 120.65 25.5 -47
    endloop
  endfacet
  facet normal 0.94651 0 -0.322674
    outer loop
      vertex 120.753 25.5 -46.4834
      vertex 120.696 28.5 -46.6506
      vertex 120.753 28.5 -46.4834
    endloop
  endfacet
  facet normal 0.94651 0 -0.322674
    outer loop
      vertex 120.696 28.5 -46.6506
      vertex 120.753 25.5 -46.4834
      vertex 120.696 25.5 -46.6506
    endloop
  endfacet
  facet normal 0.981272 0 -0.192628
    outer loop
      vertex 120.696 25.5 -46.6506
      vertex 120.662 28.5 -46.8238
      vertex 120.696 28.5 -46.6506
    endloop
  endfacet
  facet normal 0.981272 0 -0.192628
    outer loop
      vertex 120.662 28.5 -46.8238
      vertex 120.696 25.5 -46.6506
      vertex 120.662 25.5 -46.8238
    endloop
  endfacet
  facet normal 0.658585 0 -0.752507
    outer loop
      vertex 121.045 25.5 -46.0454
      vertex 121.178 28.5 -45.929
      vertex 121.178 25.5 -45.929
    endloop
  endfacet
  facet normal 0.658585 0 -0.752507
    outer loop
      vertex 121.178 28.5 -45.929
      vertex 121.045 25.5 -46.0454
      vertex 121.045 28.5 -46.0454
    endloop
  endfacet
  facet normal 0.320285 0 -0.947321
    outer loop
      vertex 121.483 25.5 -45.7528
      vertex 121.651 28.5 -45.696
      vertex 121.651 25.5 -45.696
    endloop
  endfacet
  facet normal 0.320285 0 -0.947321
    outer loop
      vertex 121.651 28.5 -45.696
      vertex 121.483 25.5 -45.7528
      vertex 121.483 28.5 -45.7528
    endloop
  endfacet
  facet normal 0.195571 0 -0.98069
    outer loop
      vertex 121.651 25.5 -45.696
      vertex 121.824 28.5 -45.6615
      vertex 121.824 25.5 -45.6615
    endloop
  endfacet
  facet normal 0.195571 0 -0.98069
    outer loop
      vertex 121.824 28.5 -45.6615
      vertex 121.651 25.5 -45.696
      vertex 121.651 28.5 -45.696
    endloop
  endfacet
  facet normal -0.981272 0 -0.192628
    outer loop
      vertex 139.338 25.5 -46.8238
      vertex 139.304 28.5 -46.6506
      vertex 139.338 28.5 -46.8238
    endloop
  endfacet
  facet normal -0.981272 -0 -0.192628
    outer loop
      vertex 139.304 28.5 -46.6506
      vertex 139.338 25.5 -46.8238
      vertex 139.304 25.5 -46.6506
    endloop
  endfacet
  facet normal -0.897129 0 0.441768
    outer loop
      vertex 139.169 25.5 -47.675
      vertex 139.247 28.5 -47.5166
      vertex 139.169 28.5 -47.675
    endloop
  endfacet
  facet normal -0.897129 0 0.441768
    outer loop
      vertex 139.247 28.5 -47.5166
      vertex 139.169 25.5 -47.675
      vertex 139.247 25.5 -47.5166
    endloop
  endfacet
  facet normal -0.195571 0 0.98069
    outer loop
      vertex 138.176 28.5 -48.3385
      vertex 138.349 25.5 -48.304
      vertex 138.349 28.5 -48.304
    endloop
  endfacet
  facet normal -0.195571 0 0.98069
    outer loop
      vertex 138.349 25.5 -48.304
      vertex 138.176 28.5 -48.3385
      vertex 138.176 25.5 -48.3385
    endloop
  endfacet
  facet normal -0.320285 0 0.947321
    outer loop
      vertex 138.349 28.5 -48.304
      vertex 138.517 25.5 -48.2472
      vertex 138.517 28.5 -48.2472
    endloop
  endfacet
  facet normal -0.320285 0 0.947321
    outer loop
      vertex 138.517 25.5 -48.2472
      vertex 138.349 28.5 -48.304
      vertex 138.349 25.5 -48.304
    endloop
  endfacet
  facet normal 0.831701 0 -0.555223
    outer loop
      vertex 120.929 25.5 -46.1782
      vertex 120.831 28.5 -46.325
      vertex 120.929 28.5 -46.1782
    endloop
  endfacet
  facet normal 0.831701 0 -0.555223
    outer loop
      vertex 120.831 28.5 -46.325
      vertex 120.929 25.5 -46.1782
      vertex 120.831 25.5 -46.325
    endloop
  endfacet
  facet normal 0.897129 0 -0.441768
    outer loop
      vertex 120.831 25.5 -46.325
      vertex 120.753 28.5 -46.4834
      vertex 120.831 28.5 -46.325
    endloop
  endfacet
  facet normal 0.897129 0 -0.441768
    outer loop
      vertex 120.753 28.5 -46.4834
      vertex 120.831 25.5 -46.325
      vertex 120.753 25.5 -46.4834
    endloop
  endfacet
  facet normal 0.443124 0 -0.89646
    outer loop
      vertex 121.325 25.5 -45.8309
      vertex 121.483 28.5 -45.7528
      vertex 121.483 25.5 -45.7528
    endloop
  endfacet
  facet normal 0.443124 0 -0.89646
    outer loop
      vertex 121.483 28.5 -45.7528
      vertex 121.325 25.5 -45.8309
      vertex 121.325 28.5 -45.8309
    endloop
  endfacet
  facet normal 0.555092 0 -0.831789
    outer loop
      vertex 121.178 25.5 -45.929
      vertex 121.325 28.5 -45.8309
      vertex 121.325 25.5 -45.8309
    endloop
  endfacet
  facet normal 0.555092 0 -0.831789
    outer loop
      vertex 121.325 28.5 -45.8309
      vertex 121.178 25.5 -45.929
      vertex 121.178 28.5 -45.929
    endloop
  endfacet
  facet normal 0.997689 -0 0.067947
    outer loop
      vertex 120.65 25.5 -38
      vertex 120.662 28.5 -38.1762
      vertex 120.65 28.5 -38
    endloop
  endfacet
  facet normal 0.997689 0 0.067947
    outer loop
      vertex 120.662 28.5 -38.1762
      vertex 120.65 25.5 -38
      vertex 120.662 25.5 -38.1762
    endloop
  endfacet
  facet normal 0.658585 0 0.752507
    outer loop
      vertex 121.045 28.5 -38.9546
      vertex 121.178 25.5 -39.071
      vertex 121.178 28.5 -39.071
    endloop
  endfacet
  facet normal 0.658585 0 0.752507
    outer loop
      vertex 121.178 25.5 -39.071
      vertex 121.045 28.5 -38.9546
      vertex 121.045 25.5 -38.9546
    endloop
  endfacet
  facet normal 0.94651 -0 0.322674
    outer loop
      vertex 120.696 25.5 -38.3494
      vertex 120.753 28.5 -38.5166
      vertex 120.696 28.5 -38.3494
    endloop
  endfacet
  facet normal 0.94651 0 0.322674
    outer loop
      vertex 120.753 28.5 -38.5166
      vertex 120.696 25.5 -38.3494
      vertex 120.753 25.5 -38.5166
    endloop
  endfacet
  facet normal -0.0652019 0 -0.997872
    outer loop
      vertex 138 25.5 -36.65
      vertex 138.176 28.5 -36.6615
      vertex 138.176 25.5 -36.6615
    endloop
  endfacet
  facet normal -0.0652019 0 -0.997872
    outer loop
      vertex 138.176 28.5 -36.6615
      vertex 138 25.5 -36.65
      vertex 138 28.5 -36.65
    endloop
  endfacet
  facet normal 0.981272 -0 0.192628
    outer loop
      vertex 120.662 25.5 -38.1762
      vertex 120.696 28.5 -38.3494
      vertex 120.662 28.5 -38.1762
    endloop
  endfacet
  facet normal 0.981272 0 0.192628
    outer loop
      vertex 120.696 28.5 -38.3494
      vertex 120.662 25.5 -38.1762
      vertex 120.696 25.5 -38.3494
    endloop
  endfacet
  facet normal 0.753139 -0 0.657862
    outer loop
      vertex 120.929 25.5 -38.8218
      vertex 121.045 28.5 -38.9546
      vertex 120.929 28.5 -38.8218
    endloop
  endfacet
  facet normal 0.753139 0 0.657862
    outer loop
      vertex 121.045 28.5 -38.9546
      vertex 120.929 25.5 -38.8218
      vertex 121.045 25.5 -38.9546
    endloop
  endfacet
  facet normal 0.320285 0 0.947321
    outer loop
      vertex 121.483 28.5 -39.2472
      vertex 121.651 25.5 -39.304
      vertex 121.651 28.5 -39.304
    endloop
  endfacet
  facet normal 0.320285 0 0.947321
    outer loop
      vertex 121.651 25.5 -39.304
      vertex 121.483 28.5 -39.2472
      vertex 121.483 25.5 -39.2472
    endloop
  endfacet
  facet normal -0 0 1
    outer loop
      vertex 122 28.5 -39.35
      vertex 138 25.5 -39.35
      vertex 138 28.5 -39.35
    endloop
  endfacet
  facet normal 0 0 1
    outer loop
      vertex 138 25.5 -39.35
      vertex 122 28.5 -39.35
      vertex 122 25.5 -39.35
    endloop
  endfacet
  facet normal -0.981272 0 0.192628
    outer loop
      vertex 139.304 25.5 -38.3494
      vertex 139.338 28.5 -38.1762
      vertex 139.304 28.5 -38.3494
    endloop
  endfacet
  facet normal -0.981272 0 0.192628
    outer loop
      vertex 139.338 28.5 -38.1762
      vertex 139.304 25.5 -38.3494
      vertex 139.338 25.5 -38.1762
    endloop
  endfacet
  facet normal 0 0 -1
    outer loop
      vertex 122 25.5 -36.65
      vertex 138 28.5 -36.65
      vertex 138 25.5 -36.65
    endloop
  endfacet
  facet normal -0 0 -1
    outer loop
      vertex 138 28.5 -36.65
      vertex 122 25.5 -36.65
      vertex 122 28.5 -36.65
    endloop
  endfacet
  facet normal -0.997689 0 -0.067947
    outer loop
      vertex 139.35 25.5 -38
      vertex 139.338 28.5 -37.8238
      vertex 139.35 28.5 -38
    endloop
  endfacet
  facet normal -0.997689 -0 -0.067947
    outer loop
      vertex 139.338 28.5 -37.8238
      vertex 139.35 25.5 -38
      vertex 139.338 25.5 -37.8238
    endloop
  endfacet
  facet normal 0.897129 -0 0.441768
    outer loop
      vertex 120.753 25.5 -38.5166
      vertex 120.831 28.5 -38.675
      vertex 120.753 28.5 -38.5166
    endloop
  endfacet
  facet normal 0.897129 0 0.441768
    outer loop
      vertex 120.831 28.5 -38.675
      vertex 120.753 25.5 -38.5166
      vertex 120.831 25.5 -38.675
    endloop
  endfacet
  facet normal 0.831701 -0 0.555223
    outer loop
      vertex 120.831 25.5 -38.675
      vertex 120.929 28.5 -38.8218
      vertex 120.831 28.5 -38.675
    endloop
  endfacet
  facet normal 0.831701 0 0.555223
    outer loop
      vertex 120.929 28.5 -38.8218
      vertex 120.831 25.5 -38.675
      vertex 120.929 25.5 -38.8218
    endloop
  endfacet
  facet normal 0.443124 0 0.89646
    outer loop
      vertex 121.325 28.5 -39.1691
      vertex 121.483 25.5 -39.2472
      vertex 121.483 28.5 -39.2472
    endloop
  endfacet
  facet normal 0.443124 0 0.89646
    outer loop
      vertex 121.483 25.5 -39.2472
      vertex 121.325 28.5 -39.1691
      vertex 121.325 25.5 -39.1691
    endloop
  endfacet
  facet normal -0.0652019 0 0.997872
    outer loop
      vertex 138 28.5 -39.35
      vertex 138.176 25.5 -39.3385
      vertex 138.176 28.5 -39.3385
    endloop
  endfacet
  facet normal -0.0652019 0 0.997872
    outer loop
      vertex 138.176 25.5 -39.3385
      vertex 138 28.5 -39.35
      vertex 138 25.5 -39.35
    endloop
  endfacet
  facet normal -0.658585 0 0.752507
    outer loop
      vertex 138.822 28.5 -39.071
      vertex 138.955 25.5 -38.9546
      vertex 138.955 28.5 -38.9546
    endloop
  endfacet
  facet normal -0.658585 0 0.752507
    outer loop
      vertex 138.955 25.5 -38.9546
      vertex 138.822 28.5 -39.071
      vertex 138.822 25.5 -39.071
    endloop
  endfacet
  facet normal -0.897129 0 -0.441768
    outer loop
      vertex 139.247 25.5 -37.4834
      vertex 139.169 28.5 -37.325
      vertex 139.247 28.5 -37.4834
    endloop
  endfacet
  facet normal -0.897129 -0 -0.441768
    outer loop
      vertex 139.169 28.5 -37.325
      vertex 139.247 25.5 -37.4834
      vertex 139.169 25.5 -37.325
    endloop
  endfacet
  facet normal -0.831701 0 -0.555223
    outer loop
      vertex 139.169 25.5 -37.325
      vertex 139.071 28.5 -37.1782
      vertex 139.169 28.5 -37.325
    endloop
  endfacet
  facet normal -0.831701 -0 -0.555223
    outer loop
      vertex 139.071 28.5 -37.1782
      vertex 139.169 25.5 -37.325
      vertex 139.071 25.5 -37.1782
    endloop
  endfacet
  facet normal -0.997689 0 0.067947
    outer loop
      vertex 139.338 25.5 -38.1762
      vertex 139.35 28.5 -38
      vertex 139.338 28.5 -38.1762
    endloop
  endfacet
  facet normal -0.997689 0 0.067947
    outer loop
      vertex 139.35 28.5 -38
      vertex 139.338 25.5 -38.1762
      vertex 139.35 25.5 -38
    endloop
  endfacet
  facet normal 0.555092 0 0.831789
    outer loop
      vertex 121.178 28.5 -39.071
      vertex 121.325 25.5 -39.1691
      vertex 121.325 28.5 -39.1691
    endloop
  endfacet
  facet normal 0.555092 0 0.831789
    outer loop
      vertex 121.325 25.5 -39.1691
      vertex 121.178 28.5 -39.071
      vertex 121.178 25.5 -39.071
    endloop
  endfacet
  facet normal 0.0652019 0 0.997872
    outer loop
      vertex 121.824 28.5 -39.3385
      vertex 122 25.5 -39.35
      vertex 122 28.5 -39.35
    endloop
  endfacet
  facet normal 0.0652019 0 0.997872
    outer loop
      vertex 122 25.5 -39.35
      vertex 121.824 28.5 -39.3385
      vertex 121.824 25.5 -39.3385
    endloop
  endfacet
  facet normal 0.195571 0 0.98069
    outer loop
      vertex 121.651 28.5 -39.304
      vertex 121.824 25.5 -39.3385
      vertex 121.824 28.5 -39.3385
    endloop
  endfacet
  facet normal 0.195571 0 0.98069
    outer loop
      vertex 121.824 25.5 -39.3385
      vertex 121.651 28.5 -39.304
      vertex 121.651 25.5 -39.304
    endloop
  endfacet
  facet normal -0.94651 0 0.322674
    outer loop
      vertex 139.247 25.5 -38.5166
      vertex 139.304 28.5 -38.3494
      vertex 139.247 28.5 -38.5166
    endloop
  endfacet
  facet normal -0.94651 0 0.322674
    outer loop
      vertex 139.304 28.5 -38.3494
      vertex 139.247 25.5 -38.5166
      vertex 139.304 25.5 -38.3494
    endloop
  endfacet
  facet normal -0.443124 0 0.89646
    outer loop
      vertex 138.517 28.5 -39.2472
      vertex 138.675 25.5 -39.1691
      vertex 138.675 28.5 -39.1691
    endloop
  endfacet
  facet normal -0.443124 0 0.89646
    outer loop
      vertex 138.675 25.5 -39.1691
      vertex 138.517 28.5 -39.2472
      vertex 138.517 25.5 -39.2472
    endloop
  endfacet
  facet normal -0.195571 0 -0.98069
    outer loop
      vertex 138.176 25.5 -36.6615
      vertex 138.349 28.5 -36.696
      vertex 138.349 25.5 -36.696
    endloop
  endfacet
  facet normal -0.195571 0 -0.98069
    outer loop
      vertex 138.349 28.5 -36.696
      vertex 138.176 25.5 -36.6615
      vertex 138.176 28.5 -36.6615
    endloop
  endfacet
  facet normal -0.658585 0 -0.752507
    outer loop
      vertex 138.822 25.5 -36.929
      vertex 138.955 28.5 -37.0454
      vertex 138.955 25.5 -37.0454
    endloop
  endfacet
  facet normal -0.658585 0 -0.752507
    outer loop
      vertex 138.955 28.5 -37.0454
      vertex 138.822 25.5 -36.929
      vertex 138.822 28.5 -36.929
    endloop
  endfacet
  facet normal -0.753139 0 -0.657862
    outer loop
      vertex 139.071 25.5 -37.1782
      vertex 138.955 28.5 -37.0454
      vertex 139.071 28.5 -37.1782
    endloop
  endfacet
  facet normal -0.753139 -0 -0.657862
    outer loop
      vertex 138.955 28.5 -37.0454
      vertex 139.071 25.5 -37.1782
      vertex 138.955 25.5 -37.0454
    endloop
  endfacet
  facet normal 0.0652019 0 -0.997872
    outer loop
      vertex 121.824 25.5 -36.6615
      vertex 122 28.5 -36.65
      vertex 122 25.5 -36.65
    endloop
  endfacet
  facet normal 0.0652019 0 -0.997872
    outer loop
      vertex 122 28.5 -36.65
      vertex 121.824 25.5 -36.6615
      vertex 121.824 28.5 -36.6615
    endloop
  endfacet
  facet normal -0.555092 0 0.831789
    outer loop
      vertex 138.675 28.5 -39.1691
      vertex 138.822 25.5 -39.071
      vertex 138.822 28.5 -39.071
    endloop
  endfacet
  facet normal -0.555092 0 0.831789
    outer loop
      vertex 138.822 25.5 -39.071
      vertex 138.675 28.5 -39.1691
      vertex 138.675 25.5 -39.1691
    endloop
  endfacet
  facet normal -0.753139 0 0.657862
    outer loop
      vertex 138.955 25.5 -38.9546
      vertex 139.071 28.5 -38.8218
      vertex 138.955 28.5 -38.9546
    endloop
  endfacet
  facet normal -0.753139 0 0.657862
    outer loop
      vertex 139.071 28.5 -38.8218
      vertex 138.955 25.5 -38.9546
      vertex 139.071 25.5 -38.8218
    endloop
  endfacet
  facet normal -0.320285 0 -0.947321
    outer loop
      vertex 138.349 25.5 -36.696
      vertex 138.517 28.5 -36.7528
      vertex 138.517 25.5 -36.7528
    endloop
  endfacet
  facet normal -0.320285 0 -0.947321
    outer loop
      vertex 138.517 28.5 -36.7528
      vertex 138.349 25.5 -36.696
      vertex 138.349 28.5 -36.696
    endloop
  endfacet
  facet normal -0.555092 0 -0.831789
    outer loop
      vertex 138.675 25.5 -36.8309
      vertex 138.822 28.5 -36.929
      vertex 138.822 25.5 -36.929
    endloop
  endfacet
  facet normal -0.555092 0 -0.831789
    outer loop
      vertex 138.822 28.5 -36.929
      vertex 138.675 25.5 -36.8309
      vertex 138.675 28.5 -36.8309
    endloop
  endfacet
  facet normal -0.443124 0 -0.89646
    outer loop
      vertex 138.517 25.5 -36.7528
      vertex 138.675 28.5 -36.8309
      vertex 138.675 25.5 -36.8309
    endloop
  endfacet
  facet normal -0.443124 0 -0.89646
    outer loop
      vertex 138.675 28.5 -36.8309
      vertex 138.517 25.5 -36.7528
      vertex 138.517 28.5 -36.7528
    endloop
  endfacet
  facet normal 0.997689 0 -0.067947
    outer loop
      vertex 120.662 25.5 -37.8238
      vertex 120.65 28.5 -38
      vertex 120.662 28.5 -37.8238
    endloop
  endfacet
  facet normal 0.997689 0 -0.067947
    outer loop
      vertex 120.65 28.5 -38
      vertex 120.662 25.5 -37.8238
      vertex 120.65 25.5 -38
    endloop
  endfacet
  facet normal 0.897129 0 -0.441768
    outer loop
      vertex 120.831 25.5 -37.325
      vertex 120.753 28.5 -37.4834
      vertex 120.831 28.5 -37.325
    endloop
  endfacet
  facet normal 0.897129 0 -0.441768
    outer loop
      vertex 120.753 28.5 -37.4834
      vertex 120.831 25.5 -37.325
      vertex 120.753 25.5 -37.4834
    endloop
  endfacet
  facet normal 0.658585 0 -0.752507
    outer loop
      vertex 121.045 25.5 -37.0454
      vertex 121.178 28.5 -36.929
      vertex 121.178 25.5 -36.929
    endloop
  endfacet
  facet normal 0.658585 0 -0.752507
    outer loop
      vertex 121.178 28.5 -36.929
      vertex 121.045 25.5 -37.0454
      vertex 121.045 28.5 -37.0454
    endloop
  endfacet
  facet normal 0.320285 0 -0.947321
    outer loop
      vertex 121.483 25.5 -36.7528
      vertex 121.651 28.5 -36.696
      vertex 121.651 25.5 -36.696
    endloop
  endfacet
  facet normal 0.320285 0 -0.947321
    outer loop
      vertex 121.651 28.5 -36.696
      vertex 121.483 25.5 -36.7528
      vertex 121.483 28.5 -36.7528
    endloop
  endfacet
  facet normal -0.981272 0 -0.192628
    outer loop
      vertex 139.338 25.5 -37.8238
      vertex 139.304 28.5 -37.6506
      vertex 139.338 28.5 -37.8238
    endloop
  endfacet
  facet normal -0.981272 -0 -0.192628
    outer loop
      vertex 139.304 28.5 -37.6506
      vertex 139.338 25.5 -37.8238
      vertex 139.304 25.5 -37.6506
    endloop
  endfacet
  facet normal -0.94651 0 -0.322674
    outer loop
      vertex 139.304 25.5 -37.6506
      vertex 139.247 28.5 -37.4834
      vertex 139.304 28.5 -37.6506
    endloop
  endfacet
  facet normal -0.94651 -0 -0.322674
    outer loop
      vertex 139.247 28.5 -37.4834
      vertex 139.304 25.5 -37.6506
      vertex 139.247 25.5 -37.4834
    endloop
  endfacet
  facet normal -0.831701 0 0.555223
    outer loop
      vertex 139.071 25.5 -38.8218
      vertex 139.169 28.5 -38.675
      vertex 139.071 28.5 -38.8218
    endloop
  endfacet
  facet normal -0.831701 0 0.555223
    outer loop
      vertex 139.169 28.5 -38.675
      vertex 139.071 25.5 -38.8218
      vertex 139.169 25.5 -38.675
    endloop
  endfacet
  facet normal -0.897129 0 0.441768
    outer loop
      vertex 139.169 25.5 -38.675
      vertex 139.247 28.5 -38.5166
      vertex 139.169 28.5 -38.675
    endloop
  endfacet
  facet normal -0.897129 0 0.441768
    outer loop
      vertex 139.247 28.5 -38.5166
      vertex 139.169 25.5 -38.675
      vertex 139.247 25.5 -38.5166
    endloop
  endfacet
  facet normal -0.195571 0 0.98069
    outer loop
      vertex 138.176 28.5 -39.3385
      vertex 138.349 25.5 -39.304
      vertex 138.349 28.5 -39.304
    endloop
  endfacet
  facet normal -0.195571 0 0.98069
    outer loop
      vertex 138.349 25.5 -39.304
      vertex 138.176 28.5 -39.3385
      vertex 138.176 25.5 -39.3385
    endloop
  endfacet
  facet normal -0.320285 0 0.947321
    outer loop
      vertex 138.349 28.5 -39.304
      vertex 138.517 25.5 -39.2472
      vertex 138.517 28.5 -39.2472
    endloop
  endfacet
  facet normal -0.320285 0 0.947321
    outer loop
      vertex 138.517 25.5 -39.2472
      vertex 138.349 28.5 -39.304
      vertex 138.349 25.5 -39.304
    endloop
  endfacet
  facet normal 0.94651 0 -0.322674
    outer loop
      vertex 120.753 25.5 -37.4834
      vertex 120.696 28.5 -37.6506
      vertex 120.753 28.5 -37.4834
    endloop
  endfacet
  facet normal 0.94651 0 -0.322674
    outer loop
      vertex 120.696 28.5 -37.6506
      vertex 120.753 25.5 -37.4834
      vertex 120.696 25.5 -37.6506
    endloop
  endfacet
  facet normal 0.981272 0 -0.192628
    outer loop
      vertex 120.696 25.5 -37.6506
      vertex 120.662 28.5 -37.8238
      vertex 120.696 28.5 -37.6506
    endloop
  endfacet
  facet normal 0.981272 0 -0.192628
    outer loop
      vertex 120.662 28.5 -37.8238
      vertex 120.696 25.5 -37.6506
      vertex 120.662 25.5 -37.8238
    endloop
  endfacet
  facet normal 0.555092 0 -0.831789
    outer loop
      vertex 121.178 25.5 -36.929
      vertex 121.325 28.5 -36.8309
      vertex 121.325 25.5 -36.8309
    endloop
  endfacet
  facet normal 0.555092 0 -0.831789
    outer loop
      vertex 121.325 28.5 -36.8309
      vertex 121.178 25.5 -36.929
      vertex 121.178 28.5 -36.929
    endloop
  endfacet
  facet normal 0.195571 0 -0.98069
    outer loop
      vertex 121.651 25.5 -36.696
      vertex 121.824 28.5 -36.6615
      vertex 121.824 25.5 -36.6615
    endloop
  endfacet
  facet normal 0.195571 0 -0.98069
    outer loop
      vertex 121.824 28.5 -36.6615
      vertex 121.651 25.5 -36.696
      vertex 121.651 28.5 -36.696
    endloop
  endfacet
  facet normal 0.831701 0 -0.555223
    outer loop
      vertex 120.929 25.5 -37.1782
      vertex 120.831 28.5 -37.325
      vertex 120.929 28.5 -37.1782
    endloop
  endfacet
  facet normal 0.831701 0 -0.555223
    outer loop
      vertex 120.831 28.5 -37.325
      vertex 120.929 25.5 -37.1782
      vertex 120.831 25.5 -37.325
    endloop
  endfacet
  facet normal 0.753139 0 -0.657862
    outer loop
      vertex 121.045 25.5 -37.0454
      vertex 120.929 28.5 -37.1782
      vertex 121.045 28.5 -37.0454
    endloop
  endfacet
  facet normal 0.753139 0 -0.657862
    outer loop
      vertex 120.929 28.5 -37.1782
      vertex 121.045 25.5 -37.0454
      vertex 120.929 25.5 -37.1782
    endloop
  endfacet
  facet normal 0.443124 0 -0.89646
    outer loop
      vertex 121.325 25.5 -36.8309
      vertex 121.483 28.5 -36.7528
      vertex 121.483 25.5 -36.7528
    endloop
  endfacet
  facet normal 0.443124 0 -0.89646
    outer loop
      vertex 121.483 28.5 -36.7528
      vertex 121.325 25.5 -36.8309
      vertex 121.325 28.5 -36.8309
    endloop
  endfacet
  facet normal -0.997858 0 0.0654216
    outer loop
      vertex 28.2632 23.7 -23.5613
      vertex 28.3 28.5 -23
      vertex 28.2632 28.5 -23.5613
    endloop
  endfacet
  facet normal -0.997858 0 0.0654216
    outer loop
      vertex 28.3 28.5 -23
      vertex 28.2632 23.7 -23.5613
      vertex 28.3 23.7 -23
    endloop
  endfacet
  facet normal 0.0654216 0 0.997858
    outer loop
      vertex 23.4387 28.5 -27.2632
      vertex 24 23.7 -27.3
      vertex 24 28.5 -27.3
    endloop
  endfacet
  facet normal 0.0654216 0 0.997858
    outer loop
      vertex 24 23.7 -27.3
      vertex 23.4387 28.5 -27.2632
      vertex 23.4387 23.7 -27.2632
    endloop
  endfacet
  facet normal 0.659272 0 -0.751904
    outer loop
      vertex 20.9594 23.7 -19.9594
      vertex 21.3823 28.5 -19.5886
      vertex 21.3823 23.7 -19.5886
    endloop
  endfacet
  facet normal 0.659272 0 -0.751904
    outer loop
      vertex 21.3823 28.5 -19.5886
      vertex 20.9594 23.7 -19.9594
      vertex 20.9594 28.5 -19.9594
    endloop
  endfacet
  facet normal -0.659272 0 0.751904
    outer loop
      vertex 26.6177 28.5 -26.4114
      vertex 27.0406 23.7 -26.0406
      vertex 27.0406 28.5 -26.0406
    endloop
  endfacet
  facet normal -0.659272 0 0.751904
    outer loop
      vertex 27.0406 23.7 -26.0406
      vertex 26.6177 28.5 -26.4114
      vertex 26.6177 23.7 -26.4114
    endloop
  endfacet
  facet normal 0.751904 -0 0.659272
    outer loop
      vertex 20.5886 23.7 -25.6177
      vertex 20.9594 28.5 -26.0406
      vertex 20.5886 28.5 -25.6177
    endloop
  endfacet
  facet normal 0.751904 0 0.659272
    outer loop
      vertex 20.9594 28.5 -26.0406
      vertex 20.5886 23.7 -25.6177
      vertex 20.9594 23.7 -26.0406
    endloop
  endfacet
  facet normal 0.4423 0 0.896867
    outer loop
      vertex 21.85 28.5 -26.7239
      vertex 22.3545 23.7 -26.9727
      vertex 22.3545 28.5 -26.9727
    endloop
  endfacet
  facet normal 0.4423 0 0.896867
    outer loop
      vertex 22.3545 23.7 -26.9727
      vertex 21.85 28.5 -26.7239
      vertex 21.85 23.7 -26.7239
    endloop
  endfacet
  facet normal -0.751904 0 -0.659272
    outer loop
      vertex 27.4114 23.7 -20.3823
      vertex 27.0406 28.5 -19.9594
      vertex 27.4114 28.5 -20.3823
    endloop
  endfacet
  facet normal -0.751904 -0 -0.659272
    outer loop
      vertex 27.0406 28.5 -19.9594
      vertex 27.4114 23.7 -20.3823
      vertex 27.0406 23.7 -19.9594
    endloop
  endfacet
  facet normal -0.896867 0 0.4423
    outer loop
      vertex 27.7239 23.7 -25.15
      vertex 27.9727 28.5 -24.6455
      vertex 27.7239 28.5 -25.15
    endloop
  endfacet
  facet normal -0.896867 0 0.4423
    outer loop
      vertex 27.9727 28.5 -24.6455
      vertex 27.7239 23.7 -25.15
      vertex 27.9727 23.7 -24.6455
    endloop
  endfacet
  facet normal -0.980792 0 0.195056
    outer loop
      vertex 28.1535 23.7 -24.1129
      vertex 28.2632 28.5 -23.5613
      vertex 28.1535 28.5 -24.1129
    endloop
  endfacet
  facet normal -0.980792 0 0.195056
    outer loop
      vertex 28.2632 28.5 -23.5613
      vertex 28.1535 23.7 -24.1129
      vertex 28.2632 23.7 -23.5613
    endloop
  endfacet
  facet normal -0.831475 0 0.555561
    outer loop
      vertex 27.4114 23.7 -25.6177
      vertex 27.7239 28.5 -25.15
      vertex 27.4114 28.5 -25.6177
    endloop
  endfacet
  facet normal -0.831475 0 0.555561
    outer loop
      vertex 27.7239 28.5 -25.15
      vertex 27.4114 23.7 -25.6177
      vertex 27.7239 23.7 -25.15
    endloop
  endfacet
  facet normal -0.32145 0 0.946927
    outer loop
      vertex 25.1129 28.5 -27.1535
      vertex 25.6455 23.7 -26.9727
      vertex 25.6455 28.5 -26.9727
    endloop
  endfacet
  facet normal -0.32145 0 0.946927
    outer loop
      vertex 25.6455 23.7 -26.9727
      vertex 25.1129 28.5 -27.1535
      vertex 25.1129 23.7 -27.1535
    endloop
  endfacet
  facet normal -0.555561 0 0.831475
    outer loop
      vertex 26.15 28.5 -26.7239
      vertex 26.6177 23.7 -26.4114
      vertex 26.6177 28.5 -26.4114
    endloop
  endfacet
  facet normal -0.555561 0 0.831475
    outer loop
      vertex 26.6177 23.7 -26.4114
      vertex 26.15 28.5 -26.7239
      vertex 26.15 23.7 -26.7239
    endloop
  endfacet
  facet normal 0.946927 -0 0.32145
    outer loop
      vertex 19.8465 23.7 -24.1129
      vertex 20.0273 28.5 -24.6455
      vertex 19.8465 28.5 -24.1129
    endloop
  endfacet
  facet normal 0.946927 0 0.32145
    outer loop
      vertex 20.0273 28.5 -24.6455
      vertex 19.8465 23.7 -24.1129
      vertex 20.0273 23.7 -24.6455
    endloop
  endfacet
  facet normal 0.831475 -0 0.555561
    outer loop
      vertex 20.2761 23.7 -25.15
      vertex 20.5886 28.5 -25.6177
      vertex 20.2761 28.5 -25.15
    endloop
  endfacet
  facet normal 0.831475 0 0.555561
    outer loop
      vertex 20.5886 28.5 -25.6177
      vertex 20.2761 23.7 -25.15
      vertex 20.5886 23.7 -25.6177
    endloop
  endfacet
  facet normal 0.555561 0 0.831475
    outer loop
      vertex 21.3823 28.5 -26.4114
      vertex 21.85 23.7 -26.7239
      vertex 21.85 28.5 -26.7239
    endloop
  endfacet
  facet normal 0.555561 0 0.831475
    outer loop
      vertex 21.85 23.7 -26.7239
      vertex 21.3823 28.5 -26.4114
      vertex 21.3823 23.7 -26.4114
    endloop
  endfacet
  facet normal 0.195056 0 0.980792
    outer loop
      vertex 22.8871 28.5 -27.1535
      vertex 23.4387 23.7 -27.2632
      vertex 23.4387 28.5 -27.2632
    endloop
  endfacet
  facet normal 0.195056 0 0.980792
    outer loop
      vertex 23.4387 23.7 -27.2632
      vertex 22.8871 28.5 -27.1535
      vertex 22.8871 23.7 -27.1535
    endloop
  endfacet
  facet normal -0.555573 0 -0.831468
    outer loop
      vertex 26.2 23.7 -19.3095
      vertex 26.6177 28.5 -19.5886
      vertex 26.6177 23.7 -19.5886
    endloop
  endfacet
  facet normal -0.555573 0 -0.831468
    outer loop
      vertex 26.6177 28.5 -19.5886
      vertex 26.2 23.7 -19.3095
      vertex 26.2 28.5 -19.3095
    endloop
  endfacet
  facet normal -0.980792 0 -0.195056
    outer loop
      vertex 28.2632 23.7 -22.4387
      vertex 28.1535 28.5 -21.8871
      vertex 28.2632 28.5 -22.4387
    endloop
  endfacet
  facet normal -0.980792 -0 -0.195056
    outer loop
      vertex 28.1535 28.5 -21.8871
      vertex 28.2632 23.7 -22.4387
      vertex 28.1535 23.7 -21.8871
    endloop
  endfacet
  facet normal 0.555573 0 -0.831468
    outer loop
      vertex 21.3823 23.7 -19.5886
      vertex 21.8 28.5 -19.3095
      vertex 21.8 23.7 -19.3095
    endloop
  endfacet
  facet normal 0.555573 0 -0.831468
    outer loop
      vertex 21.8 28.5 -19.3095
      vertex 21.3823 23.7 -19.5886
      vertex 21.3823 28.5 -19.5886
    endloop
  endfacet
  facet normal 0.831475 0 -0.555561
    outer loop
      vertex 20.5886 23.7 -20.3823
      vertex 20.2761 28.5 -20.85
      vertex 20.5886 28.5 -20.3823
    endloop
  endfacet
  facet normal 0.831475 0 -0.555561
    outer loop
      vertex 20.2761 28.5 -20.85
      vertex 20.5886 23.7 -20.3823
      vertex 20.2761 23.7 -20.85
    endloop
  endfacet
  facet normal 0.980792 0 -0.195056
    outer loop
      vertex 19.8465 23.7 -21.8871
      vertex 19.7368 28.5 -22.4387
      vertex 19.8465 28.5 -21.8871
    endloop
  endfacet
  facet normal 0.980792 0 -0.195056
    outer loop
      vertex 19.7368 28.5 -22.4387
      vertex 19.8465 23.7 -21.8871
      vertex 19.7368 23.7 -22.4387
    endloop
  endfacet
  facet normal -0.946927 0 0.32145
    outer loop
      vertex 27.9727 23.7 -24.6455
      vertex 28.1535 28.5 -24.1129
      vertex 27.9727 28.5 -24.6455
    endloop
  endfacet
  facet normal -0.946927 0 0.32145
    outer loop
      vertex 28.1535 28.5 -24.1129
      vertex 27.9727 23.7 -24.6455
      vertex 28.1535 23.7 -24.1129
    endloop
  endfacet
  facet normal -0.751904 0 0.659272
    outer loop
      vertex 27.0406 23.7 -26.0406
      vertex 27.4114 28.5 -25.6177
      vertex 27.0406 28.5 -26.0406
    endloop
  endfacet
  facet normal -0.751904 0 0.659272
    outer loop
      vertex 27.4114 28.5 -25.6177
      vertex 27.0406 23.7 -26.0406
      vertex 27.4114 23.7 -25.6177
    endloop
  endfacet
  facet normal -0.195056 0 0.980792
    outer loop
      vertex 24.5613 28.5 -27.2632
      vertex 25.1129 23.7 -27.1535
      vertex 25.1129 28.5 -27.1535
    endloop
  endfacet
  facet normal -0.195056 0 0.980792
    outer loop
      vertex 25.1129 23.7 -27.1535
      vertex 24.5613 28.5 -27.2632
      vertex 24.5613 23.7 -27.2632
    endloop
  endfacet
  facet normal -0.0654216 0 0.997858
    outer loop
      vertex 24 28.5 -27.3
      vertex 24.5613 23.7 -27.2632
      vertex 24.5613 28.5 -27.2632
    endloop
  endfacet
  facet normal -0.0654216 0 0.997858
    outer loop
      vertex 24.5613 23.7 -27.2632
      vertex 24 28.5 -27.3
      vertex 24 23.7 -27.3
    endloop
  endfacet
  facet normal -0.4423 0 0.896867
    outer loop
      vertex 25.6455 28.5 -26.9727
      vertex 26.15 23.7 -26.7239
      vertex 26.15 28.5 -26.7239
    endloop
  endfacet
  facet normal -0.4423 0 0.896867
    outer loop
      vertex 26.15 23.7 -26.7239
      vertex 25.6455 28.5 -26.9727
      vertex 25.6455 23.7 -26.9727
    endloop
  endfacet
  facet normal 0.896867 -0 0.4423
    outer loop
      vertex 20.0273 23.7 -24.6455
      vertex 20.2761 28.5 -25.15
      vertex 20.0273 28.5 -24.6455
    endloop
  endfacet
  facet normal 0.896867 0 0.4423
    outer loop
      vertex 20.2761 28.5 -25.15
      vertex 20.0273 23.7 -24.6455
      vertex 20.2761 23.7 -25.15
    endloop
  endfacet
  facet normal 0.980792 -0 0.195056
    outer loop
      vertex 19.7368 23.7 -23.5613
      vertex 19.8465 28.5 -24.1129
      vertex 19.7368 28.5 -23.5613
    endloop
  endfacet
  facet normal 0.980792 0 0.195056
    outer loop
      vertex 19.8465 28.5 -24.1129
      vertex 19.7368 23.7 -23.5613
      vertex 19.8465 23.7 -24.1129
    endloop
  endfacet
  facet normal 0.997858 -0 0.0654216
    outer loop
      vertex 19.7 23.7 -23
      vertex 19.7368 28.5 -23.5613
      vertex 19.7 28.5 -23
    endloop
  endfacet
  facet normal 0.997858 0 0.0654216
    outer loop
      vertex 19.7368 28.5 -23.5613
      vertex 19.7 23.7 -23
      vertex 19.7368 23.7 -23.5613
    endloop
  endfacet
  facet normal 0.997858 0 -0.0654216
    outer loop
      vertex 19.7368 23.7 -22.4387
      vertex 19.7 28.5 -23
      vertex 19.7368 28.5 -22.4387
    endloop
  endfacet
  facet normal 0.997858 0 -0.0654216
    outer loop
      vertex 19.7 28.5 -23
      vertex 19.7368 23.7 -22.4387
      vertex 19.7 23.7 -23
    endloop
  endfacet
  facet normal 0.659272 0 0.751904
    outer loop
      vertex 20.9594 28.5 -26.0406
      vertex 21.3823 23.7 -26.4114
      vertex 21.3823 28.5 -26.4114
    endloop
  endfacet
  facet normal 0.659272 0 0.751904
    outer loop
      vertex 21.3823 23.7 -26.4114
      vertex 20.9594 28.5 -26.0406
      vertex 20.9594 23.7 -26.0406
    endloop
  endfacet
  facet normal 0.32145 0 0.946927
    outer loop
      vertex 22.3545 28.5 -26.9727
      vertex 22.8871 23.7 -27.1535
      vertex 22.8871 28.5 -27.1535
    endloop
  endfacet
  facet normal 0.32145 0 0.946927
    outer loop
      vertex 22.8871 23.7 -27.1535
      vertex 22.3545 28.5 -26.9727
      vertex 22.3545 23.7 -26.9727
    endloop
  endfacet
  facet normal -0.997858 0 -0.0654216
    outer loop
      vertex 28.3 23.7 -23
      vertex 28.2632 28.5 -22.4387
      vertex 28.3 28.5 -23
    endloop
  endfacet
  facet normal -0.997858 -0 -0.0654216
    outer loop
      vertex 28.2632 28.5 -22.4387
      vertex 28.3 23.7 -23
      vertex 28.2632 23.7 -22.4387
    endloop
  endfacet
  facet normal -0.659272 0 -0.751904
    outer loop
      vertex 26.6177 23.7 -19.5886
      vertex 27.0406 28.5 -19.9594
      vertex 27.0406 23.7 -19.9594
    endloop
  endfacet
  facet normal -0.659272 0 -0.751904
    outer loop
      vertex 27.0406 28.5 -19.9594
      vertex 26.6177 23.7 -19.5886
      vertex 26.6177 28.5 -19.5886
    endloop
  endfacet
  facet normal -0.831475 0 -0.555561
    outer loop
      vertex 27.7239 23.7 -20.85
      vertex 27.4114 28.5 -20.3823
      vertex 27.7239 28.5 -20.85
    endloop
  endfacet
  facet normal -0.831475 -0 -0.555561
    outer loop
      vertex 27.4114 28.5 -20.3823
      vertex 27.7239 23.7 -20.85
      vertex 27.4114 23.7 -20.3823
    endloop
  endfacet
  facet normal 0.751904 0 -0.659272
    outer loop
      vertex 20.9594 23.7 -19.9594
      vertex 20.5886 28.5 -20.3823
      vertex 20.9594 28.5 -19.9594
    endloop
  endfacet
  facet normal 0.751904 0 -0.659272
    outer loop
      vertex 20.5886 28.5 -20.3823
      vertex 20.9594 23.7 -19.9594
      vertex 20.5886 23.7 -20.3823
    endloop
  endfacet
  facet normal 0.946927 0 -0.32145
    outer loop
      vertex 20.0273 23.7 -21.3545
      vertex 19.8465 28.5 -21.8871
      vertex 20.0273 28.5 -21.3545
    endloop
  endfacet
  facet normal 0.946927 0 -0.32145
    outer loop
      vertex 19.8465 28.5 -21.8871
      vertex 20.0273 23.7 -21.3545
      vertex 19.8465 23.7 -21.8871
    endloop
  endfacet
  facet normal -0.946927 0 -0.32145
    outer loop
      vertex 28.1535 23.7 -21.8871
      vertex 27.9727 28.5 -21.3545
      vertex 28.1535 28.5 -21.8871
    endloop
  endfacet
  facet normal -0.946927 -0 -0.32145
    outer loop
      vertex 27.9727 28.5 -21.3545
      vertex 28.1535 23.7 -21.8871
      vertex 27.9727 23.7 -21.3545
    endloop
  endfacet
  facet normal -0.896867 0 -0.4423
    outer loop
      vertex 27.9727 23.7 -21.3545
      vertex 27.7239 28.5 -20.85
      vertex 27.9727 28.5 -21.3545
    endloop
  endfacet
  facet normal -0.896867 -0 -0.4423
    outer loop
      vertex 27.7239 28.5 -20.85
      vertex 27.9727 23.7 -21.3545
      vertex 27.7239 23.7 -20.85
    endloop
  endfacet
  facet normal 0.896867 0 -0.4423
    outer loop
      vertex 20.2761 23.7 -20.85
      vertex 20.0273 28.5 -21.3545
      vertex 20.2761 28.5 -20.85
    endloop
  endfacet
  facet normal 0.896867 0 -0.4423
    outer loop
      vertex 20.0273 28.5 -21.3545
      vertex 20.2761 23.7 -20.85
      vertex 20.0273 23.7 -21.3545
    endloop
  endfacet
  facet normal -0.442063 0 -0.896984
    outer loop
      vertex 24.8419 23.7 -10.9675
      vertex 25.1 28.5 -11.0947
      vertex 25.1 23.7 -11.0947
    endloop
  endfacet
  facet normal -0.442063 0 -0.896984
    outer loop
      vertex 25.1 28.5 -11.0947
      vertex 24.8419 23.7 -10.9675
      vertex 24.8419 28.5 -10.9675
    endloop
  endfacet
  facet normal 0.980741 0 -0.195314
    outer loop
      vertex 21.875 23.7 -12.4306
      vertex 21.8188 28.5 -12.7128
      vertex 21.875 28.5 -12.4306
    endloop
  endfacet
  facet normal 0.980741 0 -0.195314
    outer loop
      vertex 21.8188 28.5 -12.7128
      vertex 21.875 23.7 -12.4306
      vertex 21.8188 23.7 -12.7128
    endloop
  endfacet
  facet normal -1 0 0
    outer loop
      vertex 26.2 23.7 -19.3095
      vertex 26.2 28.5 -13
      vertex 26.2 28.5 -19.3095
    endloop
  endfacet
  facet normal -1 -0 0
    outer loop
      vertex 26.2 28.5 -13
      vertex 26.2 23.7 -19.3095
      vertex 26.2 23.7 -13
    endloop
  endfacet
  facet normal -0.980741 0 -0.195314
    outer loop
      vertex 26.1812 23.7 -12.7128
      vertex 26.125 28.5 -12.4306
      vertex 26.1812 28.5 -12.7128
    endloop
  endfacet
  facet normal -0.980741 -0 -0.195314
    outer loop
      vertex 26.125 28.5 -12.4306
      vertex 26.1812 23.7 -12.7128
      vertex 26.125 23.7 -12.4306
    endloop
  endfacet
  facet normal -0.896984 0 -0.442063
    outer loop
      vertex 26.0325 23.7 -12.1581
      vertex 25.9053 28.5 -11.9
      vertex 26.0325 28.5 -12.1581
    endloop
  endfacet
  facet normal -0.896984 -0 -0.442063
    outer loop
      vertex 25.9053 28.5 -11.9
      vertex 26.0325 23.7 -12.1581
      vertex 25.9053 23.7 -11.9
    endloop
  endfacet
  facet normal 0.896984 0 -0.442063
    outer loop
      vertex 22.0947 23.7 -11.9
      vertex 21.9675 28.5 -12.1581
      vertex 22.0947 28.5 -11.9
    endloop
  endfacet
  facet normal 0.896984 0 -0.442063
    outer loop
      vertex 21.9675 28.5 -12.1581
      vertex 22.0947 23.7 -11.9
      vertex 21.9675 23.7 -12.1581
    endloop
  endfacet
  facet normal 0.659562 0 -0.75165
    outer loop
      vertex 22.4444 23.7 -11.4444
      vertex 22.6607 28.5 -11.2546
      vertex 22.6607 23.7 -11.2546
    endloop
  endfacet
  facet normal 0.659562 0 -0.75165
    outer loop
      vertex 22.6607 28.5 -11.2546
      vertex 22.4444 23.7 -11.4444
      vertex 22.4444 28.5 -11.4444
    endloop
  endfacet
  facet normal 0.321435 0 -0.946931
    outer loop
      vertex 23.1581 23.7 -10.9675
      vertex 23.4306 28.5 -10.875
      vertex 23.4306 23.7 -10.875
    endloop
  endfacet
  facet normal 0.321435 0 -0.946931
    outer loop
      vertex 23.4306 28.5 -10.875
      vertex 23.1581 23.7 -10.9675
      vertex 23.1581 28.5 -10.9675
    endloop
  endfacet
  facet normal 0.0653198 0 -0.997864
    outer loop
      vertex 23.7128 23.7 -10.8188
      vertex 24 28.5 -10.8
      vertex 24 23.7 -10.8
    endloop
  endfacet
  facet normal 0.0653198 0 -0.997864
    outer loop
      vertex 24 28.5 -10.8
      vertex 23.7128 23.7 -10.8188
      vertex 23.7128 28.5 -10.8188
    endloop
  endfacet
  facet normal -0.997864 0 -0.0653198
    outer loop
      vertex 26.2 23.7 -13
      vertex 26.1812 28.5 -12.7128
      vertex 26.2 28.5 -13
    endloop
  endfacet
  facet normal -0.997864 -0 -0.0653198
    outer loop
      vertex 26.1812 28.5 -12.7128
      vertex 26.2 23.7 -13
      vertex 26.1812 23.7 -12.7128
    endloop
  endfacet
  facet normal 0.997864 0 -0.0653198
    outer loop
      vertex 21.8188 23.7 -12.7128
      vertex 21.8 28.5 -13
      vertex 21.8188 28.5 -12.7128
    endloop
  endfacet
  facet normal 0.997864 0 -0.0653198
    outer loop
      vertex 21.8 28.5 -13
      vertex 21.8188 23.7 -12.7128
      vertex 21.8 23.7 -13
    endloop
  endfacet
  facet normal 1 -0 0
    outer loop
      vertex 21.8 23.7 -13
      vertex 21.8 28.5 -19.3095
      vertex 21.8 28.5 -13
    endloop
  endfacet
  facet normal 1 0 0
    outer loop
      vertex 21.8 28.5 -19.3095
      vertex 21.8 23.7 -13
      vertex 21.8 23.7 -19.3095
    endloop
  endfacet
  facet normal 0.946931 0 -0.321435
    outer loop
      vertex 21.9675 23.7 -12.1581
      vertex 21.875 28.5 -12.4306
      vertex 21.9675 28.5 -12.1581
    endloop
  endfacet
  facet normal 0.946931 0 -0.321435
    outer loop
      vertex 21.875 28.5 -12.4306
      vertex 21.9675 23.7 -12.1581
      vertex 21.875 23.7 -12.4306
    endloop
  endfacet
  facet normal 0.831462 0 -0.555582
    outer loop
      vertex 22.2546 23.7 -11.6607
      vertex 22.0947 28.5 -11.9
      vertex 22.2546 28.5 -11.6607
    endloop
  endfacet
  facet normal 0.831462 0 -0.555582
    outer loop
      vertex 22.0947 28.5 -11.9
      vertex 22.2546 23.7 -11.6607
      vertex 22.0947 23.7 -11.9
    endloop
  endfacet
  facet normal 0.195314 0 -0.980741
    outer loop
      vertex 23.4306 23.7 -10.875
      vertex 23.7128 28.5 -10.8188
      vertex 23.7128 23.7 -10.8188
    endloop
  endfacet
  facet normal 0.195314 0 -0.980741
    outer loop
      vertex 23.7128 28.5 -10.8188
      vertex 23.4306 23.7 -10.875
      vertex 23.4306 28.5 -10.875
    endloop
  endfacet
  facet normal -0.321435 0 -0.946931
    outer loop
      vertex 24.5694 23.7 -10.875
      vertex 24.8419 28.5 -10.9675
      vertex 24.8419 23.7 -10.9675
    endloop
  endfacet
  facet normal -0.321435 0 -0.946931
    outer loop
      vertex 24.8419 28.5 -10.9675
      vertex 24.5694 23.7 -10.875
      vertex 24.5694 28.5 -10.875
    endloop
  endfacet
  facet normal -0.0653198 0 -0.997864
    outer loop
      vertex 24 23.7 -10.8
      vertex 24.2872 28.5 -10.8188
      vertex 24.2872 23.7 -10.8188
    endloop
  endfacet
  facet normal -0.0653198 0 -0.997864
    outer loop
      vertex 24.2872 28.5 -10.8188
      vertex 24 23.7 -10.8
      vertex 24 28.5 -10.8
    endloop
  endfacet
  facet normal -0.555582 0 -0.831462
    outer loop
      vertex 25.1 23.7 -11.0947
      vertex 25.3393 28.5 -11.2546
      vertex 25.3393 23.7 -11.2546
    endloop
  endfacet
  facet normal -0.555582 0 -0.831462
    outer loop
      vertex 25.3393 28.5 -11.2546
      vertex 25.1 23.7 -11.0947
      vertex 25.1 28.5 -11.0947
    endloop
  endfacet
  facet normal -0.831462 0 -0.555582
    outer loop
      vertex 25.9053 23.7 -11.9
      vertex 25.7454 28.5 -11.6607
      vertex 25.9053 28.5 -11.9
    endloop
  endfacet
  facet normal -0.831462 -0 -0.555582
    outer loop
      vertex 25.7454 28.5 -11.6607
      vertex 25.9053 23.7 -11.9
      vertex 25.7454 23.7 -11.6607
    endloop
  endfacet
  facet normal 0.75165 0 -0.659562
    outer loop
      vertex 22.4444 23.7 -11.4444
      vertex 22.2546 28.5 -11.6607
      vertex 22.4444 28.5 -11.4444
    endloop
  endfacet
  facet normal 0.75165 0 -0.659562
    outer loop
      vertex 22.2546 28.5 -11.6607
      vertex 22.4444 23.7 -11.4444
      vertex 22.2546 23.7 -11.6607
    endloop
  endfacet
  facet normal 0.555582 0 -0.831462
    outer loop
      vertex 22.6607 23.7 -11.2546
      vertex 22.9 28.5 -11.0947
      vertex 22.9 23.7 -11.0947
    endloop
  endfacet
  facet normal 0.555582 0 -0.831462
    outer loop
      vertex 22.9 28.5 -11.0947
      vertex 22.6607 23.7 -11.2546
      vertex 22.6607 28.5 -11.2546
    endloop
  endfacet
  facet normal 0.442063 0 -0.896984
    outer loop
      vertex 22.9 23.7 -11.0947
      vertex 23.1581 28.5 -10.9675
      vertex 23.1581 23.7 -10.9675
    endloop
  endfacet
  facet normal 0.442063 0 -0.896984
    outer loop
      vertex 23.1581 28.5 -10.9675
      vertex 22.9 23.7 -11.0947
      vertex 22.9 28.5 -11.0947
    endloop
  endfacet
  facet normal -0.75165 0 -0.659562
    outer loop
      vertex 25.7454 23.7 -11.6607
      vertex 25.5556 28.5 -11.4444
      vertex 25.7454 28.5 -11.6607
    endloop
  endfacet
  facet normal -0.75165 -0 -0.659562
    outer loop
      vertex 25.5556 28.5 -11.4444
      vertex 25.7454 23.7 -11.6607
      vertex 25.5556 23.7 -11.4444
    endloop
  endfacet
  facet normal -0.659562 0 -0.75165
    outer loop
      vertex 25.3393 23.7 -11.2546
      vertex 25.5556 28.5 -11.4444
      vertex 25.5556 23.7 -11.4444
    endloop
  endfacet
  facet normal -0.659562 0 -0.75165
    outer loop
      vertex 25.5556 28.5 -11.4444
      vertex 25.3393 23.7 -11.2546
      vertex 25.3393 28.5 -11.2546
    endloop
  endfacet
  facet normal -0.195314 0 -0.980741
    outer loop
      vertex 24.2872 23.7 -10.8188
      vertex 24.5694 28.5 -10.875
      vertex 24.5694 23.7 -10.875
    endloop
  endfacet
  facet normal -0.195314 0 -0.980741
    outer loop
      vertex 24.5694 28.5 -10.875
      vertex 24.2872 23.7 -10.8188
      vertex 24.2872 28.5 -10.8188
    endloop
  endfacet
  facet normal -0.946931 0 -0.321435
    outer loop
      vertex 26.125 23.7 -12.4306
      vertex 26.0325 28.5 -12.1581
      vertex 26.125 28.5 -12.4306
    endloop
  endfacet
  facet normal -0.946931 -0 -0.321435
    outer loop
      vertex 26.0325 28.5 -12.1581
      vertex 26.125 23.7 -12.4306
      vertex 26.0325 23.7 -12.1581
    endloop
  endfacet
  facet normal -0.555315 0 0.83164
    outer loop
      vertex 135.15 28.5 -26.7239
      vertex 135.618 23.7 -26.4114
      vertex 135.618 28.5 -26.4114
    endloop
  endfacet
  facet normal -0.555315 0 0.83164
    outer loop
      vertex 135.618 23.7 -26.4114
      vertex 135.15 28.5 -26.7239
      vertex 135.15 23.7 -26.7239
    endloop
  endfacet
  facet normal -0.98069 0 -0.195569
    outer loop
      vertex 137.263 23.7 -22.4387
      vertex 137.153 28.5 -21.8871
      vertex 137.263 28.5 -22.4387
    endloop
  endfacet
  facet normal -0.98069 -0 -0.195569
    outer loop
      vertex 137.153 28.5 -21.8871
      vertex 137.263 23.7 -22.4387
      vertex 137.153 23.7 -21.8871
    endloop
  endfacet
  facet normal 0.442653 0 0.896693
    outer loop
      vertex 130.85 28.5 -26.7239
      vertex 131.354 23.7 -26.9727
      vertex 131.354 28.5 -26.9727
    endloop
  endfacet
  facet normal 0.442653 0 0.896693
    outer loop
      vertex 131.354 23.7 -26.9727
      vertex 130.85 28.5 -26.7239
      vertex 130.85 23.7 -26.7239
    endloop
  endfacet
  facet normal 0.947359 -0 0.320174
    outer loop
      vertex 128.847 23.7 -24.1129
      vertex 129.027 28.5 -24.6455
      vertex 128.847 28.5 -24.1129
    endloop
  endfacet
  facet normal 0.947359 0 0.320174
    outer loop
      vertex 129.027 28.5 -24.6455
      vertex 128.847 23.7 -24.1129
      vertex 129.027 23.7 -24.6455
    endloop
  endfacet
  facet normal -0.947359 0 -0.320174
    outer loop
      vertex 137.153 23.7 -21.8871
      vertex 136.973 28.5 -21.3545
      vertex 137.153 28.5 -21.8871
    endloop
  endfacet
  facet normal -0.947359 -0 -0.320174
    outer loop
      vertex 136.973 28.5 -21.3545
      vertex 137.153 23.7 -21.8871
      vertex 136.973 23.7 -21.3545
    endloop
  endfacet
  facet normal 0.896726 0 -0.442586
    outer loop
      vertex 129.276 23.7 -20.85
      vertex 129.027 28.5 -21.3545
      vertex 129.276 28.5 -20.85
    endloop
  endfacet
  facet normal 0.896726 0 -0.442586
    outer loop
      vertex 129.027 28.5 -21.3545
      vertex 129.276 23.7 -20.85
      vertex 129.027 23.7 -21.3545
    endloop
  endfacet
  facet normal -0.896726 0 0.442586
    outer loop
      vertex 136.724 23.7 -25.15
      vertex 136.973 28.5 -24.6455
      vertex 136.724 28.5 -25.15
    endloop
  endfacet
  facet normal -0.896726 0 0.442586
    outer loop
      vertex 136.973 28.5 -24.6455
      vertex 136.724 23.7 -25.15
      vertex 136.973 23.7 -24.6455
    endloop
  endfacet
  facet normal -0.98069 0 0.195569
    outer loop
      vertex 137.153 23.7 -24.1129
      vertex 137.263 28.5 -23.5613
      vertex 137.153 28.5 -24.1129
    endloop
  endfacet
  facet normal -0.98069 0 0.195569
    outer loop
      vertex 137.263 28.5 -23.5613
      vertex 137.153 23.7 -24.1129
      vertex 137.263 23.7 -23.5613
    endloop
  endfacet
  facet normal -0.831065 0 0.556176
    outer loop
      vertex 136.411 23.7 -25.6177
      vertex 136.724 28.5 -25.15
      vertex 136.411 28.5 -25.6177
    endloop
  endfacet
  facet normal -0.831065 0 0.556176
    outer loop
      vertex 136.724 28.5 -25.15
      vertex 136.411 23.7 -25.6177
      vertex 136.724 23.7 -25.15
    endloop
  endfacet
  facet normal -0.321234 0 0.947
    outer loop
      vertex 134.113 28.5 -27.1535
      vertex 134.646 23.7 -26.9727
      vertex 134.646 28.5 -26.9727
    endloop
  endfacet
  facet normal -0.321234 0 0.947
    outer loop
      vertex 134.646 23.7 -26.9727
      vertex 134.113 28.5 -27.1535
      vertex 134.113 23.7 -27.1535
    endloop
  endfacet
  facet normal 0.0654565 0 0.997855
    outer loop
      vertex 132.439 28.5 -27.2632
      vertex 133 23.7 -27.3
      vertex 133 28.5 -27.3
    endloop
  endfacet
  facet normal 0.0654565 0 0.997855
    outer loop
      vertex 133 23.7 -27.3
      vertex 132.439 28.5 -27.2632
      vertex 132.439 23.7 -27.2632
    endloop
  endfacet
  facet normal 0.997834 0 -0.0657757
    outer loop
      vertex 128.737 23.7 -22.4387
      vertex 128.7 28.5 -23
      vertex 128.737 28.5 -22.4387
    endloop
  endfacet
  facet normal 0.997834 0 -0.0657757
    outer loop
      vertex 128.7 28.5 -23
      vertex 128.737 23.7 -22.4387
      vertex 128.7 23.7 -23
    endloop
  endfacet
  facet normal 0.831065 -0 0.556176
    outer loop
      vertex 129.276 23.7 -25.15
      vertex 129.589 28.5 -25.6177
      vertex 129.276 28.5 -25.15
    endloop
  endfacet
  facet normal 0.831065 0 0.556176
    outer loop
      vertex 129.589 28.5 -25.6177
      vertex 129.276 23.7 -25.15
      vertex 129.589 23.7 -25.6177
    endloop
  endfacet
  facet normal 0.555315 0 0.83164
    outer loop
      vertex 130.382 28.5 -26.4114
      vertex 130.85 23.7 -26.7239
      vertex 130.85 28.5 -26.7239
    endloop
  endfacet
  facet normal 0.555315 0 0.83164
    outer loop
      vertex 130.85 23.7 -26.7239
      vertex 130.382 28.5 -26.4114
      vertex 130.382 23.7 -26.4114
    endloop
  endfacet
  facet normal 0.19492 0 0.980819
    outer loop
      vertex 131.887 28.5 -27.1535
      vertex 132.439 23.7 -27.2632
      vertex 132.439 28.5 -27.2632
    endloop
  endfacet
  facet normal 0.19492 0 0.980819
    outer loop
      vertex 132.439 23.7 -27.2632
      vertex 131.887 28.5 -27.1535
      vertex 131.887 23.7 -27.1535
    endloop
  endfacet
  facet normal -0.997834 0 -0.0657757
    outer loop
      vertex 137.3 23.7 -23
      vertex 137.263 28.5 -22.4387
      vertex 137.3 28.5 -23
    endloop
  endfacet
  facet normal -0.997834 -0 -0.0657757
    outer loop
      vertex 137.263 28.5 -22.4387
      vertex 137.3 23.7 -23
      vertex 137.263 23.7 -22.4387
    endloop
  endfacet
  facet normal -0.555297 0 -0.831652
    outer loop
      vertex 135.2 23.7 -19.3095
      vertex 135.618 28.5 -19.5886
      vertex 135.618 23.7 -19.5886
    endloop
  endfacet
  facet normal -0.555297 0 -0.831652
    outer loop
      vertex 135.618 28.5 -19.5886
      vertex 135.2 23.7 -19.3095
      vertex 135.2 28.5 -19.3095
    endloop
  endfacet
  facet normal -0.831065 0 -0.556176
    outer loop
      vertex 136.724 23.7 -20.85
      vertex 136.411 28.5 -20.3823
      vertex 136.724 28.5 -20.85
    endloop
  endfacet
  facet normal -0.831065 -0 -0.556176
    outer loop
      vertex 136.411 28.5 -20.3823
      vertex 136.724 23.7 -20.85
      vertex 136.411 23.7 -20.3823
    endloop
  endfacet
  facet normal 0.555297 0 -0.831652
    outer loop
      vertex 130.382 23.7 -19.5886
      vertex 130.8 28.5 -19.3095
      vertex 130.8 23.7 -19.3095
    endloop
  endfacet
  facet normal 0.555297 0 -0.831652
    outer loop
      vertex 130.8 28.5 -19.3095
      vertex 130.382 23.7 -19.5886
      vertex 130.382 28.5 -19.5886
    endloop
  endfacet
  facet normal 0.831065 0 -0.556176
    outer loop
      vertex 129.589 23.7 -20.3823
      vertex 129.276 28.5 -20.85
      vertex 129.589 28.5 -20.3823
    endloop
  endfacet
  facet normal 0.831065 0 -0.556176
    outer loop
      vertex 129.276 28.5 -20.85
      vertex 129.589 23.7 -20.3823
      vertex 129.276 23.7 -20.85
    endloop
  endfacet
  facet normal 0.98069 0 -0.195569
    outer loop
      vertex 128.847 23.7 -21.8871
      vertex 128.737 28.5 -22.4387
      vertex 128.847 28.5 -21.8871
    endloop
  endfacet
  facet normal 0.98069 0 -0.195569
    outer loop
      vertex 128.737 28.5 -22.4387
      vertex 128.847 23.7 -21.8871
      vertex 128.737 23.7 -22.4387
    endloop
  endfacet
  facet normal -0.947359 0 0.320174
    outer loop
      vertex 136.973 23.7 -24.6455
      vertex 137.153 28.5 -24.1129
      vertex 136.973 28.5 -24.6455
    endloop
  endfacet
  facet normal -0.947359 0 0.320174
    outer loop
      vertex 137.153 28.5 -24.1129
      vertex 136.973 23.7 -24.6455
      vertex 137.153 23.7 -24.1129
    endloop
  endfacet
  facet normal -0.75261 0 0.658467
    outer loop
      vertex 136.041 23.7 -26.0406
      vertex 136.411 28.5 -25.6177
      vertex 136.041 28.5 -26.0406
    endloop
  endfacet
  facet normal -0.75261 0 0.658467
    outer loop
      vertex 136.411 28.5 -25.6177
      vertex 136.041 23.7 -26.0406
      vertex 136.411 23.7 -25.6177
    endloop
  endfacet
  facet normal -0.659184 0 0.751982
    outer loop
      vertex 135.618 28.5 -26.4114
      vertex 136.041 23.7 -26.0406
      vertex 136.041 28.5 -26.0406
    endloop
  endfacet
  facet normal -0.659184 0 0.751982
    outer loop
      vertex 136.041 23.7 -26.0406
      vertex 135.618 28.5 -26.4114
      vertex 135.618 23.7 -26.4114
    endloop
  endfacet
  facet normal -0.442653 0 0.896693
    outer loop
      vertex 134.646 28.5 -26.9727
      vertex 135.15 23.7 -26.7239
      vertex 135.15 28.5 -26.7239
    endloop
  endfacet
  facet normal -0.442653 0 0.896693
    outer loop
      vertex 135.15 23.7 -26.7239
      vertex 134.646 28.5 -26.9727
      vertex 134.646 23.7 -26.9727
    endloop
  endfacet
  facet normal -0.19492 0 0.980819
    outer loop
      vertex 133.561 28.5 -27.2632
      vertex 134.113 23.7 -27.1535
      vertex 134.113 28.5 -27.1535
    endloop
  endfacet
  facet normal -0.19492 0 0.980819
    outer loop
      vertex 134.113 23.7 -27.1535
      vertex 133.561 28.5 -27.2632
      vertex 133.561 23.7 -27.2632
    endloop
  endfacet
  facet normal -0.0654565 0 0.997855
    outer loop
      vertex 133 28.5 -27.3
      vertex 133.561 23.7 -27.2632
      vertex 133.561 28.5 -27.2632
    endloop
  endfacet
  facet normal -0.0654565 0 0.997855
    outer loop
      vertex 133.561 23.7 -27.2632
      vertex 133 28.5 -27.3
      vertex 133 23.7 -27.3
    endloop
  endfacet
  facet normal 0.98069 -0 0.195569
    outer loop
      vertex 128.737 23.7 -23.5613
      vertex 128.847 28.5 -24.1129
      vertex 128.737 28.5 -23.5613
    endloop
  endfacet
  facet normal 0.98069 0 0.195569
    outer loop
      vertex 128.847 28.5 -24.1129
      vertex 128.737 23.7 -23.5613
      vertex 128.847 23.7 -24.1129
    endloop
  endfacet
  facet normal 0.997834 -0 0.0657757
    outer loop
      vertex 128.7 23.7 -23
      vertex 128.737 28.5 -23.5613
      vertex 128.7 28.5 -23
    endloop
  endfacet
  facet normal 0.997834 0 0.0657757
    outer loop
      vertex 128.737 28.5 -23.5613
      vertex 128.7 23.7 -23
      vertex 128.737 23.7 -23.5613
    endloop
  endfacet
  facet normal 0.896726 -0 0.442586
    outer loop
      vertex 129.027 23.7 -24.6455
      vertex 129.276 28.5 -25.15
      vertex 129.027 28.5 -24.6455
    endloop
  endfacet
  facet normal 0.896726 0 0.442586
    outer loop
      vertex 129.276 28.5 -25.15
      vertex 129.027 23.7 -24.6455
      vertex 129.276 23.7 -25.15
    endloop
  endfacet
  facet normal 0.321234 0 0.947
    outer loop
      vertex 131.354 28.5 -26.9727
      vertex 131.887 23.7 -27.1535
      vertex 131.887 28.5 -27.1535
    endloop
  endfacet
  facet normal 0.321234 0 0.947
    outer loop
      vertex 131.887 23.7 -27.1535
      vertex 131.354 28.5 -26.9727
      vertex 131.354 23.7 -26.9727
    endloop
  endfacet
  facet normal 0.659184 0 0.751982
    outer loop
      vertex 129.959 28.5 -26.0406
      vertex 130.382 23.7 -26.4114
      vertex 130.382 28.5 -26.4114
    endloop
  endfacet
  facet normal 0.659184 0 0.751982
    outer loop
      vertex 130.382 23.7 -26.4114
      vertex 129.959 28.5 -26.0406
      vertex 129.959 23.7 -26.0406
    endloop
  endfacet
  facet normal 0.75261 -0 0.658467
    outer loop
      vertex 129.589 23.7 -25.6177
      vertex 129.959 28.5 -26.0406
      vertex 129.589 28.5 -25.6177
    endloop
  endfacet
  facet normal 0.75261 0 0.658467
    outer loop
      vertex 129.959 28.5 -26.0406
      vertex 129.589 23.7 -25.6177
      vertex 129.959 23.7 -26.0406
    endloop
  endfacet
  facet normal -0.997834 0 0.0657757
    outer loop
      vertex 137.263 23.7 -23.5613
      vertex 137.3 28.5 -23
      vertex 137.263 28.5 -23.5613
    endloop
  endfacet
  facet normal -0.997834 0 0.0657757
    outer loop
      vertex 137.3 28.5 -23
      vertex 137.263 23.7 -23.5613
      vertex 137.3 23.7 -23
    endloop
  endfacet
  facet normal -0.75261 0 -0.658467
    outer loop
      vertex 136.411 23.7 -20.3823
      vertex 136.041 28.5 -19.9594
      vertex 136.411 28.5 -20.3823
    endloop
  endfacet
  facet normal -0.75261 -0 -0.658467
    outer loop
      vertex 136.041 28.5 -19.9594
      vertex 136.411 23.7 -20.3823
      vertex 136.041 23.7 -19.9594
    endloop
  endfacet
  facet normal -0.659184 0 -0.751982
    outer loop
      vertex 135.618 23.7 -19.5886
      vertex 136.041 28.5 -19.9594
      vertex 136.041 23.7 -19.9594
    endloop
  endfacet
  facet normal -0.659184 0 -0.751982
    outer loop
      vertex 136.041 28.5 -19.9594
      vertex 135.618 23.7 -19.5886
      vertex 135.618 28.5 -19.5886
    endloop
  endfacet
  facet normal -0.896726 0 -0.442586
    outer loop
      vertex 136.973 23.7 -21.3545
      vertex 136.724 28.5 -20.85
      vertex 136.973 28.5 -21.3545
    endloop
  endfacet
  facet normal -0.896726 -0 -0.442586
    outer loop
      vertex 136.724 28.5 -20.85
      vertex 136.973 23.7 -21.3545
      vertex 136.724 23.7 -20.85
    endloop
  endfacet
  facet normal 0.947359 0 -0.320174
    outer loop
      vertex 129.027 23.7 -21.3545
      vertex 128.847 28.5 -21.8871
      vertex 129.027 28.5 -21.3545
    endloop
  endfacet
  facet normal 0.947359 0 -0.320174
    outer loop
      vertex 128.847 28.5 -21.8871
      vertex 129.027 23.7 -21.3545
      vertex 128.847 23.7 -21.8871
    endloop
  endfacet
  facet normal 0.75261 0 -0.658467
    outer loop
      vertex 129.959 23.7 -19.9594
      vertex 129.589 28.5 -20.3823
      vertex 129.959 28.5 -19.9594
    endloop
  endfacet
  facet normal 0.75261 0 -0.658467
    outer loop
      vertex 129.589 28.5 -20.3823
      vertex 129.959 23.7 -19.9594
      vertex 129.589 23.7 -20.3823
    endloop
  endfacet
  facet normal 0.659184 0 -0.751982
    outer loop
      vertex 129.959 23.7 -19.9594
      vertex 130.382 28.5 -19.5886
      vertex 130.382 23.7 -19.5886
    endloop
  endfacet
  facet normal 0.659184 0 -0.751982
    outer loop
      vertex 130.382 28.5 -19.5886
      vertex 129.959 23.7 -19.9594
      vertex 129.959 28.5 -19.9594
    endloop
  endfacet
  facet normal -0.947459 0 -0.319876
    outer loop
      vertex 135.125 23.7 -12.4306
      vertex 135.033 28.5 -12.1581
      vertex 135.125 28.5 -12.4306
    endloop
  endfacet
  facet normal -0.947459 -0 -0.319876
    outer loop
      vertex 135.033 28.5 -12.1581
      vertex 135.125 23.7 -12.4306
      vertex 135.033 23.7 -12.1581
    endloop
  endfacet
  facet normal -1 0 0
    outer loop
      vertex 135.2 23.7 -19.3095
      vertex 135.2 28.5 -13
      vertex 135.2 28.5 -19.3095
    endloop
  endfacet
  facet normal -1 -0 0
    outer loop
      vertex 135.2 28.5 -13
      vertex 135.2 23.7 -19.3095
      vertex 135.2 23.7 -13
    endloop
  endfacet
  facet normal 1 -0 0
    outer loop
      vertex 130.8 23.7 -13
      vertex 130.8 28.5 -19.3095
      vertex 130.8 28.5 -13
    endloop
  endfacet
  facet normal 1 0 0
    outer loop
      vertex 130.8 28.5 -19.3095
      vertex 130.8 23.7 -13
      vertex 130.8 23.7 -19.3095
    endloop
  endfacet
  facet normal 0.0653651 0 -0.997861
    outer loop
      vertex 132.713 23.7 -10.8188
      vertex 133 28.5 -10.8
      vertex 133 23.7 -10.8
    endloop
  endfacet
  facet normal 0.0653651 0 -0.997861
    outer loop
      vertex 133 28.5 -10.8
      vertex 132.713 23.7 -10.8188
      vertex 132.713 28.5 -10.8188
    endloop
  endfacet
  facet normal -0.556064 0 -0.83114
    outer loop
      vertex 134.1 23.7 -11.0947
      vertex 134.339 28.5 -11.2546
      vertex 134.339 23.7 -11.2546
    endloop
  endfacet
  facet normal -0.556064 0 -0.83114
    outer loop
      vertex 134.339 28.5 -11.2546
      vertex 134.1 23.7 -11.0947
      vertex 134.1 28.5 -11.0947
    endloop
  endfacet
  facet normal -0.997819 0 -0.0660117
    outer loop
      vertex 135.2 23.7 -13
      vertex 135.181 28.5 -12.7128
      vertex 135.2 28.5 -13
    endloop
  endfacet
  facet normal -0.997819 -0 -0.0660117
    outer loop
      vertex 135.181 28.5 -12.7128
      vertex 135.2 23.7 -13
      vertex 135.181 23.7 -12.7128
    endloop
  endfacet
  facet normal -0.980874 0 -0.194645
    outer loop
      vertex 135.181 23.7 -12.7128
      vertex 135.125 28.5 -12.4306
      vertex 135.181 28.5 -12.7128
    endloop
  endfacet
  facet normal -0.980874 -0 -0.194645
    outer loop
      vertex 135.125 28.5 -12.4306
      vertex 135.181 23.7 -12.7128
      vertex 135.125 23.7 -12.4306
    endloop
  endfacet
  facet normal 0.997819 0 -0.0660117
    outer loop
      vertex 130.819 23.7 -12.7128
      vertex 130.8 28.5 -13
      vertex 130.819 28.5 -12.7128
    endloop
  endfacet
  facet normal 0.997819 0 -0.0660117
    outer loop
      vertex 130.8 28.5 -13
      vertex 130.819 23.7 -12.7128
      vertex 130.8 23.7 -13
    endloop
  endfacet
  facet normal -0.320907 0 -0.947111
    outer loop
      vertex 133.569 23.7 -10.875
      vertex 133.842 28.5 -10.9675
      vertex 133.842 23.7 -10.9675
    endloop
  endfacet
  facet normal -0.320907 0 -0.947111
    outer loop
      vertex 133.842 28.5 -10.9675
      vertex 133.569 23.7 -10.875
      vertex 133.569 28.5 -10.875
    endloop
  endfacet
  facet normal -0.0653651 0 -0.997861
    outer loop
      vertex 133 23.7 -10.8
      vertex 133.287 28.5 -10.8188
      vertex 133.287 23.7 -10.8188
    endloop
  endfacet
  facet normal -0.0653651 0 -0.997861
    outer loop
      vertex 133.287 28.5 -10.8188
      vertex 133 23.7 -10.8
      vertex 133 28.5 -10.8
    endloop
  endfacet
  facet normal -0.89588 0 -0.444296
    outer loop
      vertex 135.033 23.7 -12.1581
      vertex 134.905 28.5 -11.9
      vertex 135.033 28.5 -12.1581
    endloop
  endfacet
  facet normal -0.89588 -0 -0.444296
    outer loop
      vertex 134.905 28.5 -11.9
      vertex 135.033 23.7 -12.1581
      vertex 134.905 23.7 -11.9
    endloop
  endfacet
  facet normal 0.831301 0 -0.555822
    outer loop
      vertex 131.255 23.7 -11.6607
      vertex 131.095 28.5 -11.9
      vertex 131.255 28.5 -11.6607
    endloop
  endfacet
  facet normal 0.831301 0 -0.555822
    outer loop
      vertex 131.095 28.5 -11.9
      vertex 131.255 23.7 -11.6607
      vertex 131.095 23.7 -11.9
    endloop
  endfacet
  facet normal 0.89588 0 -0.444296
    outer loop
      vertex 131.095 23.7 -11.9
      vertex 130.967 28.5 -12.1581
      vertex 131.095 28.5 -11.9
    endloop
  endfacet
  facet normal 0.89588 0 -0.444296
    outer loop
      vertex 130.967 28.5 -12.1581
      vertex 131.095 23.7 -11.9
      vertex 130.967 23.7 -12.1581
    endloop
  endfacet
  facet normal 0.980874 0 -0.194645
    outer loop
      vertex 130.875 23.7 -12.4306
      vertex 130.819 28.5 -12.7128
      vertex 130.875 28.5 -12.4306
    endloop
  endfacet
  facet normal 0.980874 0 -0.194645
    outer loop
      vertex 130.819 28.5 -12.7128
      vertex 130.875 23.7 -12.4306
      vertex 130.819 23.7 -12.7128
    endloop
  endfacet
  facet normal -0.195447 0 -0.980714
    outer loop
      vertex 133.287 23.7 -10.8188
      vertex 133.569 28.5 -10.875
      vertex 133.569 23.7 -10.875
    endloop
  endfacet
  facet normal -0.195447 0 -0.980714
    outer loop
      vertex 133.569 28.5 -10.875
      vertex 133.287 23.7 -10.8188
      vertex 133.287 28.5 -10.8188
    endloop
  endfacet
  facet normal -0.442201 0 -0.896916
    outer loop
      vertex 133.842 23.7 -10.9675
      vertex 134.1 28.5 -11.0947
      vertex 134.1 23.7 -11.0947
    endloop
  endfacet
  facet normal -0.442201 0 -0.896916
    outer loop
      vertex 134.1 28.5 -11.0947
      vertex 133.842 23.7 -10.9675
      vertex 133.842 28.5 -10.9675
    endloop
  endfacet
  facet normal -0.658357 0 -0.752706
    outer loop
      vertex 134.339 23.7 -11.2546
      vertex 134.556 28.5 -11.4444
      vertex 134.556 23.7 -11.4444
    endloop
  endfacet
  facet normal -0.658357 0 -0.752706
    outer loop
      vertex 134.556 28.5 -11.4444
      vertex 134.339 23.7 -11.2546
      vertex 134.339 28.5 -11.2546
    endloop
  endfacet
  facet normal -0.753029 0 -0.657987
    outer loop
      vertex 134.745 23.7 -11.6607
      vertex 134.556 28.5 -11.4444
      vertex 134.745 28.5 -11.6607
    endloop
  endfacet
  facet normal -0.753029 -0 -0.657987
    outer loop
      vertex 134.556 28.5 -11.4444
      vertex 134.745 23.7 -11.6607
      vertex 134.556 23.7 -11.4444
    endloop
  endfacet
  facet normal 0.658357 0 -0.752706
    outer loop
      vertex 131.444 23.7 -11.4444
      vertex 131.661 28.5 -11.2546
      vertex 131.661 23.7 -11.2546
    endloop
  endfacet
  facet normal 0.658357 0 -0.752706
    outer loop
      vertex 131.661 28.5 -11.2546
      vertex 131.444 23.7 -11.4444
      vertex 131.444 28.5 -11.4444
    endloop
  endfacet
  facet normal 0.442201 0 -0.896916
    outer loop
      vertex 131.9 23.7 -11.0947
      vertex 132.158 28.5 -10.9675
      vertex 132.158 23.7 -10.9675
    endloop
  endfacet
  facet normal 0.442201 0 -0.896916
    outer loop
      vertex 132.158 28.5 -10.9675
      vertex 131.9 23.7 -11.0947
      vertex 131.9 28.5 -11.0947
    endloop
  endfacet
  facet normal 0.195447 0 -0.980714
    outer loop
      vertex 132.431 23.7 -10.875
      vertex 132.713 28.5 -10.8188
      vertex 132.713 23.7 -10.8188
    endloop
  endfacet
  facet normal 0.195447 0 -0.980714
    outer loop
      vertex 132.713 28.5 -10.8188
      vertex 132.431 23.7 -10.875
      vertex 132.431 28.5 -10.875
    endloop
  endfacet
  facet normal 0.320907 0 -0.947111
    outer loop
      vertex 132.158 23.7 -10.9675
      vertex 132.431 28.5 -10.875
      vertex 132.431 23.7 -10.875
    endloop
  endfacet
  facet normal 0.320907 0 -0.947111
    outer loop
      vertex 132.431 28.5 -10.875
      vertex 132.158 23.7 -10.9675
      vertex 132.158 28.5 -10.9675
    endloop
  endfacet
  facet normal 0.947459 0 -0.319876
    outer loop
      vertex 130.967 23.7 -12.1581
      vertex 130.875 28.5 -12.4306
      vertex 130.967 28.5 -12.1581
    endloop
  endfacet
  facet normal 0.947459 0 -0.319876
    outer loop
      vertex 130.875 28.5 -12.4306
      vertex 130.967 23.7 -12.1581
      vertex 130.875 23.7 -12.4306
    endloop
  endfacet
  facet normal -0.831301 0 -0.555822
    outer loop
      vertex 134.905 23.7 -11.9
      vertex 134.745 28.5 -11.6607
      vertex 134.905 28.5 -11.9
    endloop
  endfacet
  facet normal -0.831301 -0 -0.555822
    outer loop
      vertex 134.745 28.5 -11.6607
      vertex 134.905 23.7 -11.9
      vertex 134.745 23.7 -11.6607
    endloop
  endfacet
  facet normal 0.556064 0 -0.83114
    outer loop
      vertex 131.661 23.7 -11.2546
      vertex 131.9 28.5 -11.0947
      vertex 131.9 23.7 -11.0947
    endloop
  endfacet
  facet normal 0.556064 0 -0.83114
    outer loop
      vertex 131.9 28.5 -11.0947
      vertex 131.661 23.7 -11.2546
      vertex 131.661 28.5 -11.2546
    endloop
  endfacet
  facet normal 0.753029 0 -0.657987
    outer loop
      vertex 131.444 23.7 -11.4444
      vertex 131.255 28.5 -11.6607
      vertex 131.444 28.5 -11.4444
    endloop
  endfacet
  facet normal 0.753029 0 -0.657987
    outer loop
      vertex 131.255 28.5 -11.6607
      vertex 131.444 23.7 -11.4444
      vertex 131.255 23.7 -11.6607
    endloop
  endfacet
endsolid OpenSCAD_Model
